# onion skin A3e/A3f capture stream (dedicated thread)
# comp	1920	1080
t_ms	pw	ph	sx	sy	tx	ty	axis_diff_pct	cost_ms	status	nx	ny	why_x	why_y
5041.724	1280	567	0.334028	0.333951	295.33	125.67	0.023	22.9898	ok	3	3	ok	ok
5067.330	1280	567	0.334028	0.333951	295.33	125.67	0.023	28.2017	ok	3	3	ok	ok
5086.071	1280	567	0.334028	0.333951	295.33	125.67	0.023	9.2610	ok	3	3	ok	ok
5102.927	1280	567	0.334028	0.333951	295.33	125.67	0.023	24.4361	ok	3	3	ok	ok
5122.888	1280	567	0.334028	0.333951	295.33	125.67	0.023	15.4663	ok	3	3	ok	ok
5138.971	1280	567	0.334028	0.333951	295.33	125.67	0.023	16.6774	ok	3	3	ok	ok
5155.578	1280	567	0.334028	0.333951	295.33	125.67	0.023	16.5145	ok	3	3	ok	ok
5172.195	1280	567	0.334028	0.333951	295.33	125.67	0.023	16.6923	ok	3	3	ok	ok
5189.128	1280	567	0.334028	0.333951	295.33	125.67	0.023	17.1513	ok	3	3	ok	ok
5206.412	1280	567	0.334028	0.333951	295.33	125.67	0.023	17.3960	ok	3	3	ok	ok
5222.774	1280	567	0.334028	0.333951	295.33	125.67	0.023	15.3072	ok	3	3	ok	ok
5238.949	1280	567	0.334028	0.333951	295.33	125.67	0.023	17.0199	ok	3	3	ok	ok
5256.029	1280	567	0.334028	0.333951	295.33	125.67	0.023	17.1214	ok	3	3	ok	ok
5272.681	1280	567	0.334028	0.333951	295.33	125.67	0.023	16.1621	ok	3	3	ok	ok
5289.035	1280	567	0.334028	0.333951	295.33	125.67	0.023	16.5258	ok	3	3	ok	ok
5305.757	1280	567	0.334028	0.333951	295.33	125.67	0.023	16.8963	ok	3	3	ok	ok
5322.461	1280	567	0.334028	0.333951	295.33	125.67	0.023	16.4919	ok	3	3	ok	ok
5339.523	1280	567	0.334028	0.333951	295.33	125.67	0.023	17.6118	ok	3	3	ok	ok
5353.052	1280	567	0.334028	0.333951	295.33	125.67	0.023	9.4267	ok	3	3	ok	ok
5369.267	1280	567	0.334028	0.333951	295.33	125.67	0.023	22.9866	ok	3	3	ok	ok
5389.089	1280	567	0.334028	0.333951	295.33	125.67	0.023	16.6269	ok	3	3	ok	ok
5405.889	1280	567	0.334028	0.333951	295.33	125.67	0.023	16.9529	ok	3	3	ok	ok
5422.457	1280	567	0.334028	0.333951	295.33	125.67	0.023	16.1629	ok	3	3	ok	ok
5438.919	1280	567	0.334028	0.333951	295.33	125.67	0.023	16.7450	ok	3	3	ok	ok
5455.673	1280	567	0.334028	0.333951	295.33	125.67	0.023	16.7434	ok	3	3	ok	ok
5472.454	1280	567	0.334028	0.333951	295.33	125.67	0.023	16.7907	ok	3	3	ok	ok
5489.458	1280	567	0.334028	0.333951	295.33	125.67	0.023	17.1975	ok	3	3	ok	ok
5502.887	1280	567	0.334028	0.333951	295.33	125.67	0.023	9.6403	ok	3	3	ok	ok
5519.399	1280	567	0.334028	0.333951	295.33	125.67	0.023	23.3677	ok	3	3	ok	ok
5535.970	1280	567	0.334028	0.333951	295.33	125.67	0.023	9.7528	ok	3	3	ok	ok
5552.437	1280	567	0.334028	0.333951	295.33	125.67	0.023	23.1652	ok	3	3	ok	ok
5572.279	1280	567	0.334028	0.333951	295.33	125.67	0.023	16.4973	ok	3	3	ok	ok
5589.417	1280	567	0.334028	0.333951	295.33	125.67	0.023	17.7622	ok	3	3	ok	ok
5602.931	1280	567	0.334028	0.333951	295.33	125.67	0.023	9.2479	ok	3	3	ok	ok
5619.087	1280	567	0.334028	0.333951	295.33	125.67	0.023	23.0454	ok	3	3	ok	ok
5639.327	1280	567	0.334028	0.333951	295.33	125.67	0.023	17.4141	ok	3	3	ok	ok
5652.769	1280	567	0.334028	0.333951	295.33	125.67	0.023	9.4509	ok	3	3	ok	ok
5669.025	1280	567	0.334028	0.333951	295.33	125.67	0.023	23.0419	ok	3	3	ok	ok
5688.945	1280	567	0.334028	0.333951	295.33	125.67	0.023	16.7764	ok	3	3	ok	ok
5706.144	1280	567	0.334028	0.333951	295.33	125.67	0.023	17.6028	ok	3	3	ok	ok
5722.773	1280	567	0.334028	0.333951	295.33	125.67	0.023	15.6323	ok	3	3	ok	ok
5739.070	1280	567	0.334028	0.333951	295.33	125.67	0.023	16.9398	ok	3	3	ok	ok
5755.808	1280	567	0.334028	0.333951	295.33	125.67	0.023	16.5146	ok	3	3	ok	ok
5772.368	1280	567	0.334028	0.333951	295.33	125.67	0.023	16.5814	ok	3	3	ok	ok
5788.863	1280	567	0.334028	0.333951	295.33	125.67	0.023	16.3892	ok	3	3	ok	ok
5805.460	1280	567	0.334028	0.333951	295.33	125.67	0.023	16.7898	ok	3	3	ok	ok
5822.237	1280	567	0.334028	0.333951	295.33	125.67	0.023	16.7423	ok	3	3	ok	ok
5839.169	1280	567	0.334028	0.333951	295.33	125.67	0.023	17.1029	ok	3	3	ok	ok
5856.133	1280	567	0.334028	0.333951	295.33	125.67	0.023	16.8099	ok	3	3	ok	ok
5872.612	1280	567	0.334028	0.333951	295.33	125.67	0.023	16.1269	ok	3	3	ok	ok
5889.151	1280	567	0.334028	0.333951	295.33	125.67	0.023	16.9308	ok	3	3	ok	ok
5906.034	1280	567	0.334028	0.333951	295.33	125.67	0.023	16.8175	ok	3	3	ok	ok
5922.676	1280	567	0.334028	0.333951	295.33	125.67	0.023	16.2666	ok	3	3	ok	ok
5939.033	1280	567	0.334028	0.333951	295.33	125.67	0.023	16.4272	ok	3	3	ok	ok
5955.759	1280	567	0.334028	0.333951	295.33	125.67	0.023	17.0005	ok	3	3	ok	ok
5972.303	1280	567	0.334028	0.333951	295.33	125.67	0.023	16.0650	ok	3	3	ok	ok
5989.130	1280	567	0.334028	0.333951	295.33	125.67	0.023	17.5680	ok	3	3	ok	ok
6005.885	1280	567	0.334028	0.333951	295.33	125.67	0.023	15.9205	ok	3	3	ok	ok
6022.190	1280	567	0.334028	0.333951	295.33	125.67	0.023	16.6668	ok	3	3	ok	ok
6038.972	1280	567	0.334028	0.333951	295.33	125.67	0.023	16.8782	ok	3	3	ok	ok
6055.889	1280	567	0.334028	0.333951	295.33	125.67	0.023	16.9227	ok	3	3	ok	ok
6072.637	1280	567	0.334028	0.333951	295.33	125.67	0.023	16.5539	ok	3	3	ok	ok
6089.281	1280	567	0.334028	0.333951	295.33	125.67	0.023	16.7216	ok	3	3	ok	ok
6106.259	1280	567	0.334028	0.333951	295.33	125.67	0.023	17.2177	ok	3	3	ok	ok
6124.223	1280	567	0.334028	0.333951	295.33	125.67	0.023	18.6901	ok	3	3	ok	ok
6140.895	1280	567	0.334028	0.333951	295.33	125.67	0.023	14.6347	ok	3	3	ok	ok
6156.405	1280	567	0.334028	0.333951	295.33	125.67	0.023	16.3636	ok	3	3	ok	ok
6172.591	1280	567	0.334028	0.333951	295.33	125.67	0.023	15.9893	ok	3	3	ok	ok
6188.888	1280	567	0.334028	0.333951	295.33	125.67	0.023	16.5849	ok	3	3	ok	ok
6206.057	1280	567	0.334028	0.333951	295.33	125.67	0.023	17.7331	ok	3	3	ok	ok
6222.857	1280	567	0.334028	0.333951	295.33	125.67	0.023	15.8453	ok	3	3	ok	ok
6238.957	1280	567	0.334028	0.333951	295.33	125.67	0.023	16.3335	ok	3	3	ok	ok
6255.457	1280	567	0.334028	0.333951	295.33	125.67	0.023	16.6433	ok	3	3	ok	ok
6272.335	1280	567	0.334028	0.333951	295.33	125.67	0.023	17.0940	ok	3	3	ok	ok
6289.237	1280	567	0.334028	0.333951	295.33	125.67	0.023	16.6873	ok	3	3	ok	ok
6305.950	1280	567	0.334028	0.333951	295.33	125.67	0.023	16.7200	ok	3	3	ok	ok
6322.581	1280	567	0.334028	0.333951	295.33	125.67	0.023	16.5144	ok	3	3	ok	ok
6339.357	1280	567	0.334028	0.333951	295.33	125.67	0.023	17.0217	ok	3	3	ok	ok
6356.109	1280	567	0.334028	0.333951	295.33	125.67	0.023	16.4703	ok	3	3	ok	ok
6372.520	1280	567	0.334028	0.333951	295.33	125.67	0.023	16.3216	ok	3	3	ok	ok
6389.044	1280	567	0.334028	0.333951	295.33	125.67	0.023	16.7090	ok	3	3	ok	ok
6402.721	1280	567	0.334028	0.333951	295.33	125.67	0.023	10.6252	ok	3	3	ok	ok
6419.414	1280	567	0.334028	0.333951	295.33	125.67	0.023	22.7435	ok	3	3	ok	ok
6439.028	1280	567	0.334028	0.333951	295.33	125.67	0.023	16.4625	ok	3	3	ok	ok
6455.562	1280	567	0.334028	0.333951	295.33	125.67	0.023	16.5857	ok	3	3	ok	ok
6472.588	1280	567	0.334028	0.333951	295.33	125.67	0.023	17.4436	ok	3	3	ok	ok
6489.316	1280	567	0.334028	0.333951	295.33	125.67	0.023	15.9918	ok	3	3	ok	ok
6505.828	1280	567	0.334028	0.333951	295.33	125.67	0.023	17.0114	ok	3	3	ok	ok
6522.556	1280	567	0.334028	0.333951	295.33	125.67	0.023	16.4237	ok	3	3	ok	ok
6538.949	1280	567	0.334028	0.333951	295.33	125.67	0.023	16.3394	ok	3	3	ok	ok
6555.624	1280	567	0.334028	0.333951	295.33	125.67	0.023	16.9919	ok	3	3	ok	ok
6572.653	1280	567	0.334028	0.333951	295.33	125.67	0.023	17.0448	ok	3	3	ok	ok
6586.006	1280	567	0.334028	0.333951	295.33	125.67	0.023	9.6484	ok	3	3	ok	ok
6602.444	1280	567	0.334028	0.333951	295.33	125.67	0.023	23.2101	ok	3	3	ok	ok
6622.313	1280	567	0.334028	0.333951	295.33	125.67	0.023	16.5082	ok	3	3	ok	ok
6639.209	1280	567	0.334028	0.333951	295.33	125.67	0.023	17.2692	ok	3	3	ok	ok
6656.212	1280	567	0.334028	0.333951	295.33	125.67	0.023	16.7226	ok	3	3	ok	ok
6669.458	1280	567	0.334028	0.333951	295.33	125.67	0.023	9.7482	ok	3	3	ok	ok
6685.967	1280	567	0.334028	0.333951	295.33	125.67	0.023	23.2514	ok	3	3	ok	ok
6706.280	1280	567	0.334028	0.333951	295.33	125.67	0.023	17.3560	ok	3	3	ok	ok
6722.745	1280	567	0.334028	0.333951	295.33	125.67	0.023	15.5503	ok	3	3	ok	ok
6738.861	1280	567	0.334028	0.333951	295.33	125.67	0.023	16.6619	ok	3	3	ok	ok
6755.652	1280	567	0.334028	0.333951	295.33	125.67	0.023	16.9007	ok	3	3	ok	ok
6772.660	1280	567	0.334028	0.333951	295.33	125.67	0.023	17.0947	ok	3	3	ok	ok
6789.255	1280	567	0.334028	0.333951	295.33	125.67	0.023	16.0749	ok	3	3	ok	ok
6805.489	1280	567	0.334028	0.333951	295.33	125.67	0.023	16.2187	ok	3	3	ok	ok
6822.035	1280	567	0.334028	0.333951	295.33	125.67	0.023	16.8514	ok	3	3	ok	ok
6838.858	1280	567	0.334028	0.333951	295.33	125.67	0.023	16.7794	ok	3	3	ok	ok
6855.758	1280	567	0.334028	0.333951	295.33	125.67	0.023	16.9909	ok	3	3	ok	ok
6872.516	1280	567	0.334028	0.333951	295.33	125.67	0.023	16.5038	ok	3	3	ok	ok
6889.163	1280	567	0.334028	0.333951	295.33	125.67	0.023	16.7656	ok	3	3	ok	ok
6906.001	1280	567	0.334028	0.333951	295.33	125.67	0.023	16.8974	ok	3	3	ok	ok
6919.313	1280	567	0.334028	0.333951	295.33	125.67	0.023	9.7062	ok	3	3	ok	ok
6935.747	1280	567	0.334028	0.333951	295.33	125.67	0.023	23.1434	ok	3	3	ok	ok
6955.958	1280	567	0.334028	0.333951	295.33	125.67	0.023	17.2580	ok	3	3	ok	ok
6972.594	1280	567	0.334028	0.333951	295.33	125.67	0.023	15.9921	ok	3	3	ok	ok
6988.950	1280	567	0.334028	0.333951	295.33	125.67	0.023	16.6992	ok	3	3	ok	ok
7005.661	1280	567	0.334028	0.333951	295.33	125.67	0.023	16.7008	ok	3	3	ok	ok
7022.497	1280	567	0.334028	0.333951	295.33	125.67	0.023	16.9505	ok	3	3	ok	ok
7039.143	1280	567	0.334028	0.333951	295.33	125.67	0.023	16.3212	ok	3	3	ok	ok
7055.666	1280	567	0.334028	0.333951	295.33	125.67	0.023	16.7054	ok	3	3	ok	ok
7072.217	1280	567	0.334028	0.333951	295.33	125.67	0.023	16.3745	ok	3	3	ok	ok
7089.087	1280	567	0.334028	0.333951	295.33	125.67	0.023	17.3451	ok	3	3	ok	ok
7105.795	1280	567	0.334028	0.333951	295.33	125.67	0.023	16.0512	ok	3	3	ok	ok
7122.285	1280	567	0.334028	0.333951	295.33	125.67	0.023	16.9073	ok	3	3	ok	ok
7139.254	1280	567	0.334028	0.333951	295.33	125.67	0.023	17.0108	ok	3	3	ok	ok
7155.940	1280	567	0.334028	0.333951	295.33	125.67	0.023	16.3399	ok	3	3	ok	ok
7172.436	1280	567	0.334028	0.333951	295.33	125.67	0.023	16.6321	ok	3	3	ok	ok
7189.019	1280	567	0.334028	0.333951	295.33	125.67	0.023	16.5143	ok	3	3	ok	ok
7205.525	1280	567	0.334028	0.333951	295.33	125.67	0.023	16.4765	ok	3	3	ok	ok
7222.742	1280	567	0.334028	0.333951	295.33	125.67	0.023	17.9367	ok	3	3	ok	ok
7239.487	1280	567	0.334028	0.333951	295.33	125.67	0.023	15.5312	ok	3	3	ok	ok
7255.683	1280	567	0.334028	0.333951	295.33	125.67	0.023	16.8377	ok	3	3	ok	ok
7272.264	1280	567	0.334028	0.333951	295.33	125.67	0.023	16.3006	ok	3	3	ok	ok
7288.879	1280	567	0.334028	0.333951	295.33	125.67	0.023	16.9080	ok	3	3	ok	ok
7305.860	1280	567	0.334028	0.333951	295.33	125.67	0.023	17.0322	ok	3	3	ok	ok
7322.436	1280	567	0.334028	0.333951	295.33	125.67	0.023	16.0978	ok	3	3	ok	ok
7338.988	1280	567	0.334028	0.333951	295.33	125.67	0.023	16.9914	ok	3	3	ok	ok
7355.914	1280	567	0.334028	0.333951	295.33	125.67	0.023	16.8440	ok	3	3	ok	ok
7372.566	1280	567	0.334028	0.333951	295.33	125.67	0.023	16.4384	ok	3	3	ok	ok
7389.269	1280	567	0.334028	0.333951	295.33	125.67	0.023	16.9497	ok	3	3	ok	ok
7402.802	1280	567	0.334028	0.333951	295.33	125.67	0.023	10.0954	ok	3	3	ok	ok
7419.171	1280	567	0.334028	0.333951	295.33	125.67	0.023	22.6233	ok	3	3	ok	ok
7438.916	1280	567	0.334028	0.333951	295.33	125.67	0.023	16.8443	ok	3	3	ok	ok
7455.674	1280	567	0.334028	0.333951	295.33	125.67	0.023	16.6495	ok	3	3	ok	ok
7472.149	1280	567	0.334028	0.333951	295.33	125.67	0.023	16.2786	ok	3	3	ok	ok
7488.814	1280	567	0.334028	0.333951	295.33	125.67	0.023	17.0294	ok	3	3	ok	ok
7505.833	1280	567	0.334028	0.333951	295.33	125.67	0.023	16.9850	ok	3	3	ok	ok
7522.771	1280	567	0.334028	0.333951	295.33	125.67	0.023	16.8699	ok	3	3	ok	ok
7539.289	1280	567	0.334028	0.333951	295.33	125.67	0.023	16.1452	ok	3	3	ok	ok
7555.666	1280	567	0.334028	0.333951	295.33	125.67	0.023	16.5960	ok	3	3	ok	ok
7572.427	1280	567	0.334028	0.333951	295.33	125.67	0.023	16.9038	ok	3	3	ok	ok
7589.041	1280	567	0.334028	0.333951	295.33	125.67	0.023	16.3098	ok	3	3	ok	ok
7605.582	1280	567	0.334028	0.333951	295.33	125.67	0.023	16.7520	ok	3	3	ok	ok
7622.665	1280	567	0.334028	0.333951	295.33	125.67	0.023	17.3938	ok	3	3	ok	ok
7636.145	1280	567	0.334028	0.333951	295.33	125.67	0.023	9.5475	ok	3	3	ok	ok
7652.479	1280	567	0.334028	0.333951	295.33	125.67	0.023	23.1011	ok	3	3	ok	ok
7672.148	1280	567	0.334028	0.333951	295.33	125.67	0.023	16.2179	ok	3	3	ok	ok
7688.818	1280	567	0.334028	0.333951	295.33	125.67	0.023	17.0444	ok	3	3	ok	ok
7705.759	1280	567	0.334028	0.333951	295.33	125.67	0.023	16.8182	ok	3	3	ok	ok
7722.596	1280	567	0.334028	0.333951	295.33	125.67	0.023	16.8277	ok	3	3	ok	ok
7739.596	1280	567	0.334028	0.333951	295.33	125.67	0.023	17.1480	ok	3	3	ok	ok
7756.075	1280	567	0.334028	0.333951	295.33	125.67	0.023	15.7903	ok	3	3	ok	ok
7772.265	1280	567	0.334028	0.333951	295.33	125.67	0.023	16.5684	ok	3	3	ok	ok
7788.997	1280	567	0.334028	0.333951	295.33	125.67	0.023	16.8753	ok	3	3	ok	ok
7805.692	1280	567	0.334028	0.333951	295.33	125.67	0.023	16.4997	ok	3	3	ok	ok
7822.222	1280	567	0.334028	0.333951	295.33	125.67	0.023	16.5400	ok	3	3	ok	ok
7838.895	1280	567	0.334028	0.333951	295.33	125.67	0.023	16.7754	ok	3	3	ok	ok
7855.747	1280	567	0.334028	0.333951	295.33	125.67	0.023	16.9115	ok	3	3	ok	ok
7872.556	1280	567	0.334028	0.333951	295.33	125.67	0.023	16.6857	ok	3	3	ok	ok
7889.154	1280	567	0.334028	0.333951	295.33	125.67	0.023	16.4909	ok	3	3	ok	ok
7905.752	1280	567	0.334028	0.333951	295.33	125.67	0.023	16.6884	ok	3	3	ok	ok
7922.262	1280	567	0.334028	0.333951	295.33	125.67	0.023	16.3093	ok	3	3	ok	ok
7938.857	1280	567	0.334028	0.333951	295.33	125.67	0.023	16.8583	ok	3	3	ok	ok
7955.540	1280	567	0.334028	0.333951	295.33	125.67	0.023	16.4844	ok	3	3	ok	ok
7972.094	1280	567	0.334028	0.333951	295.33	125.67	0.023	16.6031	ok	3	3	ok	ok
7988.705	1280	567	0.334028	0.333951	295.33	125.67	0.023	16.5987	ok	3	3	ok	ok
8005.312	1280	567	0.334028	0.333951	295.33	125.67	0.023	16.5914	ok	3	3	ok	ok
8022.291	1280	567	0.334028	0.333951	295.33	125.67	0.023	17.3474	ok	3	3	ok	ok
8039.320	1280	567	0.334028	0.333951	295.33	125.67	0.023	16.6886	ok	3	3	ok	ok
8055.860	1280	567	0.334028	0.333951	295.33	125.67	0.023	16.3850	ok	3	3	ok	ok
8072.590	1280	567	0.334028	0.333951	295.33	125.67	0.023	17.0538	ok	3	3	ok	ok
8089.622	1280	567	0.334028	0.333951	295.33	125.67	0.023	16.9959	ok	3	3	ok	ok
8106.234	1280	567	0.334028	0.333951	295.33	125.67	0.023	16.2137	ok	3	3	ok	ok
8122.650	1280	567	0.334028	0.333951	295.33	125.67	0.023	16.5960	ok	3	3	ok	ok
8139.219	1280	567	0.334028	0.333951	295.33	125.67	0.023	16.5208	ok	3	3	ok	ok
8155.769	1280	567	0.334028	0.333951	295.33	125.67	0.023	16.5513	ok	3	3	ok	ok
8172.616	1280	567	0.334028	0.333951	295.33	125.67	0.023	17.1212	ok	3	3	ok	ok
8189.286	1280	567	0.334028	0.333951	295.33	125.67	0.023	16.1981	ok	3	3	ok	ok
8206.018	1280	567	0.334028	0.333951	295.33	125.67	0.023	17.2463	ok	3	3	ok	ok
8222.594	1280	567	0.334028	0.333951	295.33	125.67	0.023	15.8848	ok	3	3	ok	ok
8238.884	1280	567	0.334028	0.333951	295.33	125.67	0.023	16.6725	ok	3	3	ok	ok
8256.240	1280	567	0.334028	0.333951	295.33	125.67	0.023	18.0192	ok	3	3	ok	ok
8272.960	1280	567	0.334028	0.333951	295.33	125.67	0.023	15.4014	ok	3	3	ok	ok
8289.140	1280	567	0.334028	0.333951	295.33	125.67	0.023	16.9381	ok	3	3	ok	ok
8305.948	1280	567	0.334028	0.333951	295.33	125.67	0.023	16.6413	ok	3	3	ok	ok
8322.662	1280	567	0.334028	0.333951	295.33	125.67	0.023	16.7659	ok	3	3	ok	ok
8339.526	1280	567	0.334028	0.333951	295.33	125.67	0.023	16.8012	ok	3	3	ok	ok
8356.211	1280	567	0.334028	0.333951	295.33	125.67	0.023	16.5522	ok	3	3	ok	ok
8372.538	1280	567	0.334028	0.333951	295.33	125.67	0.023	16.0810	ok	3	3	ok	ok
8388.868	1280	567	0.334028	0.333951	295.33	125.67	0.023	16.5613	ok	3	3	ok	ok
8405.403	1280	567	0.334028	0.333951	295.33	125.67	0.023	16.4932	ok	3	3	ok	ok
8422.202	1280	567	0.334028	0.333951	295.33	125.67	0.023	17.0823	ok	3	3	ok	ok
8439.018	1280	567	0.334028	0.333951	295.33	125.67	0.023	16.5284	ok	3	3	ok	ok
8455.967	1280	567	0.334028	0.333951	295.33	125.67	0.023	17.3476	ok	3	3	ok	ok
8469.803	1280	567	0.334028	0.333951	295.33	125.67	0.023	10.3031	ok	3	3	ok	ok
8486.034	1280	567	0.334028	0.333951	295.33	125.67	0.023	22.1411	ok	3	3	ok	ok
8505.465	1280	567	0.334028	0.333951	295.33	125.67	0.023	16.6979	ok	3	3	ok	ok
8522.565	1280	567	0.334028	0.333951	295.33	125.67	0.023	17.4817	ok	3	3	ok	ok
8539.508	1280	567	0.334028	0.333951	295.33	125.67	0.023	16.3840	ok	3	3	ok	ok
8555.819	1280	567	0.334028	0.333951	295.33	125.67	0.023	16.2242	ok	3	3	ok	ok
8572.166	1280	567	0.334028	0.333951	295.33	125.67	0.023	16.4386	ok	3	3	ok	ok
8588.912	1280	567	0.334028	0.333951	295.33	125.67	0.023	16.9069	ok	3	3	ok	ok
8605.951	1280	567	0.334028	0.333951	295.33	125.67	0.023	17.1514	ok	3	3	ok	ok
8619.199	1280	567	0.334028	0.333951	295.33	125.67	0.023	9.3221	ok	3	3	ok	ok
8635.594	1280	567	0.334028	0.333951	295.33	125.67	0.023	23.4481	ok	3	3	ok	ok
8655.920	1280	567	0.334028	0.333951	295.33	125.67	0.023	17.1902	ok	3	3	ok	ok
8672.523	1280	567	0.334028	0.333951	295.33	125.67	0.023	15.9943	ok	3	3	ok	ok
8688.932	1280	567	0.334028	0.333951	295.33	125.67	0.023	16.8042	ok	3	3	ok	ok
8705.549	1280	567	0.334028	0.333951	295.33	125.67	0.023	16.4093	ok	3	3	ok	ok
8722.410	1280	567	0.334028	0.333951	295.33	125.67	0.023	17.2913	ok	3	3	ok	ok
8739.184	1280	567	0.334028	0.333951	295.33	125.67	0.023	16.2385	ok	3	3	ok	ok
8755.978	1280	567	0.334028	0.333951	295.33	125.67	0.023	17.3275	ok	3	3	ok	ok
8773.145	1280	567	0.334028	0.333951	295.33	125.67	0.023	16.9828	ok	3	3	ok	ok
8789.542	1280	567	0.334028	0.333951	295.33	125.67	0.023	15.7903	ok	3	3	ok	ok
8805.681	1280	567	0.334028	0.333951	295.33	125.67	0.023	16.4746	ok	3	3	ok	ok
8822.573	1280	567	0.334028	0.333951	295.33	125.67	0.023	17.2887	ok	3	3	ok	ok
8839.382	1280	567	0.334028	0.333951	295.33	125.67	0.023	16.3124	ok	3	3	ok	ok
8855.912	1280	567	0.334028	0.333951	295.33	125.67	0.023	16.7317	ok	3	3	ok	ok
8872.688	1280	567	0.334028	0.333951	295.33	125.67	0.023	16.7995	ok	3	3	ok	ok
8886.071	1280	567	0.334028	0.333951	295.33	125.67	0.023	9.9474	ok	3	3	ok	ok
8902.457	1280	567	0.334028	0.333951	295.33	125.67	0.023	22.8054	ok	3	3	ok	ok
8922.204	1280	567	0.334028	0.333951	295.33	125.67	0.023	16.6694	ok	3	3	ok	ok
8938.927	1280	567	0.334028	0.333951	295.33	125.67	0.023	16.7555	ok	3	3	ok	ok
8955.681	1280	567	0.334028	0.333951	295.33	125.67	0.023	16.7337	ok	3	3	ok	ok
8972.378	1280	567	0.334028	0.333951	295.33	125.67	0.023	16.6391	ok	3	3	ok	ok
8988.953	1280	567	0.334028	0.333951	295.33	125.67	0.023	16.4912	ok	3	3	ok	ok
9005.733	1280	567	0.334028	0.333951	295.33	125.67	0.023	17.0475	ok	3	3	ok	ok
9022.726	1280	567	0.334028	0.333951	295.33	125.67	0.023	16.9182	ok	3	3	ok	ok
9039.547	1280	567	0.334028	0.333951	295.33	125.67	0.023	16.7031	ok	3	3	ok	ok
9056.117	1280	567	0.334028	0.333951	295.33	125.67	0.023	16.4192	ok	3	3	ok	ok
9072.532	1280	567	0.334028	0.333951	295.33	125.67	0.023	16.3803	ok	3	3	ok	ok
9089.246	1280	567	0.334028	0.333951	295.33	125.67	0.023	17.0277	ok	3	3	ok	ok
9106.070	1280	567	0.334028	0.333951	295.33	125.67	0.023	16.6054	ok	3	3	ok	ok
9122.723	1280	567	0.334028	0.333951	295.33	125.67	0.023	16.6774	ok	3	3	ok	ok
9139.421	1280	567	0.334028	0.333951	295.33	125.67	0.023	16.7000	ok	3	3	ok	ok
9156.205	1280	567	0.334028	0.333951	295.33	125.67	0.023	16.8478	ok	3	3	ok	ok
9172.585	1280	567	0.334028	0.333951	295.33	125.67	0.023	15.8909	ok	3	3	ok	ok
9189.154	1280	567	0.334028	0.333951	295.33	125.67	0.023	17.2285	ok	3	3	ok	ok
9206.039	1280	567	0.334028	0.333951	295.33	125.67	0.023	16.5215	ok	3	3	ok	ok
9222.679	1280	567	0.334028	0.333951	295.33	125.67	0.023	16.7382	ok	3	3	ok	ok
9239.220	1280	567	0.334028	0.333951	295.33	125.67	0.023	16.3221	ok	3	3	ok	ok
9255.829	1280	567	0.334028	0.333951	295.33	125.67	0.023	16.8768	ok	3	3	ok	ok
9273.454	1280	567	0.334028	0.333951	295.33	125.67	0.023	18.3521	ok	3	3	ok	ok
9289.821	1280	567	0.334028	0.333951	295.33	125.67	0.023	14.3592	ok	3	3	ok	ok
9305.765	1280	567	0.334028	0.333951	295.33	125.67	0.023	17.5009	ok	3	3	ok	ok
9322.781	1280	567	0.334028	0.333951	295.33	125.67	0.023	16.5110	ok	3	3	ok	ok
9339.175	1280	567	0.334028	0.333951	295.33	125.67	0.023	16.2443	ok	3	3	ok	ok
9355.840	1280	567	0.334028	0.333951	295.33	125.67	0.023	17.0723	ok	3	3	ok	ok
9372.717	1280	567	0.334028	0.333951	295.33	125.67	0.023	16.6628	ok	3	3	ok	ok
9389.386	1280	567	0.334028	0.333951	295.33	125.67	0.023	16.6588	ok	3	3	ok	ok
9405.891	1280	567	0.334028	0.333951	295.33	125.67	0.023	16.3383	ok	3	3	ok	ok
9422.969	1280	567	0.334028	0.333951	295.33	125.67	0.023	17.7972	ok	3	3	ok	ok
9436.597	1280	567	0.334028	0.333951	295.33	125.67	0.023	9.4367	ok	3	3	ok	ok
9452.675	1280	567	0.334028	0.333951	295.33	125.67	0.023	22.7021	ok	3	3	ok	ok
9472.400	1280	567	0.334028	0.333951	295.33	125.67	0.023	16.6666	ok	3	3	ok	ok
9489.004	1280	567	0.334028	0.333951	295.33	125.67	0.023	16.5198	ok	3	3	ok	ok
9505.558	1280	567	0.334028	0.333951	295.33	125.67	0.023	16.5694	ok	3	3	ok	ok
9522.813	1280	567	0.334028	0.333951	295.33	125.67	0.023	17.9198	ok	3	3	ok	ok
9536.260	1280	567	0.334028	0.333951	295.33	125.67	0.023	8.9510	ok	3	3	ok	ok
9552.640	1280	567	0.334028	0.333951	295.33	125.67	0.023	23.7898	ok	3	3	ok	ok
9572.696	1280	567	0.334028	0.333951	295.33	125.67	0.023	16.3032	ok	3	3	ok	ok
9589.181	1280	567	0.334028	0.333951	295.33	125.67	0.023	16.6448	ok	3	3	ok	ok
9605.764	1280	567	0.334028	0.333951	295.33	125.67	0.023	16.5020	ok	3	3	ok	ok
9622.306	1280	567	0.334028	0.333951	295.33	125.67	0.023	16.5591	ok	3	3	ok	ok
9639.221	1280	567	0.334028	0.333951	295.33	125.67	0.023	17.2577	ok	3	3	ok	ok
9656.241	1280	567	0.334028	0.333951	295.33	125.67	0.023	16.7652	ok	3	3	ok	ok
9672.774	1280	567	0.334028	0.333951	295.33	125.67	0.023	16.2811	ok	3	3	ok	ok
9689.142	1280	567	0.334028	0.333951	295.33	125.67	0.023	16.4328	ok	3	3	ok	ok
9705.853	1280	567	0.334028	0.333951	295.33	125.67	0.023	16.9669	ok	3	3	ok	ok
9722.674	1280	567	0.334028	0.333951	295.33	125.67	0.023	16.6540	ok	3	3	ok	ok
9739.121	1280	567	0.334028	0.333951	295.33	125.67	0.023	16.2215	ok	3	3	ok	ok
9755.628	1280	567	0.334028	0.333951	295.33	125.67	0.023	16.7676	ok	3	3	ok	ok
9772.927	1280	567	0.334028	0.333951	295.33	125.67	0.023	17.8102	ok	3	3	ok	ok
9789.627	1280	567	0.334028	0.333951	295.33	125.67	0.023	15.5688	ok	3	3	ok	ok
9805.855	1280	567	0.334028	0.333951	295.33	125.67	0.023	16.8588	ok	3	3	ok	ok
9822.366	1280	567	0.334028	0.333951	295.33	125.67	0.023	16.1348	ok	3	3	ok	ok
9839.035	1280	567	0.334028	0.333951	295.33	125.67	0.023	17.1886	ok	3	3	ok	ok
9856.045	1280	567	0.334028	0.333951	295.33	125.67	0.023	16.8172	ok	3	3	ok	ok
9872.553	1280	567	0.334028	0.333951	295.33	125.67	0.023	16.1705	ok	3	3	ok	ok
9889.213	1280	567	0.334028	0.333951	295.33	125.67	0.023	17.1254	ok	3	3	ok	ok
9905.871	1280	567	0.334028	0.333951	295.33	125.67	0.023	16.1707	ok	3	3	ok	ok
9922.444	1280	567	0.334028	0.333951	295.33	125.67	0.023	16.9524	ok	3	3	ok	ok
9939.521	1280	567	0.334028	0.333951	295.33	125.67	0.023	17.1791	ok	3	3	ok	ok
9956.347	1280	567	0.334028	0.333951	295.33	125.67	0.023	16.4492	ok	3	3	ok	ok
9972.668	1280	567	0.334028	0.333951	295.33	125.67	0.023	16.1734	ok	3	3	ok	ok
9989.054	1280	567	0.334028	0.333951	295.33	125.67	0.023	16.5770	ok	3	3	ok	ok
10005.851	1280	567	0.334028	0.333951	295.33	125.67	0.023	16.9967	ok	3	3	ok	ok
10022.575	1280	567	0.334028	0.333951	295.33	125.67	0.023	16.4285	ok	3	3	ok	ok
10039.123	1280	567	0.334028	0.333951	295.33	125.67	0.023	16.6406	ok	3	3	ok	ok
10055.954	1280	567	0.334028	0.333951	295.33	125.67	0.023	16.9999	ok	3	3	ok	ok
10072.727	1280	567	0.334028	0.333951	295.33	125.67	0.023	16.5270	ok	3	3	ok	ok
10089.268	1280	567	0.334028	0.333951	295.33	125.67	0.023	16.5311	ok	3	3	ok	ok
10106.040	1280	567	0.334028	0.333951	295.33	125.67	0.023	17.0008	ok	3	3	ok	ok
10122.799	1280	567	0.334028	0.333951	295.33	125.67	0.023	16.4958	ok	3	3	ok	ok
10139.471	1280	567	0.334028	0.333951	295.33	125.67	0.023	16.8316	ok	3	3	ok	ok
10156.129	1280	567	0.334028	0.333951	295.33	125.67	0.023	16.4692	ok	3	3	ok	ok
10172.855	1280	567	0.334028	0.333951	295.33	125.67	0.023	16.9608	ok	3	3	ok	ok
10186.292	1280	567	0.334028	0.333951	295.33	125.67	0.023	9.8932	ok	3	3	ok	ok
10202.740	1280	567	0.334028	0.333951	295.33	125.67	0.023	22.9855	ok	3	3	ok	ok
10222.612	1280	567	0.334028	0.333951	295.33	125.67	0.023	16.7367	ok	3	3	ok	ok
10239.138	1280	567	0.334028	0.333951	295.33	125.67	0.023	16.2933	ok	3	3	ok	ok
10255.726	1280	567	0.334028	0.333951	295.33	125.67	0.023	16.8627	ok	3	3	ok	ok
10272.475	1280	567	0.334028	0.333951	295.33	125.67	0.023	16.6146	ok	3	3	ok	ok
10290.055	1280	567	0.334028	0.333951	295.33	125.67	0.023	18.5260	ok	3	3	ok	ok
10303.411	1280	567	0.334028	0.333951	295.33	125.67	0.023	8.1654	ok	3	3	ok	ok
10319.304	1280	567	0.334028	0.333951	295.33	125.67	0.023	23.6037	ok	3	3	ok	ok
10339.082	1280	567	0.334028	0.333951	295.33	125.67	0.023	15.9193	ok	3	3	ok	ok
10355.583	1280	567	0.334028	0.333951	295.33	125.67	0.023	16.9856	ok	3	3	ok	ok
10372.314	1280	567	0.334028	0.333951	295.33	125.67	0.023	16.4547	ok	3	3	ok	ok
10389.423	1280	567	0.334028	0.333951	295.33	125.67	0.023	17.7433	ok	3	3	ok	ok
10406.403	1280	567	0.334028	0.333951	295.33	125.67	0.023	16.1973	ok	3	3	ok	ok
10422.757	1280	567	0.334028	0.333951	295.33	125.67	0.023	16.4899	ok	3	3	ok	ok
10439.376	1280	567	0.334028	0.333951	295.33	125.67	0.023	16.7253	ok	3	3	ok	ok
10456.075	1280	567	0.334028	0.333951	295.33	125.67	0.023	16.6529	ok	3	3	ok	ok
10472.936	1280	567	0.334028	0.333951	295.33	125.67	0.023	17.0490	ok	3	3	ok	ok
10489.403	1280	567	0.334028	0.333951	295.33	125.67	0.023	15.8629	ok	3	3	ok	ok
10505.578	1280	567	0.334028	0.333951	295.33	125.67	0.023	16.4677	ok	3	3	ok	ok
10522.277	1280	567	0.334028	0.333951	295.33	125.67	0.023	16.9094	ok	3	3	ok	ok
10538.873	1280	567	0.334028	0.333951	295.33	125.67	0.023	16.2601	ok	3	3	ok	ok
10555.458	1280	567	0.334028	0.333951	295.33	125.67	0.023	16.8897	ok	3	3	ok	ok
10572.284	1280	567	0.334028	0.333951	295.33	125.67	0.023	16.7305	ok	3	3	ok	ok
10589.082	1280	567	0.334028	0.333951	295.33	125.67	0.023	16.8466	ok	3	3	ok	ok
10605.747	1280	567	0.334028	0.333951	295.33	125.67	0.023	16.4663	ok	3	3	ok	ok
10622.281	1280	567	0.334028	0.333951	295.33	125.67	0.023	16.5808	ok	3	3	ok	ok
10639.177	1280	567	0.334028	0.333951	295.33	125.67	0.023	17.1991	ok	3	3	ok	ok
10655.898	1280	567	0.334028	0.333951	295.33	125.67	0.023	16.2280	ok	3	3	ok	ok
10672.495	1280	567	0.334028	0.333951	295.33	125.67	0.023	16.9459	ok	3	3	ok	ok
10689.008	1280	567	0.334028	0.333951	295.33	125.67	0.023	16.0630	ok	3	3	ok	ok
10705.773	1280	567	0.334028	0.333951	295.33	125.67	0.023	17.4445	ok	3	3	ok	ok
10722.580	1280	567	0.334028	0.333951	295.33	125.67	0.023	16.1466	ok	3	3	ok	ok
10738.995	1280	567	0.334028	0.333951	295.33	125.67	0.023	16.6648	ok	3	3	ok	ok
10755.804	1280	567	0.334028	0.333951	295.33	125.67	0.023	16.9298	ok	3	3	ok	ok
10772.507	1280	567	0.334028	0.333951	295.33	125.67	0.023	16.4560	ok	3	3	ok	ok
10789.639	1280	567	0.334028	0.333951	295.33	125.67	0.023	17.7871	ok	3	3	ok	ok
10803.057	1280	567	0.334028	0.333951	295.33	125.67	0.023	9.0206	ok	3	3	ok	ok
10819.074	1280	567	0.334028	0.333951	295.33	125.67	0.023	22.9946	ok	3	3	ok	ok
10839.231	1280	567	0.334028	0.333951	295.33	125.67	0.023	17.2986	ok	3	3	ok	ok
10856.149	1280	567	0.334028	0.333951	295.33	125.67	0.023	16.5147	ok	3	3	ok	ok
10872.686	1280	567	0.334028	0.333951	295.33	125.67	0.023	16.5385	ok	3	3	ok	ok
10889.098	1280	567	0.334028	0.333951	295.33	125.67	0.023	16.2636	ok	3	3	ok	ok
10905.780	1280	567	0.334028	0.333951	295.33	125.67	0.023	17.0791	ok	3	3	ok	ok
10922.570	1280	567	0.334028	0.333951	295.33	125.67	0.023	16.4811	ok	3	3	ok	ok
10939.370	1280	567	0.334028	0.333951	295.33	125.67	0.023	17.0982	ok	3	3	ok	ok
10956.138	1280	567	0.334028	0.333951	295.33	125.67	0.023	16.4187	ok	3	3	ok	ok
10972.895	1280	567	0.334028	0.333951	295.33	125.67	0.023	17.0749	ok	3	3	ok	ok
10989.335	1280	567	0.334028	0.333951	295.33	125.67	0.023	15.7849	ok	3	3	ok	ok
11005.761	1280	567	0.334028	0.333951	295.33	125.67	0.023	17.0377	ok	3	3	ok	ok
11022.631	1280	567	0.334028	0.333951	295.33	125.67	0.023	16.6816	ok	3	3	ok	ok
11040.394	1280	567	0.334028	0.333951	295.33	125.67	0.023	18.8051	ok	3	3	ok	ok
11053.730	1280	567	0.334028	0.333951	295.33	125.67	0.023	7.8474	ok	3	3	ok	ok
11069.191	1280	567	0.334028	0.333951	295.33	125.67	0.023	23.0605	ok	3	3	ok	ok
11089.291	1280	567	0.334028	0.333951	295.33	125.67	0.023	17.1165	ok	3	3	ok	ok
11105.802	1280	567	0.334028	0.333951	295.33	125.67	0.023	15.8842	ok	3	3	ok	ok
11122.187	1280	567	0.334028	0.333951	295.33	125.67	0.023	16.8654	ok	3	3	ok	ok
11139.052	1280	567	0.334028	0.333951	295.33	125.67	0.023	16.8400	ok	3	3	ok	ok
11155.667	1280	567	0.334028	0.333951	295.33	125.67	0.023	16.3713	ok	3	3	ok	ok
11172.104	1280	567	0.334028	0.333951	295.33	125.67	0.023	16.4827	ok	3	3	ok	ok
11189.297	1280	567	0.334028	0.333951	295.33	125.67	0.023	17.8823	ok	3	3	ok	ok
11206.158	1280	567	0.334028	0.333951	295.33	125.67	0.023	15.8113	ok	3	3	ok	ok
11222.448	1280	567	0.334028	0.333951	295.33	125.67	0.023	16.6898	ok	3	3	ok	ok
11239.167	1280	567	0.334028	0.333951	295.33	125.67	0.023	16.7274	ok	3	3	ok	ok
11255.805	1280	567	0.334028	0.333951	295.33	125.67	0.023	16.5280	ok	3	3	ok	ok
11272.890	1280	567	0.334028	0.333951	295.33	125.67	0.023	17.6227	ok	3	3	ok	ok
11286.142	1280	567	0.334028	0.333951	295.33	125.67	0.023	8.8609	ok	3	3	ok	ok
11302.623	1280	567	0.334028	0.333951	295.33	125.67	0.023	24.0808	ok	3	3	ok	ok
11322.848	1280	567	0.334028	0.333951	295.33	125.67	0.023	16.3508	ok	3	3	ok	ok
11339.189	1280	567	0.334028	0.333951	295.33	125.67	0.023	16.3086	ok	3	3	ok	ok
11356.092	1280	567	0.334028	0.333951	295.33	125.67	0.023	17.4748	ok	3	3	ok	ok
11372.875	1280	567	0.334028	0.333951	295.33	125.67	0.023	16.0718	ok	3	3	ok	ok
11389.363	1280	567	0.334028	0.333951	295.33	125.67	0.023	16.8861	ok	3	3	ok	ok
11406.028	1280	567	0.334028	0.333951	295.33	125.67	0.023	16.4241	ok	3	3	ok	ok
11422.289	1280	567	0.334028	0.333951	295.33	125.67	0.023	16.0787	ok	3	3	ok	ok
11438.747	1280	567	0.334028	0.333951	295.33	125.67	0.023	16.8091	ok	3	3	ok	ok
11455.442	1280	567	0.334028	0.333951	295.33	125.67	0.023	16.5598	ok	3	3	ok	ok
11472.316	1280	567	0.334028	0.333951	295.33	125.67	0.023	17.1739	ok	3	3	ok	ok
11489.140	1280	567	0.334028	0.333951	295.33	125.67	0.023	16.4547	ok	3	3	ok	ok
11505.885	1280	567	0.334028	0.333951	295.33	125.67	0.023	17.0051	ok	3	3	ok	ok
11522.788	1280	567	0.334028	0.333951	295.33	125.67	0.023	16.7800	ok	3	3	ok	ok
11539.566	1280	567	0.334028	0.333951	295.33	125.67	0.023	16.7543	ok	3	3	ok	ok
11552.791	1280	567	0.334028	0.333951	295.33	125.67	0.023	9.6749	ok	3	3	ok	ok
11569.292	1280	567	0.334028	0.333951	295.33	125.67	0.023	23.3110	ok	3	3	ok	ok
11589.361	1280	567	0.334028	0.333951	295.33	125.67	0.023	16.7981	ok	3	3	ok	ok
11606.047	1280	567	0.334028	0.333951	295.33	125.67	0.023	16.5513	ok	3	3	ok	ok
11622.881	1280	567	0.334028	0.333951	295.33	125.67	0.023	17.0962	ok	3	3	ok	ok
11636.533	1280	567	0.334028	0.333951	295.33	125.67	0.023	10.1880	ok	3	3	ok	ok
11653.003	1280	567	0.334028	0.333951	295.33	125.67	0.023	22.7352	ok	3	3	ok	ok
11672.553	1280	567	0.334028	0.333951	295.33	125.67	0.023	16.3437	ok	3	3	ok	ok
11689.073	1280	567	0.334028	0.333951	295.33	125.67	0.023	16.6767	ok	3	3	ok	ok
11705.574	1280	567	0.334028	0.333951	295.33	125.67	0.023	16.3026	ok	3	3	ok	ok
11722.478	1280	567	0.334028	0.333951	295.33	125.67	0.023	17.4863	ok	3	3	ok	ok
11739.467	1280	567	0.334028	0.333951	295.33	125.67	0.023	16.4709	ok	3	3	ok	ok
11755.917	1280	567	0.334028	0.333951	295.33	125.67	0.023	16.4077	ok	3	3	ok	ok
11772.456	1280	567	0.334028	0.333951	295.33	125.67	0.023	16.6506	ok	3	3	ok	ok
11789.280	1280	567	0.334028	0.333951	295.33	125.67	0.023	16.9758	ok	3	3	ok	ok
11806.566	1280	567	0.334028	0.333951	295.33	125.67	0.023	17.5828	ok	3	3	ok	ok
11822.989	1280	567	0.334028	0.333951	295.33	125.67	0.023	15.2402	ok	3	3	ok	ok
11839.241	1280	567	0.334028	0.333951	295.33	125.67	0.023	17.2528	ok	3	3	ok	ok
11856.097	1280	567	0.334028	0.333951	295.33	125.67	0.023	16.4444	ok	3	3	ok	ok
11872.532	1280	567	0.334028	0.333951	295.33	125.67	0.023	16.4039	ok	3	3	ok	ok
11889.142	1280	567	0.334028	0.333951	295.33	125.67	0.023	16.7982	ok	3	3	ok	ok
11905.839	1280	567	0.334028	0.333951	295.33	125.67	0.023	16.5766	ok	3	3	ok	ok
11922.598	1280	567	0.334028	0.333951	295.33	125.67	0.023	16.9180	ok	3	3	ok	ok
11936.085	1280	567	0.334028	0.333951	295.33	125.67	0.023	10.0337	ok	3	3	ok	ok
11952.659	1280	567	0.334028	0.333951	295.33	125.67	0.023	23.0962	ok	3	3	ok	ok
11972.664	1280	567	0.334028	0.333951	295.33	125.67	0.023	16.8885	ok	3	3	ok	ok
11989.196	1280	567	0.334028	0.333951	295.33	125.67	0.023	16.1558	ok	3	3	ok	ok
12005.767	1280	567	0.334028	0.333951	295.33	125.67	0.023	16.9644	ok	3	3	ok	ok
12022.621	1280	567	0.334028	0.333951	295.33	125.67	0.023	16.7241	ok	3	3	ok	ok
12039.071	1280	567	0.334028	0.333951	295.33	125.67	0.023	16.1544	ok	3	3	ok	ok
12056.184	1280	567	0.334028	0.333951	295.33	125.67	0.023	18.0537	ok	3	3	ok	ok
12069.496	1280	567	0.334028	0.333951	295.33	125.67	0.023	8.5500	ok	3	3	ok	ok
12085.692	1280	567	0.334028	0.333951	295.33	125.67	0.023	23.8227	ok	3	3	ok	ok
12105.780	1280	567	0.334028	0.333951	295.33	125.67	0.023	16.2016	ok	3	3	ok	ok
12122.429	1280	567	0.334028	0.333951	295.33	125.67	0.023	17.0773	ok	3	3	ok	ok
12135.997	1280	567	0.334028	0.333951	295.33	125.67	0.023	10.0374	ok	3	3	ok	ok
12152.548	1280	567	0.334028	0.333951	295.33	125.67	0.023	23.0462	ok	3	3	ok	ok
12172.198	1280	567	0.334028	0.333951	295.33	125.67	0.023	16.2348	ok	3	3	ok	ok
12188.862	1280	567	0.334028	0.333951	295.33	125.67	0.023	17.0720	ok	3	3	ok	ok
12205.880	1280	567	0.334028	0.333951	295.33	125.67	0.023	16.9444	ok	3	3	ok	ok
12222.607	1280	567	0.334028	0.333951	295.33	125.67	0.023	16.4803	ok	3	3	ok	ok
12239.346	1280	567	0.334028	0.333951	295.33	125.67	0.023	16.9756	ok	3	3	ok	ok
12256.222	1280	567	0.334028	0.333951	295.33	125.67	0.023	16.7558	ok	3	3	ok	ok
12272.916	1280	567	0.334028	0.333951	295.33	125.67	0.023	16.6092	ok	3	3	ok	ok
12289.303	1280	567	0.334028	0.333951	295.33	125.67	0.023	16.1440	ok	3	3	ok	ok
12305.695	1280	567	0.334028	0.333951	295.33	125.67	0.023	16.6276	ok	3	3	ok	ok
12322.695	1280	567	0.334028	0.333951	295.33	125.67	0.023	17.3498	ok	3	3	ok	ok
12339.408	1280	567	0.334028	0.333951	295.33	125.67	0.023	16.0570	ok	3	3	ok	ok
12355.809	1280	567	0.334028	0.333951	295.33	125.67	0.023	16.7223	ok	3	3	ok	ok
12372.185	1280	567	0.334028	0.333951	295.33	125.67	0.023	16.0021	ok	3	3	ok	ok
12388.964	1280	567	0.334028	0.333951	295.33	125.67	0.023	17.5354	ok	3	3	ok	ok
12406.174	1280	567	0.334028	0.333951	295.33	125.67	0.023	16.8644	ok	3	3	ok	ok
12423.068	1280	567	0.334028	0.333951	295.33	125.67	0.023	16.9037	ok	3	3	ok	ok
12436.027	1280	567	0.334028	0.333951	295.33	125.67	0.023	8.9945	ok	3	3	ok	ok
12452.245	1280	567	0.334028	0.333951	295.33	125.67	0.023	23.4253	ok	3	3	ok	ok
12472.305	1280	567	0.334028	0.333951	295.33	125.67	0.023	16.6749	ok	3	3	ok	ok
12489.298	1280	567	0.334028	0.333951	295.33	125.67	0.023	17.2902	ok	3	3	ok	ok
12503.154	1280	567	0.334028	0.333951	295.33	125.67	0.023	10.3981	ok	3	3	ok	ok
12519.742	1280	567	0.334028	0.333951	295.33	125.67	0.023	22.7485	ok	3	3	ok	ok
12539.260	1280	567	0.334028	0.333951	295.33	125.67	0.023	16.2639	ok	3	3	ok	ok
12555.653	1280	567	0.334028	0.333951	295.33	125.67	0.023	16.5017	ok	3	3	ok	ok
12572.249	1280	567	0.334028	0.333951	295.33	125.67	0.023	16.6703	ok	3	3	ok	ok
12589.290	1280	567	0.334028	0.333951	295.33	125.67	0.023	17.3964	ok	3	3	ok	ok
12606.242	1280	567	0.334028	0.333951	295.33	125.67	0.023	16.4887	ok	3	3	ok	ok
12622.697	1280	567	0.334028	0.333951	295.33	125.67	0.023	16.4003	ok	3	3	ok	ok
12635.923	1280	567	0.334028	0.333951	295.33	125.67	0.023	10.0309	ok	3	3	ok	ok
12652.578	1280	567	0.334028	0.333951	295.33	125.67	0.023	23.2608	ok	3	3	ok	ok
12672.482	1280	567	0.334028	0.333951	295.33	125.67	0.023	16.5260	ok	3	3	ok	ok
12689.044	1280	567	0.334028	0.333951	295.33	125.67	0.023	16.5697	ok	3	3	ok	ok
12705.589	1280	567	0.334028	0.333951	295.33	125.67	0.023	16.4881	ok	3	3	ok	ok
12722.182	1280	567	0.334028	0.333951	295.33	125.67	0.023	16.6773	ok	3	3	ok	ok
12739.398	1280	567	0.334028	0.333951	295.33	125.67	0.023	17.7352	ok	3	3	ok	ok
12756.097	1280	567	0.334028	0.333951	295.33	125.67	0.023	15.6412	ok	3	3	ok	ok
12772.690	1280	567	0.334028	0.333951	295.33	125.67	0.023	17.5243	ok	3	3	ok	ok
12789.405	1280	567	0.334028	0.333951	295.33	125.67	0.023	15.8855	ok	3	3	ok	ok
12805.765	1280	567	0.334028	0.333951	295.33	125.67	0.023	16.8152	ok	3	3	ok	ok
12822.718	1280	567	0.334028	0.333951	295.33	125.67	0.023	17.0698	ok	3	3	ok	ok
12839.923	1280	567	0.334028	0.333951	295.33	125.67	0.023	17.3217	ok	3	3	ok	ok
12856.439	1280	567	0.334028	0.333951	295.33	125.67	0.023	15.6928	ok	3	3	ok	ok
12872.835	1280	567	0.334028	0.333951	295.33	125.67	0.023	17.0792	ok	3	3	ok	ok
12886.179	1280	567	0.334028	0.333951	295.33	125.67	0.023	9.5895	ok	3	3	ok	ok
12902.546	1280	567	0.334028	0.333951	295.33	125.67	0.023	23.1255	ok	3	3	ok	ok
12922.437	1280	567	0.334028	0.333951	295.33	125.67	0.023	16.6365	ok	3	3	ok	ok
12938.983	1280	567	0.334028	0.333951	295.33	125.67	0.023	16.4371	ok	3	3	ok	ok
12955.584	1280	567	0.334028	0.333951	295.33	125.67	0.023	16.7432	ok	3	3	ok	ok
12972.232	1280	567	0.334028	0.333951	295.33	125.67	0.023	16.4090	ok	3	3	ok	ok
12989.111	1280	567	0.334028	0.333951	295.33	125.67	0.023	17.3268	ok	3	3	ok	ok
13002.745	1280	567	0.334028	0.333951	295.33	125.67	0.023	9.9190	ok	3	3	ok	ok
13019.174	1280	567	0.334028	0.333951	295.33	125.67	0.023	22.9206	ok	3	3	ok	ok
13039.204	1280	567	0.334028	0.333951	295.33	125.67	0.023	17.1188	ok	3	3	ok	ok
13055.877	1280	567	0.334028	0.333951	295.33	125.67	0.023	16.2083	ok	3	3	ok	ok
13072.481	1280	567	0.334028	0.333951	295.33	125.67	0.023	16.9791	ok	3	3	ok	ok
13089.200	1280	567	0.334028	0.333951	295.33	125.67	0.023	16.4355	ok	3	3	ok	ok
13105.969	1280	567	0.334028	0.333951	295.33	125.67	0.023	17.0830	ok	3	3	ok	ok
13122.765	1280	567	0.334028	0.333951	295.33	125.67	0.023	16.4875	ok	3	3	ok	ok
13141.646	1280	567	0.334028	0.333951	295.33	125.67	0.023	21.2553	ok	3	3	ok	ok
13156.631	1280	567	0.334028	0.333951	295.33	125.67	0.023	8.6953	ok	3	3	ok	ok
13173.336	1280	567	0.334028	0.333951	295.33	125.67	0.023	24.6845	ok	3	3	ok	ok
13202.291	1280	567	0.334028	0.333951	295.33	125.67	0.023	33.2062	ok	3	3	ok	ok
13222.727	1280	567	0.334028	0.333951	295.33	125.67	0.023	7.6446	ok	3	3	ok	ok
13239.495	1280	567	0.334028	0.333951	295.33	125.67	0.023	25.8751	ok	3	3	ok	ok
13269.507	1280	567	0.334028	0.333951	295.33	125.67	0.023	34.1276	ok	3	3	ok	ok
13301.626	1280	567	0.334028	0.333951	295.33	125.67	0.023	30.0883	ok	3	3	ok	ok
13320.256	1280	567	0.334028	0.333951	295.33	125.67	0.023	7.1509	ok	3	3	ok	ok
13335.230	1280	567	0.334028	0.333951	295.33	125.67	0.023	22.7792	ok	3	3	ok	ok
13354.290	1280	567	0.334028	0.333951	295.33	125.67	0.023	15.3204	ok	3	3	ok	ok
13370.319	1280	567	0.334028	0.333951	295.33	125.67	0.023	16.7167	ok	3	3	ok	ok
13387.032	1280	567	0.334028	0.333951	295.33	125.67	0.023	16.6906	ok	3	3	ok	ok
13403.810	1280	567	0.334028	0.333951	295.33	125.67	0.023	16.8464	ok	3	3	ok	ok
13420.567	1280	567	0.334028	0.333951	295.33	125.67	0.023	16.6480	ok	3	3	ok	ok
13437.049	1280	567	0.334028	0.333951	295.33	125.67	0.023	16.3026	ok	3	3	ok	ok
13453.618	1280	567	0.334028	0.333951	295.33	125.67	0.023	16.8148	ok	3	3	ok	ok
13470.558	1280	567	0.334028	0.333951	295.33	125.67	0.023	17.0425	ok	3	3	ok	ok
13486.984	1280	567	0.334028	0.333951	295.33	125.67	0.023	15.7902	ok	3	3	ok	ok
13503.757	1280	567	0.334028	0.333951	295.33	125.67	0.023	17.7346	ok	3	3	ok	ok
13520.638	1280	567	0.334028	0.333951	295.33	125.67	0.023	16.0065	ok	3	3	ok	ok
13536.716	1280	567	0.334028	0.333951	295.33	125.67	0.023	16.1275	ok	3	3	ok	ok
13553.454	1280	567	0.334028	0.333951	295.33	125.67	0.023	17.3294	ok	3	3	ok	ok
13570.341	1280	567	0.334028	0.333951	295.33	125.67	0.023	16.4224	ok	3	3	ok	ok
13586.851	1280	567	0.334028	0.333951	295.33	125.67	0.023	16.5765	ok	3	3	ok	ok
13603.781	1280	567	0.334028	0.333951	295.33	125.67	0.023	17.2628	ok	3	3	ok	ok
13620.290	1280	567	0.334028	0.333951	295.33	125.67	0.023	15.7255	ok	3	3	ok	ok
13636.847	1280	567	0.334028	0.333951	295.33	125.67	0.023	17.3693	ok	3	3	ok	ok
13653.883	1280	567	0.334028	0.333951	295.33	125.67	0.023	16.6865	ok	3	3	ok	ok
13670.534	1280	567	0.334028	0.333951	295.33	125.67	0.023	16.5953	ok	3	3	ok	ok
13687.226	1280	567	0.334028	0.333951	295.33	125.67	0.023	16.7516	ok	3	3	ok	ok
13703.799	1280	567	0.334028	0.333951	295.33	125.67	0.023	16.3753	ok	3	3	ok	ok
13721.312	1280	567	0.334028	0.333951	295.33	125.67	0.023	18.6325	ok	3	3	ok	ok
13737.807	1280	567	0.334028	0.333951	295.33	125.67	0.023	14.3372	ok	3	3	ok	ok
13753.733	1280	567	0.334028	0.333951	295.33	125.67	0.023	17.4852	ok	3	3	ok	ok
13770.561	1280	567	0.334028	0.333951	295.33	125.67	0.023	16.1522	ok	3	3	ok	ok
13786.802	1280	567	0.334028	0.333951	295.33	125.67	0.023	16.3088	ok	3	3	ok	ok
13803.718	1280	567	0.334028	0.333951	295.33	125.67	0.023	17.5030	ok	3	3	ok	ok
13820.574	1280	567	0.334028	0.333951	295.33	125.67	0.023	16.1870	ok	3	3	ok	ok
13837.085	1280	567	0.334028	0.333951	295.33	125.67	0.023	16.8202	ok	3	3	ok	ok
13854.371	1280	567	0.334028	0.333951	295.33	125.67	0.023	17.7350	ok	3	3	ok	ok
13870.722	1280	567	0.334028	0.333951	295.33	125.67	0.023	14.9460	ok	3	3	ok	ok
13886.783	1280	567	0.334028	0.333951	295.33	125.67	0.023	17.1635	ok	3	3	ok	ok
13903.951	1280	567	0.334028	0.333951	295.33	125.67	0.023	17.0949	ok	3	3	ok	ok
13920.602	1280	567	0.334028	0.333951	295.33	125.67	0.023	16.1867	ok	3	3	ok	ok
13937.028	1280	567	0.334028	0.333951	295.33	125.67	0.023	16.6473	ok	3	3	ok	ok
13953.847	1280	567	0.334028	0.333951	295.33	125.67	0.023	16.9687	ok	3	3	ok	ok
13970.365	1280	567	0.334028	0.333951	295.33	125.67	0.023	16.0478	ok	3	3	ok	ok
13987.013	1280	567	0.334028	0.333951	295.33	125.67	0.023	17.2288	ok	3	3	ok	ok
14004.036	1280	567	0.334028	0.333951	295.33	125.67	0.023	16.7957	ok	3	3	ok	ok
14020.454	1280	567	0.334028	0.333951	295.33	125.67	0.023	16.0196	ok	3	3	ok	ok
14036.685	1280	567	0.334028	0.333951	295.33	125.67	0.023	16.4219	ok	3	3	ok	ok
14053.316	1280	567	0.334028	0.333951	295.33	125.67	0.023	16.8181	ok	3	3	ok	ok
14070.199	1280	567	0.334028	0.333951	295.33	125.67	0.023	16.9273	ok	3	3	ok	ok
14087.230	1280	567	0.334028	0.333951	295.33	125.67	0.023	17.1153	ok	3	3	ok	ok
14103.888	1280	567	0.334028	0.333951	295.33	125.67	0.023	16.1800	ok	3	3	ok	ok
14120.266	1280	567	0.334028	0.333951	295.33	125.67	0.023	16.5555	ok	3	3	ok	ok
14136.965	1280	567	0.334028	0.333951	295.33	125.67	0.023	16.8217	ok	3	3	ok	ok
14153.799	1280	567	0.334028	0.333951	295.33	125.67	0.023	16.8253	ok	3	3	ok	ok
14170.446	1280	567	0.334028	0.333951	295.33	125.67	0.023	16.4477	ok	3	3	ok	ok
14187.114	1280	567	0.334028	0.333951	295.33	125.67	0.023	16.8660	ok	3	3	ok	ok
14204.480	1280	567	0.334028	0.333951	295.33	125.67	0.023	17.8474	ok	3	3	ok	ok
14221.074	1280	567	0.334028	0.333951	295.33	125.67	0.023	15.3179	ok	3	3	ok	ok
14237.003	1280	567	0.334028	0.333951	295.33	125.67	0.023	16.5177	ok	3	3	ok	ok
14253.877	1280	567	0.334028	0.333951	295.33	125.67	0.023	17.2091	ok	3	3	ok	ok
14270.908	1280	567	0.334028	0.333951	295.33	125.67	0.023	16.8321	ok	3	3	ok	ok
14287.725	1280	567	0.334028	0.333951	295.33	125.67	0.023	16.7829	ok	3	3	ok	ok
14304.035	1280	567	0.334028	0.333951	295.33	125.67	0.023	15.8164	ok	3	3	ok	ok
14320.167	1280	567	0.334028	0.333951	295.33	125.67	0.023	16.4266	ok	3	3	ok	ok
14336.759	1280	567	0.334028	0.333951	295.33	125.67	0.023	16.7365	ok	3	3	ok	ok
14354.626	1280	567	0.334028	0.333951	295.33	125.67	0.023	18.9771	ok	3	3	ok	ok
14371.297	1280	567	0.334028	0.333951	295.33	125.67	0.023	14.3330	ok	3	3	ok	ok
14386.922	1280	567	0.334028	0.333951	295.33	125.67	0.023	16.8960	ok	3	3	ok	ok
14403.733	1280	567	0.334028	0.333951	295.33	125.67	0.023	16.7046	ok	3	3	ok	ok
14420.292	1280	567	0.334028	0.333951	295.33	125.67	0.023	16.3923	ok	3	3	ok	ok
14437.055	1280	567	0.334028	0.333951	295.33	125.67	0.023	17.1134	ok	3	3	ok	ok
14453.826	1280	567	0.334028	0.333951	295.33	125.67	0.023	16.4086	ok	3	3	ok	ok
14470.530	1280	567	0.334028	0.333951	295.33	125.67	0.023	16.9779	ok	3	3	ok	ok
14487.036	1280	567	0.334028	0.333951	295.33	125.67	0.023	16.0129	ok	3	3	ok	ok
14504.174	1280	567	0.334028	0.333951	295.33	125.67	0.023	18.2406	ok	3	3	ok	ok
14521.098	1280	567	0.334028	0.333951	295.33	125.67	0.023	15.5863	ok	3	3	ok	ok
14537.047	1280	567	0.334028	0.333951	295.33	125.67	0.023	16.2914	ok	3	3	ok	ok
14553.775	1280	567	0.334028	0.333951	295.33	125.67	0.023	17.1431	ok	3	3	ok	ok
14570.461	1280	567	0.334028	0.333951	295.33	125.67	0.023	16.2086	ok	3	3	ok	ok
14587.018	1280	567	0.334028	0.333951	295.33	125.67	0.023	16.8856	ok	3	3	ok	ok
14603.754	1280	567	0.334028	0.333951	295.33	125.67	0.023	16.5676	ok	3	3	ok	ok
14620.268	1280	567	0.334028	0.333951	295.33	125.67	0.023	16.4400	ok	3	3	ok	ok
14636.979	1280	567	0.334028	0.333951	295.33	125.67	0.023	16.9638	ok	3	3	ok	ok
14653.925	1280	567	0.334028	0.333951	295.33	125.67	0.023	16.8890	ok	3	3	ok	ok
14670.435	1280	567	0.334028	0.333951	295.33	125.67	0.023	16.1118	ok	3	3	ok	ok
14687.478	1280	567	0.334028	0.333951	295.33	125.67	0.023	17.9566	ok	3	3	ok	ok
14704.701	1280	567	0.334028	0.333951	295.33	125.67	0.023	16.4701	ok	3	3	ok	ok
14720.985	1280	567	0.334028	0.333951	295.33	125.67	0.023	16.0772	ok	3	3	ok	ok
14737.144	1280	567	0.334028	0.333951	295.33	125.67	0.023	16.2188	ok	3	3	ok	ok
14753.713	1280	567	0.334028	0.333951	295.33	125.67	0.023	16.8990	ok	3	3	ok	ok
14770.528	1280	567	0.334028	0.333951	295.33	125.67	0.023	16.6475	ok	3	3	ok	ok
14787.354	1280	567	0.334028	0.333951	295.33	125.67	0.023	16.9852	ok	3	3	ok	ok
14803.974	1280	567	0.334028	0.333951	295.33	125.67	0.023	16.2258	ok	3	3	ok	ok
14820.378	1280	567	0.334028	0.333951	295.33	125.67	0.023	16.5624	ok	3	3	ok	ok
14837.053	1280	567	0.334028	0.333951	295.33	125.67	0.023	16.7653	ok	3	3	ok	ok
14853.723	1280	567	0.334028	0.333951	295.33	125.67	0.023	16.5531	ok	3	3	ok	ok
14870.745	1280	567	0.334028	0.333951	295.33	125.67	0.023	17.4718	ok	3	3	ok	ok
14887.409	1280	567	0.334028	0.333951	295.33	125.67	0.023	15.8283	ok	3	3	ok	ok
14903.922	1280	567	0.334028	0.333951	295.33	125.67	0.023	17.1822	ok	3	3	ok	ok
14920.570	1280	567	0.334028	0.333951	295.33	125.67	0.023	16.0929	ok	3	3	ok	ok
14937.082	1280	567	0.334028	0.333951	295.33	125.67	0.023	16.9105	ok	3	3	ok	ok
14953.771	1280	567	0.334028	0.333951	295.33	125.67	0.023	16.4491	ok	3	3	ok	ok
14971.202	1280	567	0.334028	0.333951	295.33	125.67	0.023	18.3925	ok	3	3	ok	ok
14987.673	1280	567	0.334028	0.333951	295.33	125.67	0.023	14.5289	ok	3	3	ok	ok
15004.164	1280	567	0.334028	0.333951	295.33	125.67	0.023	18.4361	ok	3	3	ok	ok
15021.181	1280	567	0.334028	0.333951	295.33	125.67	0.023	15.5763	ok	3	3	ok	ok
15037.449	1280	567	0.334028	0.333951	295.33	125.67	0.023	16.9402	ok	3	3	ok	ok
15053.898	1280	567	0.334028	0.333951	295.33	125.67	0.023	15.9355	ok	3	3	ok	ok
15070.412	1280	567	0.334028	0.333951	295.33	125.67	0.023	17.0718	ok	3	3	ok	ok
15087.440	1280	567	0.334028	0.333951	295.33	125.67	0.023	16.9627	ok	3	3	ok	ok
15104.098	1280	567	0.334028	0.333951	295.33	125.67	0.023	16.3337	ok	3	3	ok	ok
15120.764	1280	567	0.334028	0.333951	295.33	125.67	0.023	16.9771	ok	3	3	ok	ok
15138.977	1280	567	0.334028	0.333951	295.33	125.67	0.023	19.4312	ok	3	3	ok	ok
15153.088	1280	567	0.334028	0.333951	295.33	125.67	0.023	8.7722	ok	3	3	ok	ok
15169.047	1280	567	0.334028	0.333951	295.33	125.67	0.023	23.1267	ok	3	3	ok	ok
15188.773	1280	567	0.334028	0.333951	295.33	125.67	0.023	16.3087	ok	3	3	ok	ok
15205.266	1280	567	0.334028	0.333951	295.33	125.67	0.023	16.6548	ok	3	3	ok	ok
15222.438	1280	567	0.334028	0.333951	295.33	125.67	0.023	17.6695	ok	3	3	ok	ok
15239.233	1280	567	0.334028	0.333951	295.33	125.67	0.023	15.9000	ok	3	3	ok	ok
15255.507	1280	567	0.334028	0.333951	295.33	125.67	0.023	16.6286	ok	3	3	ok	ok
15272.099	1280	567	0.334028	0.333951	295.33	125.67	0.023	16.5279	ok	3	3	ok	ok
15288.637	1280	567	0.334028	0.333951	295.33	125.67	0.023	16.5282	ok	3	3	ok	ok
15305.308	1280	567	0.334028	0.333951	295.33	125.67	0.023	16.7905	ok	3	3	ok	ok
15322.054	1280	567	0.334028	0.333951	295.33	125.67	0.023	16.6812	ok	3	3	ok	ok
15338.784	1280	567	0.334028	0.333951	295.33	125.67	0.023	16.7574	ok	3	3	ok	ok
15355.521	1280	567	0.334028	0.333951	295.33	125.67	0.023	16.6956	ok	3	3	ok	ok
15372.551	1280	567	0.334028	0.333951	295.33	125.67	0.023	17.3443	ok	3	3	ok	ok
15389.115	1280	567	0.334028	0.333951	295.33	125.67	0.023	15.7662	ok	3	3	ok	ok
15405.408	1280	567	0.334028	0.333951	295.33	125.67	0.023	16.8057	ok	3	3	ok	ok
15422.031	1280	567	0.334028	0.333951	295.33	125.67	0.023	16.4194	ok	3	3	ok	ok
15438.813	1280	567	0.334028	0.333951	295.33	125.67	0.023	17.1300	ok	3	3	ok	ok
15455.551	1280	567	0.334028	0.333951	295.33	125.67	0.023	16.3234	ok	3	3	ok	ok
15471.944	1280	567	0.334028	0.333951	295.33	125.67	0.023	16.4433	ok	3	3	ok	ok
15488.466	1280	567	0.334028	0.333951	295.33	125.67	0.023	16.5789	ok	3	3	ok	ok
15505.256	1280	567	0.334028	0.333951	295.33	125.67	0.023	16.9717	ok	3	3	ok	ok
15522.088	1280	567	0.334028	0.333951	295.33	125.67	0.023	16.6724	ok	3	3	ok	ok
15538.515	1280	567	0.334028	0.333951	295.33	125.67	0.023	16.1615	ok	3	3	ok	ok
15555.170	1280	567	0.334028	0.333951	295.33	125.67	0.023	17.1262	ok	3	3	ok	ok
15571.974	1280	567	0.334028	0.333951	295.33	125.67	0.023	16.4620	ok	3	3	ok	ok
15588.973	1280	567	0.334028	0.333951	295.33	125.67	0.023	17.5159	ok	3	3	ok	ok
15605.762	1280	567	0.334028	0.333951	295.33	125.67	0.023	16.0390	ok	3	3	ok	ok
15621.968	1280	567	0.334028	0.333951	295.33	125.67	0.023	16.3532	ok	3	3	ok	ok
15638.811	1280	567	0.334028	0.333951	295.33	125.67	0.023	17.3128	ok	3	3	ok	ok
15655.596	1280	567	0.334028	0.333951	295.33	125.67	0.023	16.1813	ok	3	3	ok	ok
15672.025	1280	567	0.334028	0.333951	295.33	125.67	0.023	16.6555	ok	3	3	ok	ok
15688.708	1280	567	0.334028	0.333951	295.33	125.67	0.023	16.6777	ok	3	3	ok	ok
15705.360	1280	567	0.334028	0.333951	295.33	125.67	0.023	16.6071	ok	3	3	ok	ok
15722.306	1280	567	0.334028	0.333951	295.33	125.67	0.023	17.2631	ok	3	3	ok	ok
15738.863	1280	567	0.334028	0.333951	295.33	125.67	0.023	15.8299	ok	3	3	ok	ok
15755.116	1280	567	0.334028	0.333951	295.33	125.67	0.023	16.6568	ok	3	3	ok	ok
15772.085	1280	567	0.334028	0.333951	295.33	125.67	0.023	17.2567	ok	3	3	ok	ok
15788.671	1280	567	0.334028	0.333951	295.33	125.67	0.023	15.8948	ok	3	3	ok	ok
15805.274	1280	567	0.334028	0.333951	295.33	125.67	0.023	17.2931	ok	3	3	ok	ok
15822.037	1280	567	0.334028	0.333951	295.33	125.67	0.023	16.2118	ok	3	3	ok	ok
15838.480	1280	567	0.334028	0.333951	295.33	125.67	0.023	16.6619	ok	3	3	ok	ok
15855.212	1280	567	0.334028	0.333951	295.33	125.67	0.023	16.7803	ok	3	3	ok	ok
15872.676	1280	567	0.334028	0.333951	295.33	125.67	0.023	18.1241	ok	3	3	ok	ok
15890.096	1280	567	0.334028	0.333951	295.33	125.67	0.023	16.6972	ok	3	3	ok	ok
15906.415	1280	567	0.334028	0.333951	295.33	125.67	0.023	15.9217	ok	3	3	ok	ok
15922.930	1280	567	0.334028	0.333951	295.33	125.67	0.023	17.0894	ok	3	3	ok	ok
15936.233	1280	567	0.334028	0.333951	295.33	125.67	0.023	9.4934	ok	3	3	ok	ok
15952.698	1280	567	0.334028	0.333951	295.33	125.67	0.023	23.4194	ok	3	3	ok	ok
15972.891	1280	567	0.334028	0.333951	295.33	125.67	0.023	16.9453	ok	3	3	ok	ok
15989.366	1280	567	0.334028	0.333951	295.33	125.67	0.023	15.9850	ok	3	3	ok	ok
16005.629	1280	567	0.334028	0.333951	295.33	125.67	0.023	16.5205	ok	3	3	ok	ok
16022.892	1280	567	0.334028	0.333951	295.33	125.67	0.023	17.9862	ok	3	3	ok	ok
16036.304	1280	567	0.334028	0.333951	295.33	125.67	0.023	8.8169	ok	3	3	ok	ok
16052.548	1280	567	0.334028	0.333951	295.33	125.67	0.023	23.6442	ok	3	3	ok	ok
16072.570	1280	567	0.334028	0.333951	295.33	125.67	0.023	16.3790	ok	3	3	ok	ok
16089.214	1280	567	0.334028	0.333951	295.33	125.67	0.023	16.8884	ok	3	3	ok	ok
16106.014	1280	567	0.334028	0.333951	295.33	125.67	0.023	16.6897	ok	3	3	ok	ok
16122.553	1280	567	0.334028	0.333951	295.33	125.67	0.023	16.3622	ok	3	3	ok	ok
16139.181	1280	567	0.334028	0.333951	295.33	125.67	0.023	16.8803	ok	3	3	ok	ok
16152.884	1280	567	0.334028	0.333951	295.33	125.67	0.023	10.5131	ok	3	3	ok	ok
16169.314	1280	567	0.334028	0.333951	295.33	125.67	0.023	22.3309	ok	3	3	ok	ok
16188.986	1280	567	0.334028	0.333951	295.33	125.67	0.023	16.9856	ok	3	3	ok	ok
16205.605	1280	567	0.334028	0.333951	295.33	125.67	0.023	16.2312	ok	3	3	ok	ok
16222.146	1280	567	0.334028	0.333951	295.33	125.67	0.023	16.8301	ok	3	3	ok	ok
16239.096	1280	567	0.334028	0.333951	295.33	125.67	0.023	17.0492	ok	3	3	ok	ok
16255.751	1280	567	0.334028	0.333951	295.33	125.67	0.023	16.2409	ok	3	3	ok	ok
16272.233	1280	567	0.334028	0.333951	295.33	125.67	0.023	16.7036	ok	3	3	ok	ok
16288.822	1280	567	0.334028	0.333951	295.33	125.67	0.023	16.4531	ok	3	3	ok	ok
16305.513	1280	567	0.334028	0.333951	295.33	125.67	0.023	16.9059	ok	3	3	ok	ok
16322.418	1280	567	0.334028	0.333951	295.33	125.67	0.023	16.8845	ok	3	3	ok	ok
16335.930	1280	567	0.334028	0.333951	295.33	125.67	0.023	10.1188	ok	3	3	ok	ok
16352.390	1280	567	0.334028	0.333951	295.33	125.67	0.023	22.7838	ok	3	3	ok	ok
16372.025	1280	567	0.334028	0.333951	295.33	125.67	0.023	16.4662	ok	3	3	ok	ok
16388.672	1280	567	0.334028	0.333951	295.33	125.67	0.023	16.8070	ok	3	3	ok	ok
16405.965	1280	567	0.334028	0.333951	295.33	125.67	0.023	17.7625	ok	3	3	ok	ok
16422.702	1280	567	0.334028	0.333951	295.33	125.67	0.023	15.6904	ok	3	3	ok	ok
16438.992	1280	567	0.334028	0.333951	295.33	125.67	0.023	16.8783	ok	3	3	ok	ok
16455.722	1280	567	0.334028	0.333951	295.33	125.67	0.023	16.5635	ok	3	3	ok	ok
16472.370	1280	567	0.334028	0.333951	295.33	125.67	0.023	16.7124	ok	3	3	ok	ok
16489.227	1280	567	0.334028	0.333951	295.33	125.67	0.023	16.9779	ok	3	3	ok	ok
16502.661	1280	567	0.334028	0.333951	295.33	125.67	0.023	9.8713	ok	3	3	ok	ok
16518.988	1280	567	0.334028	0.333951	295.33	125.67	0.023	22.7644	ok	3	3	ok	ok
16538.700	1280	567	0.334028	0.333951	295.33	125.67	0.023	16.5739	ok	3	3	ok	ok
16555.437	1280	567	0.334028	0.333951	295.33	125.67	0.023	16.8783	ok	3	3	ok	ok
16572.202	1280	567	0.334028	0.333951	295.33	125.67	0.023	16.6300	ok	3	3	ok	ok
16588.702	1280	567	0.334028	0.333951	295.33	125.67	0.023	16.3565	ok	3	3	ok	ok
16605.438	1280	567	0.334028	0.333951	295.33	125.67	0.023	17.1028	ok	3	3	ok	ok
16622.199	1280	567	0.334028	0.333951	295.33	125.67	0.023	16.3992	ok	3	3	ok	ok
16638.946	1280	567	0.334028	0.333951	295.33	125.67	0.023	17.0851	ok	3	3	ok	ok
16655.655	1280	567	0.334028	0.333951	295.33	125.67	0.023	16.3174	ok	3	3	ok	ok
16672.280	1280	567	0.334028	0.333951	295.33	125.67	0.023	16.9135	ok	3	3	ok	ok
16689.324	1280	567	0.334028	0.333951	295.33	125.67	0.023	17.1531	ok	3	3	ok	ok
16706.159	1280	567	0.334028	0.333951	295.33	125.67	0.023	16.4971	ok	3	3	ok	ok
16722.713	1280	567	0.334028	0.333951	295.33	125.67	0.023	16.5899	ok	3	3	ok	ok
16739.519	1280	567	0.334028	0.333951	295.33	125.67	0.023	17.0016	ok	3	3	ok	ok
16752.626	1280	567	0.334028	0.333951	295.33	125.67	0.023	9.1919	ok	3	3	ok	ok
16768.902	1280	567	0.334028	0.333951	295.33	125.67	0.023	23.3434	ok	3	3	ok	ok
16788.742	1280	567	0.334028	0.333951	295.33	125.67	0.023	16.3179	ok	3	3	ok	ok
16805.472	1280	567	0.334028	0.333951	295.33	125.67	0.023	17.1233	ok	3	3	ok	ok
16822.085	1280	567	0.334028	0.333951	295.33	125.67	0.023	16.0728	ok	3	3	ok	ok
16838.729	1280	567	0.334028	0.333951	295.33	125.67	0.023	17.1951	ok	3	3	ok	ok
16855.577	1280	567	0.334028	0.333951	295.33	125.67	0.023	16.4775	ok	3	3	ok	ok
16872.191	1280	567	0.334028	0.333951	295.33	125.67	0.023	16.7304	ok	3	3	ok	ok
16888.882	1280	567	0.334028	0.333951	295.33	125.67	0.023	16.6294	ok	3	3	ok	ok
16906.003	1280	567	0.334028	0.333951	295.33	125.67	0.023	17.5931	ok	3	3	ok	ok
16922.592	1280	567	0.334028	0.333951	295.33	125.67	0.023	15.5637	ok	3	3	ok	ok
16938.864	1280	567	0.334028	0.333951	295.33	125.67	0.023	16.9614	ok	3	3	ok	ok
16955.641	1280	567	0.334028	0.333951	295.33	125.67	0.023	16.5639	ok	3	3	ok	ok
16972.586	1280	567	0.375781	0.375617	261.25	99.67	0.044	17.3042	ok	4	3	ok	ok
16989.338	1280	567	0.375781	0.375617	261.25	99.67	0.044	16.1678	ok	4	3	ok	ok
17005.691	1280	567	0.375781	0.375617	261.25	99.67	0.044	16.5165	ok	4	3	ok	ok
17022.179	1280	567	0.375781	0.375617	261.25	99.67	0.044	16.4381	ok	4	3	ok	ok
17038.828	1280	567	0.375781	0.375617	261.25	99.67	0.044	16.8388	ok	4	3	ok	ok
17055.461	1280	567	0.375781	0.375617	261.25	99.67	0.044	16.4050	ok	4	3	ok	ok
17072.040	1280	567	0.375781	0.375617	261.25	99.67	0.044	16.7324	ok	4	3	ok	ok
17088.846	1280	567	0.375781	0.375617	261.25	99.67	0.044	16.8576	ok	4	3	ok	ok
17105.506	1280	567	0.375781	0.375617	261.25	99.67	0.044	16.4432	ok	4	3	ok	ok
17122.327	1280	567	0.375781	0.375617	261.25	99.67	0.044	17.1760	ok	4	3	ok	ok
17139.142	1280	567	0.375781	0.375617	261.25	99.67	0.044	16.4357	ok	4	3	ok	ok
17155.548	1280	567	0.375781	0.375617	261.25	99.67	0.044	16.3564	ok	4	3	ok	ok
17172.220	1280	567	0.375781	0.375617	261.25	99.67	0.044	16.9686	ok	4	3	ok	ok
17188.757	1280	567	0.422708	0.422222	224.20	70.67	0.115	16.0815	ok	5	3	ok	ok
17205.194	1280	567	0.422708	0.422222	224.20	70.67	0.115	16.7728	ok	5	3	ok	ok
17221.918	1280	567	0.422708	0.422222	224.20	70.67	0.115	16.6562	ok	5	3	ok	ok
17238.713	1280	567	0.422708	0.422222	224.20	70.67	0.115	16.9162	ok	5	3	ok	ok
17255.451	1280	567	0.422708	0.422222	224.20	70.67	0.115	16.5398	ok	5	3	ok	ok
17272.282	1280	567	0.422708	0.422222	224.20	70.67	0.115	17.0997	ok	5	3	ok	ok
17288.801	1280	567	0.422708	0.422222	224.20	70.67	0.115	15.9174	ok	5	3	ok	ok
17305.394	1280	567	0.422708	0.422222	224.20	70.67	0.115	17.2504	ok	5	3	ok	ok
17322.129	1280	567	0.422708	0.422222	224.20	70.67	0.115	16.1992	ok	5	3	ok	ok
17338.617	1280	567	0.422708	0.422222	224.20	70.67	0.115	16.7581	ok	5	3	ok	ok
17355.264	1280	567	0.422708	0.422222	224.20	70.67	0.115	16.5138	ok	5	3	ok	ok
17372.094	1280	567	0.422708	0.422222	224.20	70.67	0.115	17.1252	ok	5	3	ok	ok
17389.013	1280	567	0.500833	0.500000	161.20	24.00	0.167	16.6919	ok	5	3	ok	ok
17405.996	1280	567	0.500833	0.500000	161.20	24.00	0.167	17.2028	ok	5	3	ok	ok
17422.447	1280	567	0.500833	0.500000	161.20	24.00	0.167	15.6774	ok	5	3	ok	ok
17438.746	1280	567	0.500833	0.500000	161.20	24.00	0.167	16.9084	ok	5	3	ok	ok
17455.320	1280	567	0.500833	0.500000	161.20	24.00	0.167	16.2185	ok	5	3	ok	ok
17472.047	1280	567	0.500833	0.500000	161.20	24.00	0.167	17.2164	ok	5	3	ok	ok
17488.939	1280	567	0.500833	0.500000	161.20	24.00	0.167	16.5448	ok	5	3	ok	ok
17505.343	1280	567	0.500833	0.500000	161.20	24.00	0.167	16.2431	ok	5	3	ok	ok
17522.235	1280	567	0.500833	0.500000	161.20	24.00	0.167	17.5215	ok	5	3	ok	ok
17535.727	1280	567	0.500833	0.500000	161.20	24.00	0.167	9.4406	ok	5	3	ok	ok
17552.178	1280	567	0.500833	0.500000	161.20	24.00	0.167	23.4428	ok	5	3	ok	ok
17572.263	1280	567	0.500833	0.500000	161.20	24.00	0.167	16.7071	ok	5	3	ok	ok
17588.694	1280	567	0.500833	0.500000	161.20	24.00	0.167	16.1341	ok	5	3	ok	ok
17605.193	1280	567	0.500833	0.500000	161.20	24.00	0.167	16.8421	ok	5	3	ok	ok
17622.064	1280	567	0.500833	0.500000	161.20	24.00	0.167	16.8790	ok	5	3	ok	ok
17639.165	1280	567	0.500833	0.500000	161.20	24.00	0.167	17.3032	ok	5	3	ok	ok
17655.824	1280	567	0.500833	0.500000	161.20	24.00	0.167	15.9948	ok	5	3	ok	ok
17672.213	1280	567	0.500833	0.500000	161.20	24.00	0.167	16.7590	ok	5	3	ok	ok
17688.925	1280	567	0.500833	0.500000	161.20	24.00	0.167	16.6442	ok	5	3	ok	ok
17705.772	1280	567	0.500833	0.500000	161.20	24.00	0.167	17.0308	ok	5	3	ok	ok
17722.468	1280	567	0.500833	0.500000	161.20	24.00	0.167	16.3414	ok	5	3	ok	ok
17738.909	1280	567	0.500833	0.500000	161.20	24.00	0.167	16.5203	ok	5	3	ok	ok
17755.517	1280	567	0.500833	0.500000	161.20	24.00	0.167	16.6746	ok	5	3	ok	ok
17772.310	1280	567	0.500833	0.500000	161.20	24.00	0.167	16.8907	ok	5	3	ok	ok
17788.951	1280	567	0.500833	0.500000	161.20	24.00	0.167	16.3736	ok	5	3	ok	ok
17805.643	1280	567	0.500833	0.500000	161.20	24.00	0.167	16.9908	ok	5	3	ok	ok
17822.261	1280	567	0.500833	0.500000	161.20	24.00	0.167	16.2220	ok	5	3	ok	ok
17839.082	1280	567	0.500833	0.500000	161.20	24.00	0.167	17.4042	ok	5	3	ok	ok
17855.654	1280	567	0.500833	0.500000	161.20	24.00	0.167	15.7224	ok	5	3	ok	ok
17872.331	1280	567	0.500833	0.500000	161.20	24.00	0.167	17.6116	ok	5	3	ok	ok
17889.899	1280	567	0.562917	0.000000	111.60	0.00	0.000	17.5018	x_only	5	0	ok	no_transition
17903.107	1280	567	0.562917	0.000000	111.60	0.00	0.000	8.8898	x_only	5	0	ok	no_transition
17919.622	1280	567	0.562917	0.000000	111.60	0.00	0.000	24.1229	x_only	5	0	ok	no_transition
17939.404	1280	567	0.562917	0.000000	111.60	0.00	0.000	15.4202	x_only	5	0	ok	no_transition
17955.290	1280	567	0.562917	0.000000	111.60	0.00	0.000	16.3291	x_only	5	0	ok	no_transition
17971.992	1280	567	0.562917	0.000000	111.60	0.00	0.000	17.0472	x_only	5	0	ok	no_transition
17988.875	1280	567	0.562917	0.000000	111.60	0.00	0.000	16.6996	x_only	5	0	ok	no_transition
18005.423	1280	567	0.562917	0.000000	111.60	0.00	0.000	16.3749	x_only	5	0	ok	no_transition
18022.056	1280	567	0.562917	0.000000	111.60	0.00	0.000	16.8727	x_only	5	0	ok	no_transition
18038.731	1280	567	0.562917	0.000000	111.60	0.00	0.000	16.4566	x_only	5	0	ok	no_transition
18055.404	1280	567	0.562917	0.000000	111.60	0.00	0.000	16.8687	x_only	5	0	ok	no_transition
18072.590	1280	567	0.562917	0.000000	111.60	0.00	0.000	17.4823	x_only	5	0	ok	no_transition
18086.157	1280	567	0.562917	0.000000	111.60	0.00	0.000	9.6327	x_only	5	0	ok	no_transition
18102.431	1280	567	0.562917	0.000000	111.60	0.00	0.000	22.8969	x_only	5	0	ok	no_transition
18122.150	1280	567	0.562917	0.000000	111.60	0.00	0.000	16.5210	x_only	5	0	ok	no_transition
18138.827	1280	567	0.562917	0.000000	111.60	0.00	0.000	16.8085	x_only	5	0	ok	no_transition
18155.529	1280	567	0.562917	0.000000	111.60	0.00	0.000	16.5763	x_only	5	0	ok	no_transition
18172.452	1280	567	0.562917	0.000000	111.60	0.00	0.000	17.2493	x_only	5	0	ok	no_transition
18185.981	1280	567	0.562917	0.000000	111.60	0.00	0.000	9.7810	x_only	5	0	ok	no_transition
18202.364	1280	567	0.562917	0.000000	111.60	0.00	0.000	22.9693	x_only	5	0	ok	no_transition
18222.384	1280	567	0.562917	0.000000	111.60	0.00	0.000	17.0567	x_only	5	0	ok	no_transition
18235.875	1280	567	0.633229	0.000000	55.60	0.00	0.000	9.8488	x_only	5	0	ok	no_transition
18252.180	1280	567	0.633229	0.000000	55.60	0.00	0.000	22.7413	x_only	5	0	ok	no_transition
18272.148	1280	567	0.633229	0.000000	55.60	0.00	0.000	17.1800	x_only	5	0	ok	no_transition
18288.790	1280	567	0.633229	0.000000	55.60	0.00	0.000	16.0834	x_only	5	0	ok	no_transition
18305.355	1280	567	0.633229	0.000000	55.60	0.00	0.000	17.0272	x_only	5	0	ok	no_transition
18322.139	1280	567	0.633229	0.000000	55.60	0.00	0.000	16.5203	x_only	5	0	ok	no_transition
18338.645	1280	567	0.633229	0.000000	55.60	0.00	0.000	16.4624	x_only	5	0	ok	no_transition
18355.325	1280	567	0.633229	0.000000	55.60	0.00	0.000	16.8777	x_only	5	0	ok	no_transition
18372.022	1280	567	0.633229	0.000000	55.60	0.00	0.000	16.4964	x_only	5	0	ok	no_transition
18388.889	1280	567	0.633229	0.000000	55.60	0.00	0.000	17.2172	x_only	5	0	ok	no_transition
18405.593	1280	567	0.633229	0.000000	55.60	0.00	0.000	16.1677	x_only	5	0	ok	no_transition
18421.965	1280	567	0.633229	0.000000	55.60	0.00	0.000	16.5568	x_only	5	0	ok	no_transition
18439.274	1280	567	0.633229	0.000000	55.60	0.00	0.000	18.0427	x_only	5	0	ok	no_transition
18456.169	1280	567	0.633229	0.000000	55.60	0.00	0.000	15.7255	x_only	5	0	ok	no_transition
18472.377	1280	567	0.633229	0.000000	55.60	0.00	0.000	16.6708	x_only	5	0	ok	no_transition
18485.574	1280	567	0.633229	0.000000	55.60	0.00	0.000	9.7004	x_only	5	0	ok	no_transition
18502.189	1280	567	0.633229	0.000000	55.60	0.00	0.000	23.5109	x_only	5	0	ok	no_transition
18522.142	1280	567	0.633229	0.000000	55.60	0.00	0.000	16.3756	x_only	5	0	ok	no_transition
18538.954	1280	567	0.633229	0.000000	55.60	0.00	0.000	17.2282	x_only	5	0	ok	no_transition
18555.578	1280	567	0.633229	0.000000	55.60	0.00	0.000	15.9995	x_only	5	0	ok	no_transition
18572.092	1280	567	0.633229	0.000000	55.60	0.00	0.000	17.0083	x_only	5	0	ok	no_transition
18588.952	1280	567	0.633229	0.000000	55.60	0.00	0.000	16.6923	x_only	5	0	ok	no_transition
18605.650	1280	567	0.633229	0.000000	55.60	0.00	0.000	16.6829	x_only	5	0	ok	no_transition
18622.149	1280	567	0.633229	0.000000	55.60	0.00	0.000	16.2946	x_only	5	0	ok	no_transition
18638.766	1280	567	0.633229	0.000000	55.60	0.00	0.000	16.9275	x_only	5	0	ok	no_transition
18655.513	1280	567	0.633229	0.000000	55.60	0.00	0.000	16.5509	x_only	5	0	ok	no_transition
18672.235	1280	567	0.633229	0.000000	55.60	0.00	0.000	16.8741	x_only	5	0	ok	no_transition
18688.971	1280	567	0.633229	0.000000	55.60	0.00	0.000	16.5810	x_only	5	0	ok	no_transition
18705.582	1280	567	0.633229	0.000000	55.60	0.00	0.000	16.6200	x_only	5	0	ok	no_transition
18722.112	1280	567	0.633229	0.000000	55.60	0.00	0.000	16.4210	x_only	5	0	ok	no_transition
18738.640	1280	567	0.633229	0.000000	55.60	0.00	0.000	16.6139	x_only	5	0	ok	no_transition
18755.209	1280	567	0.633229	0.000000	55.60	0.00	0.000	16.5031	x_only	5	0	ok	no_transition
18772.099	1280	567	0.633229	0.000000	55.60	0.00	0.000	17.2553	x_only	5	0	ok	no_transition
18788.978	1280	567	0.633229	0.000000	55.60	0.00	0.000	16.4825	x_only	5	0	ok	no_transition
18805.753	1280	567	0.633229	0.000000	55.60	0.00	0.000	17.0491	x_only	5	0	ok	no_transition
18822.770	1280	567	0.633229	0.000000	55.60	0.00	0.000	16.9563	x_only	5	0	ok	no_transition
18836.235	1280	567	0.000000	0.000000	0.00	0.00	0.000	9.9515	blind	0	0	no_transition	no_transition
18852.548	1280	567	0.000000	0.000000	0.00	0.00	0.000	22.6582	blind	0	0	no_transition	no_transition
18872.180	1280	567	0.000000	0.000000	0.00	0.00	0.000	16.5899	blind	0	0	no_transition	no_transition
18888.854	1280	567	0.000000	0.000000	0.00	0.00	0.000	16.7383	blind	0	0	no_transition	no_transition
18905.319	1280	567	0.000000	0.000000	0.00	0.00	0.000	16.1805	blind	0	0	no_transition	no_transition
18921.732	1280	567	0.000000	0.000000	0.00	0.00	0.000	16.6274	blind	0	0	no_transition	no_transition
18938.894	1280	567	0.000000	0.000000	0.00	0.00	0.000	17.6780	blind	0	0	no_transition	no_transition
18955.692	1280	567	0.000000	0.000000	0.00	0.00	0.000	15.8974	blind	0	0	no_transition	no_transition
18972.137	1280	567	0.000000	0.000000	0.00	0.00	0.000	16.9719	blind	0	0	no_transition	no_transition
18988.993	1280	567	0.000000	0.000000	0.00	0.00	0.000	16.6428	blind	0	0	no_transition	no_transition
19005.626	1280	567	0.000000	0.000000	0.00	0.00	0.000	16.6024	blind	0	0	no_transition	no_transition
19022.219	1280	567	0.000000	0.000000	0.00	0.00	0.000	16.5651	blind	0	0	no_transition	no_transition
19038.884	1280	567	0.000000	0.000000	0.00	0.00	0.000	16.7374	blind	0	0	no_transition	no_transition
19055.361	1280	567	0.000000	0.000000	0.00	0.00	0.000	16.1941	blind	0	0	no_transition	no_transition
19072.484	1280	567	0.000000	0.000000	0.00	0.00	0.000	18.0320	blind	0	0	no_transition	no_transition
19086.066	1280	567	0.000000	0.000000	0.00	0.00	0.000	9.1153	blind	0	0	no_transition	no_transition
19102.284	1280	567	0.000000	0.000000	0.00	0.00	0.000	23.3047	blind	0	0	no_transition	no_transition
19122.091	1280	567	0.000000	0.000000	0.00	0.00	0.000	16.2897	blind	0	0	no_transition	no_transition
19138.839	1280	567	0.000000	0.000000	0.00	0.00	0.000	17.1869	blind	0	0	no_transition	no_transition
19155.699	1280	567	0.000000	0.000000	0.00	0.00	0.000	16.5151	blind	0	0	no_transition	no_transition
19172.264	1280	567	0.000000	0.000000	0.00	0.00	0.000	16.5806	blind	0	0	no_transition	no_transition
19188.925	1280	567	0.000000	0.000000	0.00	0.00	0.000	16.7238	blind	0	0	no_transition	no_transition
19205.788	1280	567	0.000000	0.000000	0.00	0.00	0.000	16.9839	blind	0	0	no_transition	no_transition
19222.402	1280	567	0.000000	0.000000	0.00	0.00	0.000	16.2246	blind	0	0	no_transition	no_transition
19238.901	1280	567	0.000000	0.000000	0.00	0.00	0.000	16.7536	blind	0	0	no_transition	no_transition
19255.479	1280	567	0.000000	0.000000	0.00	0.00	0.000	16.3837	blind	0	0	no_transition	no_transition
19272.282	1280	567	0.000000	0.000000	0.00	0.00	0.000	17.1999	blind	0	0	no_transition	no_transition
19288.971	1280	567	0.000000	0.000000	0.00	0.00	0.000	16.1600	blind	0	0	no_transition	no_transition
19305.561	1280	567	0.000000	0.000000	0.00	0.00	0.000	16.9990	blind	0	0	no_transition	no_transition
19322.085	1280	567	0.000000	0.000000	0.00	0.00	0.000	16.0283	blind	0	0	no_transition	no_transition
19338.515	1280	567	0.000000	0.000000	0.00	0.00	0.000	16.8139	blind	0	0	no_transition	no_transition
19355.272	1280	567	0.000000	0.000000	0.00	0.00	0.000	16.6819	blind	0	0	no_transition	no_transition
19371.931	1280	567	0.000000	0.000000	0.00	0.00	0.000	16.6173	blind	0	0	no_transition	no_transition
19388.465	1280	567	0.000000	0.000000	0.00	0.00	0.000	16.4377	blind	0	0	no_transition	no_transition
19405.092	1280	567	0.000000	0.000000	0.00	0.00	0.000	16.8015	blind	0	0	no_transition	no_transition
19421.813	1280	567	0.000000	0.000000	0.00	0.00	0.000	16.6232	blind	0	0	no_transition	no_transition
19438.760	1280	567	0.000000	0.000000	0.00	0.00	0.000	17.2545	blind	0	0	no_transition	no_transition
19456.038	1280	567	0.000000	0.000000	0.00	0.00	0.000	17.2801	blind	0	0	no_transition	no_transition
19472.422	1280	567	0.000000	0.000000	0.00	0.00	0.000	15.4636	blind	0	0	no_transition	no_transition
19488.570	1280	567	0.000000	0.000000	0.00	0.00	0.000	16.8131	blind	0	0	no_transition	no_transition
19506.147	1280	567	0.000000	0.000000	0.00	0.00	0.000	18.3123	blind	0	0	no_transition	no_transition
19519.547	1280	567	0.000000	0.000000	0.00	0.00	0.000	8.4670	blind	0	0	no_transition	no_transition
19535.617	1280	567	0.000000	0.000000	0.00	0.00	0.000	23.6574	blind	0	0	no_transition	no_transition
19555.645	1280	567	0.000000	0.000000	0.00	0.00	0.000	16.3778	blind	0	0	no_transition	no_transition
19572.115	1280	567	0.000000	0.000000	0.00	0.00	0.000	16.5446	blind	0	0	no_transition	no_transition
19588.586	1280	567	0.000000	0.000000	0.00	0.00	0.000	16.3810	blind	0	0	no_transition	no_transition
19605.140	1280	567	0.000000	0.000000	0.00	0.00	0.000	16.7059	blind	0	0	no_transition	no_transition
19621.903	1280	567	0.000000	0.000000	0.00	0.00	0.000	16.8018	blind	0	0	no_transition	no_transition
19638.742	1280	567	0.000000	0.000000	0.00	0.00	0.000	16.8585	blind	0	0	no_transition	no_transition
19655.299	1280	567	0.000000	0.000000	0.00	0.00	0.000	16.2423	blind	0	0	no_transition	no_transition
19671.843	1280	567	0.000000	0.000000	0.00	0.00	0.000	16.7714	blind	0	0	no_transition	no_transition
19688.679	1280	567	0.000000	0.000000	0.00	0.00	0.000	16.8809	blind	0	0	no_transition	no_transition
19705.373	1280	567	0.000000	0.000000	0.00	0.00	0.000	16.4896	blind	0	0	no_transition	no_transition
19722.483	1280	567	0.000000	0.000000	0.00	0.00	0.000	17.7112	blind	0	0	no_transition	no_transition
19739.266	1280	567	0.000000	0.000000	0.00	0.00	0.000	15.8362	blind	0	0	no_transition	no_transition
19755.393	1280	567	0.000000	0.000000	0.00	0.00	0.000	16.3986	blind	0	0	no_transition	no_transition
19772.067	1280	567	0.000000	0.000000	0.00	0.00	0.000	16.9337	blind	0	0	no_transition	no_transition
19789.027	1280	567	0.000000	0.000000	0.00	0.00	0.000	16.9591	blind	0	0	no_transition	no_transition
19805.491	1280	567	0.000000	0.000000	0.00	0.00	0.000	15.9559	blind	0	0	no_transition	no_transition
19821.838	1280	567	0.000000	0.000000	0.00	0.00	0.000	16.7186	blind	0	0	no_transition	no_transition
19838.917	1280	567	0.000000	0.000000	0.00	0.00	0.000	17.4248	blind	0	0	no_transition	no_transition
19852.337	1280	567	0.000000	0.000000	0.00	0.00	0.000	9.3889	blind	0	0	no_transition	no_transition
19868.773	1280	567	0.000000	0.000000	0.00	0.00	0.000	23.4676	blind	0	0	no_transition	no_transition
19888.817	1280	567	0.000000	0.000000	0.00	0.00	0.000	16.6009	blind	0	0	no_transition	no_transition
19905.421	1280	567	0.000000	0.000000	0.00	0.00	0.000	16.5882	blind	0	0	no_transition	no_transition
19922.043	1280	567	0.000000	0.000000	0.00	0.00	0.000	16.6374	blind	0	0	no_transition	no_transition
19938.809	1280	567	0.000000	0.000000	0.00	0.00	0.000	16.8769	blind	0	0	no_transition	no_transition
19955.658	1280	567	0.000000	0.000000	0.00	0.00	0.000	16.8022	blind	0	0	no_transition	no_transition
19972.734	1280	567	0.000000	0.000000	0.00	0.00	0.000	17.3249	blind	0	0	no_transition	no_transition
19989.230	1280	567	0.000000	0.000000	0.00	0.00	0.000	15.6490	blind	0	0	no_transition	no_transition
20005.444	1280	567	0.000000	0.000000	0.00	0.00	0.000	16.7578	blind	0	0	no_transition	no_transition
20022.330	1280	567	0.000000	0.000000	0.00	0.00	0.000	16.9952	blind	0	0	no_transition	no_transition
20038.988	1280	567	0.000000	0.000000	0.00	0.00	0.000	16.3032	blind	0	0	no_transition	no_transition
20055.572	1280	567	0.000000	0.000000	0.00	0.00	0.000	16.8435	blind	0	0	no_transition	no_transition
20072.155	1280	567	0.000000	0.000000	0.00	0.00	0.000	16.3021	blind	0	0	no_transition	no_transition
20089.098	1280	567	0.000000	0.000000	0.00	0.00	0.000	17.5643	blind	0	0	no_transition	no_transition
20105.698	1280	567	0.623333	0.000000	63.60	0.00	0.000	15.6170	x_only	5	0	ok	no_transition
20121.927	1280	567	0.623333	0.000000	63.60	0.00	0.000	16.8123	x_only	5	0	ok	no_transition
20138.491	1280	567	0.623333	0.000000	63.60	0.00	0.000	16.2952	x_only	5	0	ok	no_transition
20155.061	1280	567	0.623333	0.000000	63.60	0.00	0.000	16.8254	x_only	5	0	ok	no_transition
20171.923	1280	567	0.623333	0.000000	63.60	0.00	0.000	16.8770	x_only	5	0	ok	no_transition
20188.701	1280	567	0.623333	0.000000	63.60	0.00	0.000	16.6613	x_only	5	0	ok	no_transition
20205.396	1280	567	0.623333	0.000000	63.60	0.00	0.000	16.7096	x_only	5	0	ok	no_transition
20222.166	1280	567	0.623333	0.000000	63.60	0.00	0.000	16.8011	x_only	5	0	ok	no_transition
20238.885	1280	567	0.623333	0.000000	63.60	0.00	0.000	16.6133	x_only	5	0	ok	no_transition
20255.433	1280	567	0.623333	0.000000	63.60	0.00	0.000	16.4631	x_only	5	0	ok	no_transition
20272.339	1280	567	0.623333	0.000000	63.60	0.00	0.000	17.3286	x_only	5	0	ok	no_transition
20289.026	1280	567	0.623333	0.000000	63.60	0.00	0.000	16.0225	x_only	5	0	ok	no_transition
20305.405	1280	567	0.623333	0.000000	63.60	0.00	0.000	16.7154	x_only	5	0	ok	no_transition
20321.983	1280	567	0.623333	0.000000	63.60	0.00	0.000	16.4217	x_only	5	0	ok	no_transition
20338.690	1280	567	0.623333	0.000000	63.60	0.00	0.000	16.9722	x_only	5	0	ok	no_transition
20355.508	1280	567	0.623333	0.000000	63.60	0.00	0.000	16.6444	x_only	5	0	ok	no_transition
20372.305	1280	567	0.623333	0.000000	63.60	0.00	0.000	16.9301	x_only	5	0	ok	no_transition
20389.180	1280	567	0.623333	0.000000	63.60	0.00	0.000	16.7339	x_only	5	0	ok	no_transition
20405.537	1280	567	0.623333	0.000000	63.60	0.00	0.000	15.9613	x_only	5	0	ok	no_transition
20421.789	1280	567	0.623333	0.000000	63.60	0.00	0.000	16.5218	x_only	5	0	ok	no_transition
20438.720	1280	567	0.623333	0.000000	63.60	0.00	0.000	17.3204	x_only	5	0	ok	no_transition
20455.611	1280	567	0.623333	0.000000	63.60	0.00	0.000	16.4387	x_only	5	0	ok	no_transition
20472.185	1280	567	0.623333	0.000000	63.60	0.00	0.000	16.6888	x_only	5	0	ok	no_transition
20489.634	1280	567	0.623333	0.000000	63.60	0.00	0.000	18.1863	x_only	5	0	ok	no_transition
20503.676	1280	567	0.623333	0.000000	63.60	0.00	0.000	9.8773	x_only	5	0	ok	no_transition
20519.519	1280	567	0.545312	0.000000	125.60	0.00	0.000	21.7898	x_only	5	0	ok	no_transition
20538.767	1280	567	0.545312	0.000000	125.60	0.00	0.000	16.6840	x_only	5	0	ok	no_transition
20555.407	1280	567	0.545312	0.000000	125.60	0.00	0.000	16.5764	x_only	5	0	ok	no_transition
20572.073	1280	567	0.545312	0.000000	125.60	0.00	0.000	16.7366	x_only	5	0	ok	no_transition
20588.836	1280	567	0.545312	0.000000	125.60	0.00	0.000	16.7758	x_only	5	0	ok	no_transition
20605.565	1280	567	0.545312	0.000000	125.60	0.00	0.000	16.6691	x_only	5	0	ok	no_transition
20622.019	1280	567	0.545312	0.000000	125.60	0.00	0.000	16.2170	x_only	5	0	ok	no_transition
20638.563	1280	567	0.545312	0.000000	125.60	0.00	0.000	16.8597	x_only	5	0	ok	no_transition
20655.464	1280	567	0.545312	0.000000	125.60	0.00	0.000	16.9285	x_only	5	0	ok	no_transition
20672.140	1280	567	0.545312	0.000000	125.60	0.00	0.000	16.4034	x_only	5	0	ok	no_transition
20688.786	1280	567	0.545312	0.000000	125.60	0.00	0.000	16.8696	x_only	5	0	ok	no_transition
20705.623	1280	567	0.545312	0.000000	125.60	0.00	0.000	16.7836	x_only	5	0	ok	no_transition
20722.270	1280	567	0.545312	0.000000	125.60	0.00	0.000	16.4890	x_only	5	0	ok	no_transition
20738.824	1280	567	0.545312	0.000000	125.60	0.00	0.000	16.5988	x_only	5	0	ok	no_transition
20755.556	1280	567	0.545312	0.000000	125.60	0.00	0.000	16.8440	x_only	5	0	ok	no_transition
20772.358	1280	567	0.545312	0.000000	125.60	0.00	0.000	16.7398	x_only	5	0	ok	no_transition
20788.685	1280	567	0.545312	0.000000	125.60	0.00	0.000	15.8939	x_only	5	0	ok	no_transition
20805.187	1280	567	0.545312	0.000000	125.60	0.00	0.000	17.0868	x_only	5	0	ok	no_transition
20822.070	1280	567	0.545312	0.000000	125.60	0.00	0.000	16.6593	x_only	5	0	ok	no_transition
20839.243	1280	567	0.545312	0.000000	125.60	0.00	0.000	17.6661	x_only	5	0	ok	no_transition
20852.806	1280	567	0.500833	0.500000	161.20	24.00	0.167	9.4379	ok	5	3	ok	ok
20868.884	1280	567	0.500833	0.500000	161.20	24.00	0.167	22.7008	ok	5	3	ok	ok
20889.052	1280	567	0.500833	0.500000	161.20	24.00	0.167	17.6151	ok	5	3	ok	ok
20905.619	1280	567	0.500833	0.500000	161.20	24.00	0.167	15.4947	ok	5	3	ok	ok
20921.856	1280	567	0.500833	0.500000	161.20	24.00	0.167	16.9602	ok	5	3	ok	ok
20938.851	1280	567	0.500833	0.500000	161.20	24.00	0.167	17.0077	ok	5	3	ok	ok
20955.580	1280	567	0.500833	0.500000	161.20	24.00	0.167	16.4307	ok	5	3	ok	ok
20972.160	1280	567	0.500833	0.500000	161.20	24.00	0.167	16.7087	ok	5	3	ok	ok
20989.332	1280	567	0.500833	0.500000	161.20	24.00	0.167	17.6155	ok	5	3	ok	ok
21006.015	1280	567	0.500833	0.500000	161.20	24.00	0.167	15.7257	ok	5	3	ok	ok
21022.345	1280	567	0.500833	0.500000	161.20	24.00	0.167	16.9125	ok	5	3	ok	ok
21039.295	1280	567	0.500833	0.500000	161.20	24.00	0.167	16.9684	ok	5	3	ok	ok
21055.727	1280	567	0.500833	0.500000	161.20	24.00	0.167	15.8736	ok	5	3	ok	ok
21072.340	1280	567	0.500833	0.500000	161.20	24.00	0.167	17.3231	ok	5	3	ok	ok
21089.115	1280	567	0.500833	0.500000	161.20	24.00	0.167	16.2067	ok	5	3	ok	ok
21105.577	1280	567	0.500833	0.500000	161.20	24.00	0.167	16.6967	ok	5	3	ok	ok
21122.273	1280	567	0.500833	0.500000	161.20	24.00	0.167	16.6725	ok	5	3	ok	ok
21138.971	1280	567	0.500833	0.500000	161.20	24.00	0.167	16.7041	ok	5	3	ok	ok
21155.562	1280	567	0.500833	0.500000	161.20	24.00	0.167	16.4645	ok	5	3	ok	ok
21172.079	1280	567	0.500833	0.500000	161.20	24.00	0.167	16.5478	ok	5	3	ok	ok
21188.873	1280	567	0.500833	0.500000	161.20	24.00	0.167	16.9655	ok	5	3	ok	ok
21206.294	1280	567	0.500833	0.500000	161.20	24.00	0.167	17.8545	ok	5	3	ok	ok
21222.946	1280	567	0.438333	0.437963	211.20	61.50	0.085	15.4301	ok	5	4	ok	ok
21238.958	1280	567	0.438333	0.437963	211.20	61.50	0.085	16.5719	ok	5	4	ok	ok
21255.478	1280	567	0.438333	0.437963	211.20	61.50	0.085	16.4485	ok	5	4	ok	ok
21272.060	1280	567	0.438333	0.437963	211.20	61.50	0.085	16.6925	ok	5	4	ok	ok
21288.498	1280	567	0.438333	0.437963	211.20	61.50	0.085	16.1640	ok	5	4	ok	ok
21305.008	1280	567	0.438333	0.437963	211.20	61.50	0.085	16.8353	ok	5	4	ok	ok
21321.827	1280	567	0.438333	0.437963	211.20	61.50	0.085	16.7723	ok	5	4	ok	ok
21338.620	1280	567	0.438333	0.437963	211.20	61.50	0.085	16.7928	ok	5	4	ok	ok
21355.560	1280	567	0.438333	0.437963	211.20	61.50	0.085	17.0676	ok	5	4	ok	ok
21372.245	1280	567	0.438333	0.437963	211.20	61.50	0.085	16.2844	ok	5	4	ok	ok
21388.792	1280	567	0.438333	0.437963	211.20	61.50	0.085	16.7891	ok	5	4	ok	ok
21405.469	1280	567	0.438333	0.437963	211.20	61.50	0.085	16.5436	ok	5	4	ok	ok
21422.170	1280	567	0.438333	0.437963	211.20	61.50	0.085	16.8378	ok	5	4	ok	ok
21439.231	1280	567	0.438333	0.437963	211.20	61.50	0.085	17.2712	ok	5	4	ok	ok
21455.911	1280	567	0.438333	0.437963	211.20	61.50	0.085	16.0667	ok	5	4	ok	ok
21472.548	1280	567	0.438333	0.437963	211.20	61.50	0.085	17.1887	ok	5	4	ok	ok
21489.186	1280	567	0.438333	0.437963	211.20	61.50	0.085	16.0702	ok	5	4	ok	ok
21506.086	1280	567	0.438333	0.437963	211.20	61.50	0.085	17.7096	ok	5	4	ok	ok
21523.217	1280	567	0.438333	0.437963	211.20	61.50	0.085	16.5333	ok	5	4	ok	ok
21536.130	1280	567	0.438333	0.437963	211.20	61.50	0.085	9.2703	ok	5	4	ok	ok
21552.452	1280	567	0.438333	0.437963	211.20	61.50	0.085	23.3556	ok	5	4	ok	ok
21572.451	1280	567	0.438333	0.437963	211.20	61.50	0.085	16.6206	ok	5	4	ok	ok
21589.208	1280	567	0.438333	0.437963	211.20	61.50	0.085	16.8655	ok	5	4	ok	ok
21605.885	1280	567	0.438333	0.437963	211.20	61.50	0.085	16.4667	ok	5	4	ok	ok
21622.396	1280	567	0.438333	0.437963	211.20	61.50	0.085	16.5340	ok	5	4	ok	ok
21639.110	1280	567	0.438333	0.437963	211.20	61.50	0.085	16.8736	ok	5	4	ok	ok
21655.612	1280	567	0.438333	0.437963	211.20	61.50	0.085	16.1090	ok	5	4	ok	ok
21672.277	1280	567	0.438333	0.437963	211.20	61.50	0.085	17.2002	ok	5	4	ok	ok
21686.180	1280	567	0.438333	0.437037	219.20	54.00	0.297	10.5786	ok	5	3	ok	ok
21702.933	1280	567	0.438333	0.437037	223.20	51.00	0.297	22.9036	ok	5	3	ok	ok
21719.397	1280	567	0.438333	0.437037	228.20	49.00	0.297	10.0068	ok	5	3	ok	ok
21735.940	1280	567	0.438333	0.437037	232.20	46.00	0.297	23.0585	ok	5	3	ok	ok
21752.961	1280	567	0.438333	0.437037	234.20	44.00	0.297	10.9626	ok	5	3	ok	ok
21769.699	1280	567	0.438333	0.437037	238.20	41.00	0.297	22.4927	ok	5	3	ok	ok
21789.055	1280	567	0.438125	0.437037	241.40	39.00	0.249	16.1982	ok	5	3	ok	ok
21805.649	1280	567	0.438125	0.437037	243.40	37.00	0.249	16.9753	ok	5	3	ok	ok
21822.485	1280	567	0.438125	0.437037	246.40	35.00	0.249	16.6749	ok	5	3	ok	ok
21839.224	1280	567	0.438125	0.437037	249.40	33.00	0.249	16.7864	ok	5	3	ok	ok
21856.142	1280	567	0.438021	0.437037	252.50	29.00	0.225	17.0305	ok	4	3	ok	ok
21869.603	1280	567	0.438021	0.437037	257.50	26.00	0.225	9.8688	ok	4	3	ok	ok
21886.190	1280	567	0.438021	0.437037	262.50	22.00	0.225	23.2839	ok	4	3	ok	ok
21902.719	1280	567	0.438021	0.437037	266.50	18.00	0.225	9.7545	ok	4	3	ok	ok
21919.033	1280	567	0.438021	0.437654	275.50	10.67	0.084	22.8515	ok	4	3	ok	ok
21935.719	1280	567	0.438021	0.437654	278.50	9.67	0.084	10.4999	ok	4	3	ok	ok
21951.805	1280	567	0.438021	0.437654	285.50	3.67	0.084	21.6520	ok	4	3	ok	ok
21970.990	1280	567	0.438021	0.000000	289.50	0.00	0.000	16.6935	x_only	4	0	ok	ends_differ
21987.404	1280	567	0.438021	0.000000	296.50	0.00	0.000	16.1121	x_only	4	0	ok	ends_differ
22004.035	1280	567	0.438021	0.000000	299.50	0.00	0.000	17.1302	x_only	4	0	ok	ends_differ
22021.184	1280	567	0.438021	0.000000	299.50	0.00	0.000	17.1469	x_only	4	0	ok	ends_differ
22037.414	1280	567	0.438021	0.000000	305.50	0.00	0.000	15.2937	x_only	4	0	ok	ends_differ
22053.686	1280	567	0.438021	0.000000	305.50	0.00	0.000	17.2229	x_only	4	0	ok	ends_differ
22070.461	1280	567	0.438281	0.000000	315.25	0.00	0.000	16.2548	x_only	4	0	ok	ends_differ
22087.716	1280	567	0.438281	0.000000	315.25	0.00	0.000	18.2350	x_only	4	0	ok	ends_differ
22104.628	1280	567	0.438281	0.000000	325.25	0.00	0.000	15.5682	x_only	4	0	ok	ends_differ
22120.346	1280	567	0.438281	0.000000	332.25	0.00	0.000	15.8266	x_only	4	0	ok	ends_differ
22136.732	1280	567	0.438281	0.000000	334.25	0.00	0.000	16.9229	x_only	4	0	ok	ends_differ
22153.983	1280	567	0.438281	0.000000	335.25	0.00	0.000	17.5577	x_only	4	0	ok	ends_differ
22170.378	1280	567	0.438281	0.000000	335.25	0.00	0.000	15.2113	x_only	4	0	ok	ends_differ
22186.762	1280	567	0.438281	0.000000	335.25	0.00	0.000	17.5360	x_only	4	0	ok	ends_differ
22203.656	1280	567	0.438281	0.000000	335.25	0.00	0.000	16.2320	x_only	4	0	ok	ends_differ
22220.175	1280	567	0.438281	0.000000	335.25	0.00	0.000	16.7811	x_only	4	0	ok	ends_differ
22236.847	1280	567	0.438281	0.000000	335.25	0.00	0.000	16.5419	x_only	4	0	ok	ends_differ
22253.501	1280	567	0.438281	0.000000	335.25	0.00	0.000	16.7460	x_only	4	0	ok	ends_differ
22270.196	1280	567	0.438281	0.000000	335.25	0.00	0.000	16.6241	x_only	4	0	ok	ends_differ
22286.898	1280	567	0.438281	0.000000	335.25	0.00	0.000	16.7593	x_only	4	0	ok	ends_differ
22303.609	1280	567	0.438281	0.000000	335.25	0.00	0.000	16.6399	x_only	4	0	ok	ends_differ
22320.017	1280	567	0.438281	0.000000	335.25	0.00	0.000	16.1537	x_only	4	0	ok	ends_differ
22337.076	1280	567	0.438281	0.000000	335.25	0.00	0.000	17.9435	x_only	4	0	ok	ends_differ
22353.880	1280	567	0.438281	0.000000	335.25	0.00	0.000	15.6404	x_only	4	0	ok	ends_differ
22369.955	1280	567	0.438281	0.000000	335.25	0.00	0.000	16.4893	x_only	4	0	ok	ends_differ
22387.145	1280	567	0.438281	0.000000	335.25	0.00	0.000	17.8686	x_only	4	0	ok	ends_differ
22403.803	1280	567	0.438281	0.000000	335.25	0.00	0.000	15.4354	x_only	4	0	ok	ends_differ
22419.859	1280	567	0.438281	0.000000	335.25	0.00	0.000	16.6558	x_only	4	0	ok	ends_differ
22436.827	1280	567	0.438281	0.000000	335.25	0.00	0.000	17.2620	x_only	4	0	ok	ends_differ
22453.659	1280	567	0.438281	0.000000	335.25	0.00	0.000	16.3804	x_only	4	0	ok	ends_differ
22470.402	1280	567	0.438281	0.000000	335.25	0.00	0.000	17.0850	x_only	4	0	ok	ends_differ
22486.871	1280	567	0.438281	0.000000	335.25	0.00	0.000	15.8229	x_only	4	0	ok	ends_differ
22503.298	1280	567	0.438281	0.000000	335.25	0.00	0.000	17.0101	x_only	4	0	ok	ends_differ
22520.758	1280	567	0.438281	0.000000	335.25	0.00	0.000	17.8903	x_only	4	0	ok	ends_differ
22537.600	1280	567	0.438281	0.000000	335.25	0.00	0.000	15.7592	x_only	4	0	ok	ends_differ
22553.833	1280	567	0.438281	0.000000	335.25	0.00	0.000	16.6834	x_only	4	0	ok	ends_differ
22570.046	1280	567	0.438281	0.000000	335.25	0.00	0.000	15.7196	x_only	4	0	ok	ends_differ
22586.618	1280	567	0.438281	0.000000	335.25	0.00	0.000	17.4027	x_only	4	0	ok	ends_differ
22603.562	1280	567	0.438281	0.000000	335.25	0.00	0.000	16.4638	x_only	4	0	ok	ends_differ
22620.417	1280	567	0.438281	0.000000	335.25	0.00	0.000	17.2254	x_only	4	0	ok	ends_differ
22637.073	1280	567	0.438281	0.000000	335.25	0.00	0.000	16.0662	x_only	4	0	ok	ends_differ
22653.710	1280	567	0.438281	0.000000	335.25	0.00	0.000	17.1938	x_only	4	0	ok	ends_differ
22670.303	1280	567	0.438281	0.000000	334.25	0.00	0.000	15.9704	x_only	4	0	ok	ends_differ
22686.467	1280	567	0.438281	0.000000	334.25	0.00	0.000	16.3418	x_only	4	0	ok	ends_differ
22703.427	1280	567	0.438281	0.000000	334.25	0.00	0.000	17.5574	x_only	4	0	ok	ends_differ
22720.371	1280	567	0.438281	0.000000	334.25	0.00	0.000	16.3116	x_only	4	0	ok	ends_differ
22736.926	1280	567	0.438281	0.000000	333.25	0.00	0.000	16.7785	x_only	4	0	ok	ends_differ
22754.044	1280	567	0.438281	0.000000	332.25	0.00	0.000	17.4377	x_only	4	0	ok	ends_differ
22771.160	1280	567	0.438281	0.000000	330.25	0.00	0.000	16.7740	x_only	4	0	ok	ends_differ
22787.331	1280	567	0.438281	0.000000	329.25	0.00	0.000	15.5443	x_only	4	0	ok	ends_differ
22803.746	1280	567	0.438281	0.000000	328.25	0.00	0.000	17.2671	x_only	4	0	ok	ends_differ
22820.408	1280	567	0.438281	0.000000	324.25	0.00	0.000	16.0330	x_only	4	0	ok	ends_differ
22836.860	1280	567	0.438281	0.000000	319.25	0.00	0.000	16.7935	x_only	4	0	ok	ends_differ
22853.907	1280	567	0.438281	0.000000	313.25	0.00	0.000	17.2793	x_only	4	0	ok	ends_differ
22871.113	1280	567	0.438281	0.000000	308.25	0.00	0.000	17.1139	x_only	4	0	ok	ends_differ
22887.465	1280	567	0.438021	0.000000	303.50	0.00	0.000	15.5685	x_only	4	0	ok	ends_differ
22903.817	1280	567	0.438021	0.000000	297.50	0.00	0.000	17.1164	x_only	4	0	ok	ends_differ
22920.422	1280	567	0.438021	0.000000	292.50	0.00	0.000	16.0718	x_only	4	0	ok	ends_differ
22936.937	1280	567	0.438021	0.000000	287.50	0.00	0.000	16.9378	x_only	4	0	ok	ends_differ
22954.002	1280	567	0.438021	0.000000	283.50	0.00	0.000	17.1722	x_only	4	0	ok	ends_differ
22970.707	1280	567	0.438021	0.000000	278.50	0.00	0.000	16.2147	x_only	4	0	ok	ends_differ
22987.067	1280	567	0.438021	0.000000	274.50	0.00	0.000	16.4851	x_only	4	0	ok	ends_differ
23003.891	1280	567	0.438021	0.000000	270.50	0.00	0.000	17.1416	x_only	4	0	ok	ends_differ
23020.708	1280	567	0.438021	0.000000	267.50	0.00	0.000	16.4703	x_only	4	0	ok	ends_differ
23037.765	1280	567	0.438021	0.000000	263.50	0.00	0.000	17.6246	x_only	4	0	ok	ends_differ
23054.514	1280	567	0.438021	0.000000	259.50	0.00	0.000	15.8539	x_only	4	0	ok	ends_differ
23070.486	1280	567	0.438021	0.000000	256.50	0.00	0.000	16.0675	x_only	4	0	ok	ends_differ
23087.104	1280	567	0.438021	0.000000	252.50	0.00	0.000	17.1500	x_only	4	0	ok	ends_differ
23103.983	1280	567	0.438021	0.000000	247.50	0.00	0.000	16.5862	x_only	4	0	ok	ends_differ
23120.731	1280	567	0.438021	0.000000	242.50	0.00	0.000	16.8889	x_only	4	0	ok	ends_differ
23137.402	1280	567	0.438021	0.000000	237.50	0.00	0.000	16.4342	x_only	4	0	ok	ends_differ
23154.013	1280	567	0.438021	0.000000	229.50	0.00	0.000	16.7663	x_only	4	0	ok	ends_differ
23170.658	1280	567	0.438021	0.000000	222.50	0.00	0.000	16.5010	x_only	4	0	ok	ends_differ
23187.250	1280	567	0.438021	0.000000	216.50	0.00	0.000	16.6617	x_only	4	0	ok	ends_differ
23204.065	1280	567	0.438281	0.000000	209.25	0.00	0.000	16.9469	x_only	4	0	ok	ends_differ
23220.686	1280	567	0.438281	0.000000	200.25	0.00	0.000	16.2767	x_only	4	0	ok	ends_differ
23237.028	1280	567	0.438281	0.000000	192.25	0.00	0.000	16.3851	x_only	4	0	ok	ends_differ
23253.730	1280	567	0.438281	0.000000	183.25	0.00	0.000	16.9964	x_only	4	0	ok	ends_differ
23270.507	1280	567	0.438281	0.000000	172.25	0.00	0.000	16.5376	x_only	4	0	ok	ends_differ
23287.118	1280	567	0.438281	0.000000	164.25	0.00	0.000	16.6652	x_only	4	0	ok	ends_differ
23304.071	1280	567	0.438281	0.000000	155.25	0.00	0.000	17.2185	x_only	4	0	ok	ends_differ
23320.754	1280	567	0.438281	0.000000	149.25	0.00	0.000	16.1248	x_only	4	0	ok	ends_differ
23337.218	1280	567	0.438281	0.000000	143.25	0.00	0.000	16.7802	x_only	4	0	ok	ends_differ
23353.965	1280	567	0.438281	0.000000	139.25	0.00	0.000	16.6947	x_only	4	0	ok	ends_differ
23370.564	1280	567	0.438281	0.000000	134.25	0.00	0.000	16.4834	x_only	4	0	ok	ends_differ
23387.369	1280	567	0.438281	0.000000	129.25	0.00	0.000	17.1030	x_only	4	0	ok	ends_differ
23404.055	1280	567	0.438281	0.000000	123.25	0.00	0.000	16.2503	x_only	4	0	ok	ends_differ
23420.962	1280	567	0.438281	0.000000	116.25	0.00	0.000	17.5425	x_only	4	0	ok	ends_differ
23437.580	1280	567	0.438281	0.000000	109.25	0.00	0.000	15.6826	x_only	4	0	ok	ends_differ
23454.039	1280	567	0.438281	0.000000	101.25	0.00	0.000	17.2157	x_only	4	0	ok	ends_differ
23470.659	1280	567	0.438281	0.000000	94.25	0.00	0.000	16.0036	x_only	4	0	ok	ends_differ
23486.933	1280	567	0.438281	0.000000	88.25	0.00	0.000	16.5254	x_only	4	0	ok	ends_differ
23503.711	1280	567	0.438281	0.000000	82.25	0.00	0.000	17.0113	x_only	4	0	ok	ends_differ
23520.454	1280	567	0.438021	0.000000	77.50	0.00	0.000	16.4538	x_only	4	0	ok	ends_differ
23537.036	1280	567	0.438021	0.000000	73.50	0.00	0.000	16.6887	x_only	4	0	ok	ends_differ
23554.495	1280	567	0.438021	0.000000	70.50	0.00	0.000	18.2090	x_only	4	0	ok	ends_differ
23570.993	1280	567	0.438021	0.000000	67.50	0.00	0.000	14.7615	x_only	4	0	ok	ends_differ
23586.897	1280	567	0.438021	0.000000	65.50	0.00	0.000	17.0270	x_only	4	0	ok	ends_differ
23603.950	1280	567	0.438021	0.000000	63.50	0.00	0.000	17.0002	x_only	4	0	ok	ends_differ
23620.332	1280	567	0.438021	0.000000	61.50	0.00	0.000	15.7433	x_only	4	0	ok	ends_differ
23637.026	1280	567	0.438021	0.000000	60.50	0.00	0.000	17.6203	x_only	4	0	ok	ends_differ
23653.917	1280	567	0.438021	0.000000	59.50	0.00	0.000	16.1414	x_only	4	0	ok	ends_differ
23670.063	1280	567	0.438021	0.000000	58.50	0.00	0.000	16.1296	x_only	4	0	ok	ends_differ
23686.706	1280	567	0.438021	0.000000	56.50	0.00	0.000	17.1361	x_only	4	0	ok	ends_differ
23703.382	1280	567	0.438021	0.000000	54.50	0.00	0.000	16.1969	x_only	4	0	ok	ends_differ
23720.149	1280	567	0.438021	0.000000	52.50	0.00	0.000	17.3148	x_only	4	0	ok	ends_differ
23737.193	1280	567	0.438021	0.000000	51.50	0.00	0.000	16.7533	x_only	4	0	ok	ends_differ
23753.826	1280	567	0.438021	0.000000	51.50	0.00	0.000	16.4940	x_only	4	0	ok	ends_differ
23770.708	1280	567	0.438021	0.000000	50.50	0.00	0.000	17.2470	x_only	4	0	ok	ends_differ
23787.446	1280	567	0.438021	0.000000	49.50	0.00	0.000	16.2059	x_only	4	0	ok	ends_differ
23803.797	1280	567	0.438021	0.000000	47.50	0.00	0.000	16.4755	x_only	4	0	ok	ends_differ
23820.372	1280	567	0.438021	0.000000	46.50	0.00	0.000	16.6534	x_only	4	0	ok	ends_differ
23837.346	1280	567	0.438021	0.000000	44.50	0.00	0.000	17.2744	x_only	4	0	ok	ends_differ
23854.181	1280	567	0.438021	0.000000	43.50	0.00	0.000	16.3812	x_only	4	0	ok	ends_differ
23870.813	1280	567	0.438021	0.000000	42.50	0.00	0.000	16.8608	x_only	4	0	ok	ends_differ
23887.481	1280	567	0.438021	0.000000	42.50	0.00	0.000	16.4570	x_only	4	0	ok	ends_differ
23903.770	1280	567	0.438021	0.000000	42.50	0.00	0.000	16.1089	x_only	4	0	ok	ends_differ
23920.016	1280	567	0.438021	0.000000	42.50	0.00	0.000	16.3621	x_only	4	0	ok	ends_differ
23936.754	1280	567	0.438021	0.000000	41.50	0.00	0.000	17.0931	x_only	4	0	ok	ends_differ
23953.601	1280	567	0.438021	0.000000	40.50	0.00	0.000	16.5806	x_only	4	0	ok	ends_differ
23970.235	1280	567	0.438021	0.000000	40.50	0.00	0.000	16.6652	x_only	4	0	ok	ends_differ
23986.877	1280	567	0.438021	0.000000	39.50	0.00	0.000	16.6002	x_only	4	0	ok	ends_differ
24003.501	1280	567	0.438021	0.000000	39.50	0.00	0.000	16.6248	x_only	4	0	ok	ends_differ
24020.597	1280	567	0.438021	0.000000	39.50	0.00	0.000	17.5470	x_only	4	0	ok	ends_differ
24037.189	1280	567	0.438021	0.000000	39.50	0.00	0.000	15.6159	x_only	4	0	ok	ends_differ
24053.428	1280	567	0.438021	0.000000	39.50	0.00	0.000	16.8419	x_only	4	0	ok	ends_differ
24070.646	1280	567	0.438021	0.000000	39.50	0.00	0.000	17.5691	x_only	4	0	ok	ends_differ
24087.307	1280	567	0.438021	0.000000	39.50	0.00	0.000	15.7319	x_only	4	0	ok	ends_differ
24103.438	1280	567	0.438021	0.000000	39.50	0.00	0.000	16.5088	x_only	4	0	ok	ends_differ
24120.115	1280	567	0.438021	0.000000	39.50	0.00	0.000	16.8238	x_only	4	0	ok	ends_differ
24136.896	1280	567	0.438021	0.000000	39.50	0.00	0.000	16.7146	x_only	4	0	ok	ends_differ
24153.664	1280	567	0.438021	0.000000	39.50	0.00	0.000	16.7912	x_only	4	0	ok	ends_differ
24170.113	1280	567	0.438021	0.000000	39.50	0.00	0.000	16.0851	x_only	4	0	ok	ends_differ
24186.852	1280	567	0.438021	0.000000	39.50	0.00	0.000	17.3713	x_only	4	0	ok	ends_differ
24203.743	1280	567	0.438021	0.000000	39.50	0.00	0.000	16.3889	x_only	4	0	ok	ends_differ
24220.668	1280	567	0.438021	0.000000	39.50	0.00	0.000	17.4380	x_only	4	0	ok	ends_differ
24237.355	1280	567	0.438021	0.000000	39.50	0.00	0.000	15.9149	x_only	4	0	ok	ends_differ
24253.917	1280	567	0.438021	0.000000	39.50	0.00	0.000	17.1869	x_only	4	0	ok	ends_differ
24270.428	1280	567	0.438021	0.000000	39.50	0.00	0.000	15.8161	x_only	4	0	ok	ends_differ
24286.786	1280	567	0.438021	0.000000	39.50	0.00	0.000	16.8797	x_only	4	0	ok	ends_differ
24303.677	1280	567	0.438021	0.000000	39.50	0.00	0.000	16.8807	x_only	4	0	ok	ends_differ
24320.130	1280	567	0.438021	0.000000	39.50	0.00	0.000	16.0019	x_only	4	0	ok	ends_differ
24336.648	1280	567	0.438021	0.000000	39.50	0.00	0.000	17.0114	x_only	4	0	ok	ends_differ
24353.585	1280	567	0.438021	0.000000	39.50	0.00	0.000	16.8413	x_only	4	0	ok	ends_differ
24370.088	1280	567	0.438021	0.000000	39.50	0.00	0.000	16.0812	x_only	4	0	ok	ends_differ
24386.906	1280	567	0.438021	0.000000	39.50	0.00	0.000	17.5362	x_only	4	0	ok	ends_differ
24404.007	1280	567	0.438021	0.000000	39.50	0.00	0.000	16.6415	x_only	4	0	ok	ends_differ
24420.468	1280	567	0.438021	0.000000	39.50	0.00	0.000	16.2598	x_only	4	0	ok	ends_differ
24436.922	1280	567	0.438021	0.000000	39.50	0.00	0.000	16.6266	x_only	4	0	ok	ends_differ
24453.515	1280	567	0.438021	0.000000	39.50	0.00	0.000	16.5389	x_only	4	0	ok	ends_differ
24470.270	1280	567	0.438021	0.000000	39.50	0.00	0.000	16.9509	x_only	4	0	ok	ends_differ
24486.923	1280	567	0.438021	0.000000	39.50	0.00	0.000	16.3337	x_only	4	0	ok	ends_differ
24503.880	1280	567	0.438021	0.000000	39.50	0.00	0.000	17.5578	x_only	4	0	ok	ends_differ
24520.958	1280	567	0.438021	0.000000	39.50	0.00	0.000	16.5772	x_only	4	0	ok	ends_differ
24537.331	1280	567	0.438021	0.000000	39.50	0.00	0.000	16.1224	x_only	4	0	ok	ends_differ
24553.551	1280	567	0.438021	0.000000	39.50	0.00	0.000	16.2981	x_only	4	0	ok	ends_differ
24569.969	1280	567	0.438021	0.000000	39.50	0.00	0.000	16.5172	x_only	4	0	ok	ends_differ
24587.426	1280	567	0.438021	0.000000	39.50	0.00	0.000	18.3765	x_only	4	0	ok	ends_differ
24604.242	1280	567	0.438021	0.000000	39.50	0.00	0.000	15.2399	x_only	4	0	ok	ends_differ
24620.227	1280	567	0.438021	0.000000	39.50	0.00	0.000	16.7080	x_only	4	0	ok	ends_differ
24636.820	1280	567	0.438021	0.000000	39.50	0.00	0.000	16.4624	x_only	4	0	ok	ends_differ
24653.311	1280	567	0.438021	0.000000	39.50	0.00	0.000	16.5044	x_only	4	0	ok	ends_differ
24669.936	1280	567	0.438021	0.000000	39.50	0.00	0.000	16.7252	x_only	4	0	ok	ends_differ
24686.814	1280	567	0.438021	0.000000	39.50	0.00	0.000	17.0164	x_only	4	0	ok	ends_differ
24703.996	1280	567	0.438021	0.000000	39.50	0.00	0.000	17.3272	x_only	4	0	ok	ends_differ
24720.930	1280	567	0.438021	0.000000	41.50	0.00	0.000	16.5239	x_only	4	0	ok	ends_differ
24737.359	1280	567	0.438021	0.000000	43.50	0.00	0.000	16.3137	x_only	4	0	ok	ends_differ
24754.101	1280	567	0.438021	0.000000	45.50	0.00	0.000	17.1501	x_only	4	0	ok	ends_differ
24770.833	1280	567	0.438021	0.000000	48.50	0.00	0.000	16.2950	x_only	4	0	ok	ends_differ
24787.293	1280	567	0.438021	0.000000	54.50	0.00	0.000	16.6053	x_only	4	0	ok	ends_differ
24804.070	1280	567	0.438021	0.000000	59.50	0.00	0.000	16.9274	x_only	4	0	ok	ends_differ
24820.847	1280	567	0.438021	0.000000	63.50	0.00	0.000	16.6046	x_only	4	0	ok	ends_differ
24837.745	1280	567	0.438021	0.000000	68.50	0.00	0.000	17.1709	x_only	4	0	ok	ends_differ
24854.286	1280	567	0.438021	0.000000	72.50	0.00	0.000	15.8906	x_only	4	0	ok	ends_differ
24870.545	1280	567	0.438021	0.000000	78.50	0.00	0.000	16.6029	x_only	4	0	ok	ends_differ
24887.362	1280	567	0.438021	0.000000	83.50	0.00	0.000	17.0120	x_only	4	0	ok	ends_differ
24903.937	1280	567	0.438021	0.000000	88.50	0.00	0.000	16.1244	x_only	4	0	ok	ends_differ
24921.106	1280	567	0.438021	0.000000	94.50	0.00	0.000	18.1918	x_only	4	0	ok	ends_differ
24938.051	1280	567	0.438021	0.000000	101.50	0.00	0.000	15.6846	x_only	4	0	ok	ends_differ
24954.004	1280	567	0.438021	0.000000	108.50	0.00	0.000	16.2017	x_only	4	0	ok	ends_differ
24970.888	1280	567	0.438021	0.000000	114.50	0.00	0.000	17.5451	x_only	4	0	ok	ends_differ
24987.749	1280	567	0.438021	0.000000	121.50	0.00	0.000	16.1546	x_only	4	0	ok	ends_differ
25004.055	1280	567	0.438021	0.000000	129.50	0.00	0.000	16.4360	x_only	4	0	ok	ends_differ
25021.269	1280	567	0.438021	0.000000	137.50	0.00	0.000	17.9714	x_only	4	0	ok	ends_differ
25037.830	1280	567	0.438021	0.000000	146.50	0.00	0.000	15.1308	x_only	4	0	ok	ends_differ
25054.432	1280	567	0.438021	0.000000	156.50	0.00	0.000	18.0517	x_only	4	0	ok	ends_differ
25070.927	1280	567	0.438021	0.000000	166.50	0.00	0.000	14.9187	x_only	4	0	ok	ends_differ
25087.521	1280	567	0.438021	0.000000	175.50	0.00	0.000	18.2470	x_only	4	0	ok	ends_differ
25104.895	1280	567	0.438021	0.000000	185.50	0.00	0.000	16.4817	x_only	4	0	ok	ends_differ
25120.863	1280	567	0.438021	0.000000	196.50	0.00	0.000	15.4325	x_only	4	0	ok	ends_differ
25137.104	1280	567	0.438021	0.000000	207.50	0.00	0.000	17.0287	x_only	4	0	ok	ends_differ
25154.063	1280	567	0.438021	0.000000	216.50	0.00	0.000	16.8218	x_only	4	0	ok	ends_differ
25170.725	1280	567	0.438021	0.000000	227.50	0.00	0.000	16.4808	x_only	4	0	ok	ends_differ
25187.279	1280	567	0.438021	0.000000	236.50	0.00	0.000	16.6043	x_only	4	0	ok	ends_differ
25203.902	1280	567	0.438021	0.000000	244.50	0.00	0.000	16.6206	x_only	4	0	ok	ends_differ
25220.712	1280	567	0.438021	0.000000	254.50	0.00	0.000	16.9771	x_only	4	0	ok	ends_differ
25237.556	1280	567	0.438021	0.000000	262.50	0.00	0.000	16.6903	x_only	4	0	ok	ends_differ
25254.001	1280	567	0.438021	0.000000	273.50	0.00	0.000	16.1764	x_only	4	0	ok	ends_differ
25270.724	1280	567	0.438021	0.000000	282.50	0.00	0.000	17.2484	x_only	4	0	ok	ends_differ
25287.343	1280	567	0.438021	0.000000	290.50	0.00	0.000	15.9685	x_only	4	0	ok	ends_differ
25303.747	1280	567	0.438021	0.000000	298.50	0.00	0.000	16.8166	x_only	4	0	ok	ends_differ
25320.388	1280	567	0.438021	0.000000	305.50	0.00	0.000	16.4466	x_only	4	0	ok	ends_differ
25337.808	1280	567	0.438021	0.000000	311.50	0.00	0.000	18.3742	x_only	4	0	ok	ends_differ
25354.530	1280	567	0.438021	0.000000	316.50	0.00	0.000	15.0477	x_only	4	0	ok	ends_differ
25370.413	1280	567	0.438021	0.000000	322.50	0.00	0.000	16.6971	x_only	4	0	ok	ends_differ
25387.236	1280	567	0.438281	0.000000	325.25	0.00	0.000	16.9291	x_only	4	0	ok	ends_differ
25403.928	1280	567	0.438281	0.000000	329.25	0.00	0.000	16.4371	x_only	4	0	ok	ends_differ
25420.434	1280	567	0.438281	0.000000	333.25	0.00	0.000	16.5529	x_only	4	0	ok	ends_differ
25437.403	1280	567	0.438281	0.000000	339.25	0.00	0.000	17.3707	x_only	4	0	ok	ends_differ
25454.279	1280	567	0.438281	0.000000	345.25	0.00	0.000	16.3612	x_only	4	0	ok	ends_differ
25471.720	1280	567	0.438281	0.000000	351.25	0.00	0.000	18.4990	x_only	4	0	ok	ends_differ
25488.421	1280	567	0.438281	0.000000	357.25	0.00	0.000	14.8818	x_only	4	0	ok	ends_differ
25504.077	1280	567	0.438021	0.000000	364.50	0.00	0.000	16.4084	x_only	4	0	ok	ends_differ
25520.706	1280	567	0.438021	0.000000	369.50	0.00	0.000	16.8303	x_only	4	0	ok	ends_differ
25537.123	1280	567	0.438021	0.000000	374.50	0.00	0.000	15.9840	x_only	4	0	ok	ends_differ
25554.292	1280	567	0.438021	0.437963	378.50	4.50	0.013	18.3336	ok	4	4	ok	ok
25570.776	1280	567	0.438021	0.437963	381.50	7.50	0.013	14.6146	ok	4	4	ok	ok
25586.868	1280	567	0.438021	0.437963	382.50	9.50	0.013	17.5441	ok	4	4	ok	ok
25603.821	1280	567	0.438021	0.437963	383.50	10.50	0.013	16.3382	ok	4	4	ok	ok
25620.807	1280	567	0.438021	0.437963	384.50	10.50	0.013	17.6120	ok	4	4	ok	ok
25637.548	1280	567	0.438021	0.437963	384.50	11.50	0.013	15.8460	ok	4	4	ok	ok
25653.705	1280	567	0.438021	0.437963	384.50	12.50	0.013	16.4441	ok	4	4	ok	ok
25669.912	1280	567	0.438021	0.437963	384.50	12.50	0.013	15.9504	ok	4	4	ok	ok
25687.027	1280	567	0.438021	0.437963	384.50	13.50	0.013	18.2515	ok	4	4	ok	ok
25704.146	1280	567	0.438021	0.437963	384.50	13.50	0.013	15.9571	ok	4	4	ok	ok
25720.593	1280	567	0.438021	0.437963	383.50	14.50	0.013	16.8946	ok	4	4	ok	ok
25737.669	1280	567	0.438021	0.437963	382.50	15.50	0.013	17.2345	ok	4	4	ok	ok
25754.694	1280	567	0.438021	0.437963	381.50	16.50	0.013	16.7941	ok	4	4	ok	ok
25771.482	1280	567	0.438021	0.437963	379.50	16.50	0.013	16.7622	ok	4	4	ok	ok
25787.445	1280	567	0.438021	0.437963	378.50	17.50	0.013	15.1407	ok	4	4	ok	ok
25803.552	1280	567	0.438021	0.437963	375.50	17.50	0.013	17.0524	ok	4	4	ok	ok
25820.401	1280	567	0.438021	0.437963	371.50	18.50	0.013	16.6236	ok	4	4	ok	ok
25837.897	1280	567	0.438021	0.437963	368.50	18.50	0.013	18.3547	ok	4	4	ok	ok
25854.499	1280	567	0.438021	0.437963	365.50	20.50	0.013	14.8314	ok	4	4	ok	ok
25870.404	1280	567	0.438021	0.437963	362.50	20.50	0.013	16.9595	ok	4	4	ok	ok
25887.306	1280	567	0.438021	0.437963	359.50	20.50	0.013	16.8308	ok	4	4	ok	ok
25904.002	1280	567	0.438021	0.437963	356.50	21.50	0.013	16.5447	ok	4	4	ok	ok
25920.879	1280	567	0.438021	0.437963	352.50	22.50	0.013	17.1894	ok	4	4	ok	ok
25937.591	1280	567	0.438021	0.437963	348.50	24.50	0.013	16.2154	ok	4	4	ok	ok
25954.108	1280	567	0.438021	0.437963	344.50	24.50	0.013	16.7982	ok	4	4	ok	ok
25971.250	1280	567	0.438021	0.437963	340.50	25.50	0.013	17.4070	ok	4	4	ok	ok
25987.572	1280	567	0.438021	0.437963	336.50	26.50	0.013	15.2146	ok	4	4	ok	ok
26003.558	1280	567	0.438021	0.437963	332.50	26.50	0.013	16.7377	ok	4	4	ok	ok
26020.345	1280	567	0.438021	0.437963	328.50	28.50	0.013	16.8165	ok	4	4	ok	ok
26036.973	1280	567	0.438021	0.437963	324.50	28.50	0.013	16.4182	ok	4	4	ok	ok
26053.871	1280	567	0.438021	0.437963	319.50	28.50	0.013	17.3566	ok	4	4	ok	ok
26070.705	1280	567	0.438021	0.437963	315.50	28.50	0.013	16.2870	ok	4	4	ok	ok
26087.485	1280	567	0.438021	0.437963	311.50	29.50	0.013	17.2506	ok	4	4	ok	ok
26104.119	1280	567	0.438021	0.437963	305.50	30.50	0.013	15.9981	ok	4	4	ok	ok
26120.784	1280	567	0.437917	0.437963	299.60	31.50	0.011	17.3097	ok	5	4	ok	ok
26137.556	1280	567	0.437917	0.437654	292.60	31.67	0.060	16.2141	ok	5	3	ok	ok
26154.285	1280	567	0.438125	0.437654	284.40	32.67	0.108	17.2208	ok	5	3	ok	ok
26170.753	1280	567	0.438125	0.437654	278.40	32.67	0.108	15.6946	ok	5	3	ok	ok
26187.380	1280	567	0.438125	0.437037	270.40	33.00	0.249	17.5407	ok	5	3	ok	ok
26204.340	1280	567	0.438125	0.437037	262.40	33.00	0.249	16.3576	ok	5	3	ok	ok
26220.892	1280	567	0.438125	0.437037	253.40	33.00	0.249	16.7249	ok	5	3	ok	ok
26237.359	1280	567	0.438125	0.437037	242.40	33.00	0.249	16.1866	ok	5	3	ok	ok
26253.888	1280	567	0.438125	0.437037	230.40	33.00	0.249	16.8502	ok	5	3	ok	ok
26270.445	1280	567	0.438125	0.437037	218.40	33.00	0.249	16.2439	ok	5	3	ok	ok
26287.345	1280	567	0.438125	0.437963	204.40	32.50	0.037	17.5366	ok	5	4	ok	ok
26304.304	1280	567	0.438125	0.437963	189.40	32.50	0.037	16.3580	ok	5	4	ok	ok
26320.635	1280	567	0.438125	0.437963	174.40	32.50	0.037	16.2836	ok	5	4	ok	ok
26337.256	1280	567	0.438125	0.437963	160.40	32.50	0.037	16.9396	ok	5	4	ok	ok
26353.968	1280	567	0.438125	0.437963	145.40	32.50	0.037	16.4629	ok	5	4	ok	ok
26370.536	1280	567	0.438125	0.437963	131.40	32.50	0.037	16.6520	ok	5	4	ok	ok
26387.335	1280	567	0.438125	0.437963	119.40	32.50	0.037	16.9241	ok	5	4	ok	ok
26404.269	1280	567	0.438125	0.437963	108.40	32.50	0.037	16.9226	ok	5	4	ok	ok
26420.773	1280	567	0.438125	0.437963	96.40	33.50	0.037	16.0646	ok	5	4	ok	ok
26437.535	1280	567	0.438125	0.437963	86.40	35.50	0.037	17.4442	ok	5	4	ok	ok
26454.164	1280	567	0.438125	0.437963	77.40	39.50	0.037	15.7917	ok	5	4	ok	ok
26470.848	1280	567	0.438333	0.437500	68.20	42.75	0.190	17.5563	ok	5	4	ok	ok
26487.580	1280	567	0.438333	0.437037	61.20	46.00	0.297	15.8859	ok	5	3	ok	ok
26504.157	1280	567	0.438333	0.437037	55.20	49.00	0.297	17.2464	ok	5	3	ok	ok
26520.945	1280	567	0.438333	0.437037	49.20	53.00	0.297	16.3097	ok	5	3	ok	ok
26537.755	1280	567	0.438333	0.437037	44.20	56.00	0.297	17.2882	ok	5	3	ok	ok
26554.428	1280	567	0.438333	0.437037	40.20	59.00	0.297	16.0365	ok	5	3	ok	ok
26570.731	1280	567	0.438333	0.437037	36.20	63.00	0.297	16.5470	ok	5	3	ok	ok
26587.309	1280	567	0.438333	0.437037	33.20	68.00	0.297	16.5883	ok	5	3	ok	ok
26604.048	1280	567	0.438333	0.437037	29.20	74.00	0.297	16.8688	ok	5	3	ok	ok
26620.625	1280	567	0.438125	0.437037	27.40	79.00	0.249	16.2641	ok	5	3	ok	ok
26637.706	1280	567	0.438125	0.437037	24.40	84.00	0.249	17.8835	ok	5	3	ok	ok
26654.752	1280	567	0.438125	0.437037	23.40	89.00	0.249	16.1898	ok	5	3	ok	ok
26670.673	1280	567	0.438125	0.000000	22.40	0.00	0.000	15.6284	x_only	5	0	ok	ends_differ
26686.814	1280	567	0.438021	0.000000	20.50	0.00	0.000	16.6374	x_only	4	0	ok	ends_differ
26703.965	1280	567	0.438021	0.000000	19.50	0.00	0.000	17.6444	x_only	4	0	ok	ends_differ
26720.816	1280	567	0.438021	0.000000	19.50	0.00	0.000	16.0397	x_only	4	0	ok	ends_differ
26737.305	1280	567	0.438021	0.000000	18.50	0.00	0.000	16.9188	x_only	4	0	ok	ends_differ
26754.177	1280	567	0.438021	0.000000	17.50	0.00	0.000	16.8055	x_only	4	0	ok	ends_differ
26770.616	1280	567	0.438021	0.000000	16.50	0.00	0.000	16.0514	x_only	4	0	ok	ends_differ
26787.002	1280	567	0.438021	0.000000	15.50	0.00	0.000	16.7009	x_only	4	0	ok	ends_differ
26803.809	1280	567	0.438021	0.000000	15.50	0.00	0.000	16.8895	x_only	4	0	ok	ends_differ
26820.354	1280	567	0.438021	0.000000	14.50	0.00	0.000	16.1789	x_only	4	0	ok	ends_differ
26837.118	1280	567	0.438021	0.000000	13.50	0.00	0.000	17.2651	x_only	4	0	ok	ends_differ
26853.898	1280	567	0.438021	0.000000	12.50	0.00	0.000	16.2736	x_only	4	0	ok	ends_differ
26870.363	1280	567	0.438021	0.000000	11.50	0.00	0.000	16.6355	x_only	4	0	ok	ends_differ
26887.501	1280	567	0.438021	0.000000	11.50	0.00	0.000	17.6187	x_only	4	0	ok	ends_differ
26904.459	1280	567	0.438021	0.000000	10.50	0.00	0.000	16.2793	x_only	4	0	ok	ends_differ
26920.766	1280	567	0.438021	0.000000	8.50	0.00	0.000	16.3162	x_only	4	0	ok	ends_differ
26937.465	1280	567	0.438021	0.000000	7.50	0.00	0.000	17.0697	x_only	4	0	ok	ends_differ
26954.179	1280	567	0.438021	0.000000	6.50	0.00	0.000	16.3348	x_only	4	0	ok	ends_differ
26970.590	1280	567	0.438021	0.000000	4.50	0.00	0.000	16.4677	x_only	4	0	ok	ends_differ
26987.619	1280	567	0.438021	0.000000	3.50	0.00	0.000	17.5698	x_only	4	0	ok	ends_differ
27004.366	1280	567	0.437500	0.000000	3.00	0.00	0.000	15.9049	x_only	2	0	ok	ends_differ
27020.548	1280	567	0.000000	0.000000	0.00	0.00	0.000	16.4375	blind	0	0	ends_differ	ends_differ
27037.596	1280	567	0.000000	0.000000	0.00	0.00	0.000	17.6391	blind	0	0	ends_differ	ends_differ
27054.517	1280	567	0.000000	0.000000	0.00	0.00	0.000	16.1828	blind	0	0	ends_differ	ends_differ
27070.759	1280	567	0.000000	0.000000	0.00	0.00	0.000	16.2814	blind	0	0	ends_differ	ends_differ
27087.472	1280	567	0.000000	0.000000	0.00	0.00	0.000	17.1232	blind	0	0	ends_differ	ends_differ
27104.113	1280	567	0.000000	0.000000	0.00	0.00	0.000	16.1443	blind	0	0	ends_differ	ends_differ
27120.773	1280	567	0.000000	0.000000	0.00	0.00	0.000	17.1551	blind	0	0	ends_differ	ends_differ
27138.175	1280	567	0.000000	0.000000	0.00	0.00	0.000	17.6290	blind	0	0	ends_differ	ends_differ
27154.710	1280	567	0.000000	0.000000	0.00	0.00	0.000	15.4234	blind	0	0	ends_differ	ends_differ
27170.873	1280	567	0.000000	0.000000	0.00	0.00	0.000	16.8814	blind	0	0	ends_differ	ends_differ
27187.985	1280	567	0.000000	0.000000	0.00	0.00	0.000	17.3227	blind	0	0	ends_differ	ends_differ
27204.395	1280	567	0.000000	0.000000	0.00	0.00	0.000	15.4783	blind	0	0	ends_differ	ends_differ
27220.538	1280	567	0.000000	0.000000	0.00	0.00	0.000	16.7894	blind	0	0	ends_differ	ends_differ
27237.165	1280	567	0.000000	0.000000	0.00	0.00	0.000	16.4450	blind	0	0	ends_differ	ends_differ
27253.598	1280	567	0.000000	0.000000	0.00	0.00	0.000	16.4018	blind	0	0	ends_differ	ends_differ
27270.575	1280	567	0.000000	0.000000	0.00	0.00	0.000	17.5327	blind	0	0	ends_differ	ends_differ
27287.459	1280	567	0.000000	0.000000	0.00	0.00	0.000	16.2155	blind	0	0	ends_differ	ends_differ
27303.764	1280	567	0.000000	0.000000	0.00	0.00	0.000	16.3699	blind	0	0	ends_differ	ends_differ
27320.076	1280	567	0.000000	0.000000	0.00	0.00	0.000	16.2342	blind	0	0	ends_differ	ends_differ
27336.841	1280	567	0.000000	0.000000	0.00	0.00	0.000	17.2765	blind	0	0	ends_differ	ends_differ
27353.668	1280	567	0.000000	0.000000	0.00	0.00	0.000	16.3599	blind	0	0	ends_differ	ends_differ
27370.410	1280	567	0.000000	0.000000	0.00	0.00	0.000	17.1035	blind	0	0	ends_differ	ends_differ
27387.270	1280	567	0.000000	0.000000	0.00	0.00	0.000	16.6008	blind	0	0	ends_differ	ends_differ
27403.871	1280	567	0.000000	0.000000	0.00	0.00	0.000	16.5874	blind	0	0	ends_differ	ends_differ
27420.481	1280	567	0.000000	0.000000	0.00	0.00	0.000	16.6119	blind	0	0	ends_differ	ends_differ
27437.206	1280	567	0.000000	0.000000	0.00	0.00	0.000	16.8191	blind	0	0	ends_differ	ends_differ
27453.893	1280	567	0.000000	0.000000	0.00	0.00	0.000	16.5337	blind	0	0	ends_differ	ends_differ
27470.649	1280	567	0.000000	0.000000	0.00	0.00	0.000	16.9596	blind	0	0	ends_differ	ends_differ
27486.925	1280	567	0.000000	0.000000	0.00	0.00	0.000	15.5734	blind	0	0	ends_differ	ends_differ
27503.143	1280	567	0.000000	0.000000	0.00	0.00	0.000	16.8443	blind	0	0	ends_differ	ends_differ
27520.180	1280	567	0.000000	0.000000	0.00	0.00	0.000	17.2092	blind	0	0	ends_differ	ends_differ
27537.206	1280	567	0.000000	0.000000	0.00	0.00	0.000	16.8237	blind	0	0	ends_differ	ends_differ
27553.945	1280	567	0.000000	0.000000	0.00	0.00	0.000	16.6345	blind	0	0	ends_differ	ends_differ
27570.588	1280	567	0.000000	0.000000	0.00	0.00	0.000	16.5768	blind	0	0	ends_differ	ends_differ
27587.028	1280	567	0.000000	0.000000	0.00	0.00	0.000	16.2863	blind	0	0	ends_differ	ends_differ
27603.529	1280	567	0.000000	0.000000	0.00	0.00	0.000	16.6968	blind	0	0	ends_differ	ends_differ
27620.458	1280	567	0.000000	0.000000	0.00	0.00	0.000	17.1319	blind	0	0	ends_differ	ends_differ
27638.281	1280	567	0.000000	0.000000	0.00	0.00	0.000	18.4971	blind	0	0	ends_differ	ends_differ
27655.239	1280	567	0.000000	0.000000	0.00	0.00	0.000	15.4043	blind	0	0	ends_differ	ends_differ
27671.392	1280	567	0.437847	0.000000	6.67	0.00	0.000	16.8837	x_only	3	0	ok	ends_differ
27687.608	1280	567	0.437847	0.000000	14.67	0.00	0.000	15.5265	x_only	3	0	ok	ends_differ
27703.622	1280	567	0.437760	0.000000	23.75	0.00	0.000	16.4828	x_only	4	0	ok	ends_differ
27720.401	1280	567	0.438021	0.000000	32.50	0.00	0.000	17.0564	x_only	4	0	ok	ends_differ
27737.098	1280	567	0.438281	0.000000	43.25	0.00	0.000	16.3155	x_only	4	0	ok	ends_differ
27753.666	1280	567	0.438021	0.000000	58.50	0.00	0.000	16.7705	x_only	4	0	ok	ends_differ
27770.517	1280	567	0.438021	0.000000	74.50	0.00	0.000	16.9108	x_only	4	0	ok	ends_differ
27786.992	1280	567	0.438021	0.000000	90.50	0.00	0.000	16.0176	x_only	4	0	ok	ends_differ
27803.696	1280	567	0.438021	0.000000	107.50	0.00	0.000	17.3701	x_only	4	0	ok	ends_differ
27821.116	1280	567	0.438021	0.000000	128.50	0.00	0.000	17.4492	x_only	4	0	ok	ends_differ
27837.757	1280	567	0.438125	0.437963	150.40	86.50	0.037	15.8164	ok	5	4	ok	ok
27854.046	1280	567	0.438333	0.437963	175.20	74.50	0.085	16.7480	ok	5	4	ok	ok
27870.761	1280	567	0.438333	0.437963	196.20	66.50	0.085	16.6597	ok	5	4	ok	ok
27887.636	1280	567	0.438333	0.437963	214.20	60.50	0.085	17.0739	ok	5	4	ok	ok
27904.446	1280	567	0.438333	0.437037	227.20	56.00	0.297	16.5272	ok	5	3	ok	ok
27920.921	1280	567	0.438333	0.437037	238.20	51.00	0.297	16.4028	ok	5	3	ok	ok
27937.369	1280	567	0.438333	0.437037	245.20	47.00	0.297	16.4742	ok	5	3	ok	ok
27953.778	1280	567	0.438333	0.437037	249.20	43.00	0.297	16.3231	ok	5	3	ok	ok
27970.256	1280	567	0.438333	0.437037	250.20	41.00	0.297	16.6127	ok	5	3	ok	ok
27987.484	1280	567	0.438125	0.437037	250.40	40.00	0.249	17.8204	ok	5	3	ok	ok
28004.370	1280	567	0.438125	0.437037	250.40	39.00	0.249	15.9298	ok	5	3	ok	ok
28020.869	1280	567	0.438125	0.437037	249.40	38.00	0.249	17.0485	ok	5	3	ok	ok
28037.674	1280	567	0.438125	0.437037	248.40	37.00	0.249	16.5388	ok	5	3	ok	ok
28054.023	1280	567	0.438125	0.437037	247.40	36.00	0.249	16.1385	ok	5	3	ok	ok
28070.436	1280	567	0.438125	0.437037	246.40	35.00	0.249	16.6659	ok	5	3	ok	ok
28087.234	1280	567	0.438125	0.437037	244.40	35.00	0.249	16.9080	ok	5	3	ok	ok
28104.013	1280	567	0.438125	0.437037	243.40	34.00	0.249	16.6296	ok	5	3	ok	ok
28120.286	1280	567	0.438125	0.437037	243.40	34.00	0.249	15.8941	ok	5	3	ok	ok
28136.887	1280	567	0.438125	0.437037	243.40	34.00	0.249	17.2869	ok	5	3	ok	ok
28154.745	1280	567	0.438125	0.437037	243.40	34.00	0.249	18.3974	ok	5	3	ok	ok
28170.964	1280	567	0.438125	0.437037	243.40	34.00	0.249	14.0117	ok	5	3	ok	ok
28186.552	1280	567	0.438125	0.437037	243.40	34.00	0.249	17.1496	ok	5	3	ok	ok
28203.350	1280	567	0.438125	0.437037	243.40	34.00	0.249	16.4252	ok	5	3	ok	ok
28220.096	1280	567	0.438125	0.437037	243.40	34.00	0.249	17.0477	ok	5	3	ok	ok
28236.640	1280	567	0.438125	0.437037	243.40	34.00	0.249	16.0196	ok	5	3	ok	ok
28253.091	1280	567	0.438125	0.437037	243.40	34.00	0.249	16.8630	ok	5	3	ok	ok
28269.947	1280	567	0.438125	0.437037	243.40	34.00	0.249	16.8289	ok	5	3	ok	ok
28286.637	1280	567	0.438125	0.437037	243.40	34.00	0.249	16.5295	ok	5	3	ok	ok
28303.447	1280	567	0.438125	0.437037	243.40	34.00	0.249	17.0732	ok	5	3	ok	ok
28320.319	1280	567	0.438125	0.437037	243.40	34.00	0.249	16.6499	ok	5	3	ok	ok
28336.885	1280	567	0.438125	0.437037	243.40	34.00	0.249	16.4639	ok	5	3	ok	ok
28353.573	1280	567	0.438125	0.437037	243.40	34.00	0.249	16.8941	ok	5	3	ok	ok
28370.243	1280	567	0.438125	0.437037	243.40	34.00	0.249	16.4261	ok	5	3	ok	ok
28386.878	1280	567	0.438125	0.437037	243.40	34.00	0.249	16.8271	ok	5	3	ok	ok
28403.674	1280	567	0.438125	0.437037	243.40	34.00	0.249	16.6879	ok	5	3	ok	ok
28420.304	1280	567	0.438125	0.437037	243.40	34.00	0.249	16.5547	ok	5	3	ok	ok
28436.833	1280	567	0.438125	0.437037	243.40	34.00	0.249	16.4844	ok	5	3	ok	ok
28453.565	1280	567	0.438125	0.437037	243.40	34.00	0.249	16.9593	ok	5	3	ok	ok
28470.678	1280	567	0.438125	0.437037	243.40	34.00	0.249	17.2462	ok	5	3	ok	ok
28487.053	1280	567	0.500625	0.000000	222.40	0.00	0.000	15.4831	x_only	5	0	ok	ends_differ
28503.203	1280	567	0.500625	0.000000	222.40	0.00	0.000	16.7966	x_only	5	0	ok	ends_differ
28520.237	1280	567	0.500625	0.000000	222.40	0.00	0.000	17.2526	x_only	5	0	ok	ends_differ
28536.913	1280	567	0.000000	0.000000	0.00	0.00	0.000	16.0806	blind	0	0	ends_differ	no_transition
28553.404	1280	567	0.000000	0.000000	0.00	0.00	0.000	16.8840	blind	0	0	ends_differ	no_transition
28570.200	1280	567	0.000000	0.000000	0.00	0.00	0.000	16.6901	blind	0	0	ends_differ	no_transition
28586.846	1280	567	0.000000	0.000000	0.00	0.00	0.000	16.5868	blind	0	0	ends_differ	no_transition
28603.465	1280	567	0.000000	0.000000	0.00	0.00	0.000	16.6332	blind	0	0	ends_differ	no_transition
28620.366	1280	567	0.000000	0.000000	0.00	0.00	0.000	17.1520	blind	0	0	ends_differ	no_transition
28637.448	1280	567	0.000000	0.000000	0.00	0.00	0.000	16.9984	blind	0	0	ends_differ	no_transition
28653.975	1280	567	0.000000	0.000000	0.00	0.00	0.000	16.0427	blind	0	0	ends_differ	no_transition
28670.711	1280	567	0.000000	0.000000	0.00	0.00	0.000	17.4103	blind	0	0	ends_differ	no_transition
28687.278	1280	567	0.000000	0.000000	0.00	0.00	0.000	15.7049	blind	0	0	ends_differ	no_transition
28703.571	1280	567	0.000000	0.000000	0.00	0.00	0.000	16.8642	blind	0	0	ends_differ	no_transition
28720.169	1280	567	0.000000	0.000000	0.00	0.00	0.000	16.3134	blind	0	0	ends_differ	no_transition
28736.788	1280	567	0.000000	0.000000	0.00	0.00	0.000	16.9056	blind	0	0	ends_differ	no_transition
28753.438	1280	567	0.000000	0.000000	0.00	0.00	0.000	16.3768	blind	0	0	ends_differ	no_transition
28769.854	1280	567	0.000000	0.000000	0.00	0.00	0.000	16.4359	blind	0	0	ends_differ	no_transition
28786.526	1280	567	0.000000	0.000000	0.00	0.00	0.000	16.8900	blind	0	0	ends_differ	no_transition
28803.683	1280	567	0.000000	0.000000	0.00	0.00	0.000	17.4038	blind	0	0	ends_differ	no_transition
28820.367	1280	567	0.000000	0.000000	0.00	0.00	0.000	15.9444	blind	0	0	ends_differ	no_transition
28837.129	1280	567	0.000000	0.000000	0.00	0.00	0.000	17.5673	blind	0	0	ends_differ	no_transition
28853.992	1280	567	0.000000	0.000000	0.00	0.00	0.000	16.1466	blind	0	0	ends_differ	no_transition
28870.104	1280	567	0.000000	0.000000	0.00	0.00	0.000	16.0564	blind	0	0	ends_differ	no_transition
28887.291	1280	567	0.000000	0.000000	0.00	0.00	0.000	18.3028	blind	0	0	ends_differ	no_transition
28904.151	1280	567	0.000000	0.000000	0.00	0.00	0.000	15.3967	blind	0	0	ends_differ	no_transition
28920.135	1280	567	0.000000	0.000000	0.00	0.00	0.000	16.5514	blind	0	0	ends_differ	no_transition
28936.732	1280	567	0.000000	0.000000	0.00	0.00	0.000	16.6248	blind	0	0	ends_differ	no_transition
28953.293	1280	567	0.000000	0.000000	0.00	0.00	0.000	16.4799	blind	0	0	ends_differ	no_transition
28969.972	1280	567	0.000000	0.000000	0.00	0.00	0.000	16.8598	blind	0	0	ends_differ	no_transition
28986.577	1280	567	0.000000	0.000000	0.00	0.00	0.000	16.3300	blind	0	0	ends_differ	no_transition
29003.165	1280	567	0.000000	0.000000	0.00	0.00	0.000	16.8273	blind	0	0	ends_differ	no_transition
29020.113	1280	567	0.000000	0.000000	0.00	0.00	0.000	17.0454	blind	0	0	ends_differ	no_transition
29036.781	1280	567	0.000000	0.000000	0.00	0.00	0.000	16.2722	blind	0	0	ends_differ	no_transition
29053.332	1280	567	0.000000	0.000000	0.00	0.00	0.000	16.8119	blind	0	0	ends_differ	no_transition
29069.926	1280	567	0.000000	0.000000	0.00	0.00	0.000	16.3489	blind	0	0	ends_differ	no_transition
29086.396	1280	567	0.000000	0.000000	0.00	0.00	0.000	16.5772	blind	0	0	ends_differ	no_transition
29103.245	1280	567	0.000000	0.000000	0.00	0.00	0.000	17.1061	blind	0	0	ends_differ	no_transition
29120.113	1280	567	0.000000	0.000000	0.00	0.00	0.000	16.6110	blind	0	0	ends_differ	no_transition
29136.689	1280	567	0.000000	0.000000	0.00	0.00	0.000	16.4656	blind	0	0	ends_differ	no_transition
29153.223	1280	567	0.000000	0.000000	0.00	0.00	0.000	16.5849	blind	0	0	ends_differ	no_transition
29169.820	1280	567	0.000000	0.000000	0.00	0.00	0.000	16.5905	blind	0	0	ends_differ	no_transition
29186.986	1280	567	0.000000	0.000000	0.00	0.00	0.000	17.7235	blind	0	0	ends_differ	no_transition
29203.774	1280	567	0.000000	0.000000	0.00	0.00	0.000	15.8341	blind	0	0	ends_differ	no_transition
29219.963	1280	567	0.000000	0.000000	0.00	0.00	0.000	16.5260	blind	0	0	ends_differ	no_transition
29236.608	1280	567	0.000000	0.000000	0.00	0.00	0.000	16.7452	blind	0	0	ends_differ	no_transition
29253.683	1280	567	0.000000	0.000000	0.00	0.00	0.000	17.3850	blind	0	0	ends_differ	no_transition
29270.425	1280	567	0.000000	0.000000	0.00	0.00	0.000	16.0821	blind	0	0	ends_differ	no_transition
29287.095	1280	567	0.000000	0.000000	0.00	0.00	0.000	17.2394	blind	0	0	ends_differ	no_transition
29303.450	1280	567	0.000000	0.000000	0.00	0.00	0.000	15.4542	blind	0	0	ends_differ	no_transition
29319.736	1280	567	0.000000	0.000000	0.00	0.00	0.000	17.0997	blind	0	0	ends_differ	no_transition
29336.424	1280	567	0.000000	0.000000	0.00	0.00	0.000	16.2576	blind	0	0	ends_differ	no_transition
29353.057	1280	567	0.000000	0.000000	0.00	0.00	0.000	16.9962	blind	0	0	ends_differ	no_transition
29370.163	1280	567	0.000000	0.000000	0.00	0.00	0.000	17.1977	blind	0	0	ends_differ	no_transition
29386.843	1280	567	0.000000	0.000000	0.00	0.00	0.000	16.1445	blind	0	0	ends_differ	no_transition
29403.409	1280	567	0.000000	0.000000	0.00	0.00	0.000	16.9692	blind	0	0	ends_differ	no_transition
29420.043	1280	567	0.000000	0.000000	0.00	0.00	0.000	16.2819	blind	0	0	ends_differ	no_transition
29436.521	1280	567	0.000000	0.000000	0.00	0.00	0.000	16.6535	blind	0	0	ends_differ	no_transition
29453.210	1280	567	0.000000	0.000000	0.00	0.00	0.000	16.7071	blind	0	0	ends_differ	no_transition
29469.812	1280	567	0.000000	0.000000	0.00	0.00	0.000	16.4775	blind	0	0	ends_differ	no_transition
29486.385	1280	567	0.000000	0.000000	0.00	0.00	0.000	16.6514	blind	0	0	ends_differ	no_transition
29503.256	1280	567	0.000000	0.000000	0.00	0.00	0.000	17.0735	blind	0	0	ends_differ	no_transition
29519.903	1280	567	0.000000	0.000000	0.00	0.00	0.000	16.2033	blind	0	0	ends_differ	no_transition
29536.463	1280	567	0.000000	0.000000	0.00	0.00	0.000	16.8971	blind	0	0	ends_differ	no_transition
29553.222	1280	567	0.000000	0.000000	0.00	0.00	0.000	16.5995	blind	0	0	ends_differ	no_transition
29569.877	1280	567	0.000000	0.000000	0.00	0.00	0.000	16.6883	blind	0	0	ends_differ	no_transition
29586.483	1280	567	0.000000	0.000000	0.00	0.00	0.000	16.5066	blind	0	0	ends_differ	no_transition
29603.103	1280	567	0.000000	0.000000	0.00	0.00	0.000	16.7209	blind	0	0	ends_differ	no_transition
29619.852	1280	567	0.000000	0.000000	0.00	0.00	0.000	16.7589	blind	0	0	ends_differ	no_transition
29636.576	1280	567	0.000000	0.000000	0.00	0.00	0.000	16.6725	blind	0	0	ends_differ	no_transition
29653.274	1280	567	0.000000	0.000000	0.00	0.00	0.000	16.7054	blind	0	0	ends_differ	no_transition
29669.870	1280	567	0.000000	0.000000	0.00	0.00	0.000	16.4675	blind	0	0	ends_differ	no_transition
29686.832	1280	567	0.000000	0.000000	0.00	0.00	0.000	17.4369	blind	0	0	ends_differ	no_transition
29703.500	1280	567	0.000000	0.000000	0.00	0.00	0.000	15.8808	blind	0	0	ends_differ	no_transition
29720.177	1280	567	0.000000	0.000000	0.00	0.00	0.000	17.4579	blind	0	0	ends_differ	no_transition
29737.501	1280	567	0.000000	0.000000	0.00	0.00	0.000	17.1689	blind	0	0	ends_differ	no_transition
29753.921	1280	567	0.000000	0.000000	0.00	0.00	0.000	15.6301	blind	0	0	ends_differ	no_transition
29769.914	1280	567	0.000000	0.000000	0.00	0.00	0.000	16.3385	blind	0	0	ends_differ	no_transition
29786.703	1280	567	0.000000	0.000000	0.00	0.00	0.000	17.2201	blind	0	0	ends_differ	no_transition
29803.342	1280	567	0.000000	0.000000	0.00	0.00	0.000	16.0305	blind	0	0	ends_differ	no_transition
29819.730	1280	567	0.000000	0.000000	0.00	0.00	0.000	16.7265	blind	0	0	ends_differ	no_transition
29836.632	1280	567	0.000000	0.000000	0.00	0.00	0.000	17.0011	blind	0	0	ends_differ	no_transition
29853.338	1280	567	0.000000	0.000000	0.00	0.00	0.000	16.3969	blind	0	0	ends_differ	no_transition
29870.065	1280	567	0.000000	0.000000	0.00	0.00	0.000	17.0400	blind	0	0	ends_differ	no_transition
29886.834	1280	567	0.000000	0.000000	0.00	0.00	0.000	16.4765	blind	0	0	ends_differ	no_transition
29903.488	1280	567	0.000000	0.000000	0.00	0.00	0.000	16.8121	blind	0	0	ends_differ	no_transition
29920.050	1280	567	0.000000	0.000000	0.00	0.00	0.000	16.2924	blind	0	0	ends_differ	no_transition
29936.540	1280	567	0.000000	0.000000	0.00	0.00	0.000	16.6677	blind	0	0	ends_differ	no_transition
29953.327	1280	567	0.000000	0.000000	0.00	0.00	0.000	16.8871	blind	0	0	ends_differ	no_transition
29970.857	1280	567	0.000000	0.000000	0.00	0.00	0.000	18.1539	blind	0	0	ends_differ	no_transition
29987.497	1280	567	0.000000	0.000000	0.00	0.00	0.000	15.1042	blind	0	0	ends_differ	no_transition
30003.256	1280	567	0.000000	0.000000	0.00	0.00	0.000	16.3966	blind	0	0	ends_differ	no_transition
30019.771	1280	567	0.000000	0.000000	0.00	0.00	0.000	16.6140	blind	0	0	ends_differ	no_transition
30036.369	1280	567	0.000000	0.000000	0.00	0.00	0.000	16.5637	blind	0	0	ends_differ	no_transition
30053.033	1280	567	0.000000	0.000000	0.00	0.00	0.000	16.7445	blind	0	0	ends_differ	no_transition
30069.687	1280	567	0.000000	0.000000	0.00	0.00	0.000	16.5450	blind	0	0	ends_differ	no_transition
30086.481	1280	567	0.000000	0.000000	0.00	0.00	0.000	17.0218	blind	0	0	ends_differ	no_transition
30103.639	1280	567	0.000000	0.000000	0.00	0.00	0.000	17.2640	blind	0	0	ends_differ	no_transition
30121.548	1280	567	0.000000	0.000000	0.00	0.00	0.000	18.5353	blind	0	0	ends_differ	no_transition
30135.760	1280	567	0.000000	0.000000	0.00	0.00	0.000	9.8697	blind	0	0	ends_differ	no_transition
30152.131	1280	567	0.000000	0.000000	0.00	0.00	0.000	22.8532	blind	0	0	ends_differ	no_transition
30171.717	1280	567	0.000000	0.000000	0.00	0.00	0.000	16.3002	blind	0	0	ends_differ	no_transition
30188.250	1280	567	0.000000	0.000000	0.00	0.00	0.000	16.7486	blind	0	0	ends_differ	no_transition
30205.395	1280	567	0.000000	0.000000	0.00	0.00	0.000	17.5153	blind	0	0	ends_differ	no_transition
30222.090	1280	567	0.000000	0.000000	0.00	0.00	0.000	15.8555	blind	0	0	ends_differ	no_transition
30238.159	1280	567	0.000000	0.000000	0.00	0.00	0.000	16.2645	blind	0	0	ends_differ	no_transition
30254.698	1280	567	0.000000	0.000000	0.00	0.00	0.000	16.7941	blind	0	0	ends_differ	no_transition
30271.488	1280	567	0.000000	0.000000	0.00	0.00	0.000	16.7678	blind	0	0	ends_differ	no_transition
30288.031	1280	567	0.000000	0.000000	0.00	0.00	0.000	16.3003	blind	0	0	ends_differ	no_transition
30304.525	1280	567	0.000000	0.000000	0.00	0.00	0.000	16.6661	blind	0	0	ends_differ	no_transition
30321.402	1280	567	0.000000	0.000000	0.00	0.00	0.000	17.0680	blind	0	0	ends_differ	no_transition
30338.253	1280	567	0.000000	0.000000	0.00	0.00	0.000	16.6213	blind	0	0	ends_differ	no_transition
30354.962	1280	567	0.000000	0.000000	0.00	0.00	0.000	16.7812	blind	0	0	ends_differ	no_transition
30371.489	1280	567	0.000000	0.000000	0.00	0.00	0.000	16.2519	blind	0	0	ends_differ	no_transition
30388.019	1280	567	0.000000	0.000000	0.00	0.00	0.000	16.7892	blind	0	0	ends_differ	no_transition
30404.753	1280	567	0.000000	0.000000	0.00	0.00	0.000	16.6598	blind	0	0	ends_differ	no_transition
30421.406	1280	567	0.000000	0.000000	0.00	0.00	0.000	16.6258	blind	0	0	ends_differ	no_transition
30438.273	1280	567	0.000000	0.000000	0.00	0.00	0.000	17.0898	blind	0	0	ends_differ	no_transition
30454.974	1280	567	0.000000	0.000000	0.00	0.00	0.000	16.2931	blind	0	0	ends_differ	no_transition
30471.433	1280	567	0.000000	0.000000	0.00	0.00	0.000	16.6065	blind	0	0	ends_differ	no_transition
30488.179	1280	567	0.000000	0.000000	0.00	0.00	0.000	16.8587	blind	0	0	ends_differ	no_transition
30504.837	1280	567	0.000000	0.000000	0.00	0.00	0.000	16.4376	blind	0	0	ends_differ	no_transition
30521.379	1280	567	0.000000	0.000000	0.00	0.00	0.000	16.6263	blind	0	0	ends_differ	no_transition
30538.526	1280	567	0.000000	0.000000	0.00	0.00	0.000	17.5762	blind	0	0	ends_differ	no_transition
30552.260	1280	567	0.000000	0.000000	0.00	0.00	0.000	9.8772	blind	0	0	ends_differ	no_transition
30568.520	1280	567	0.000000	0.000000	0.00	0.00	0.000	22.6271	blind	0	0	ends_differ	no_transition
30588.107	1280	567	0.000000	0.000000	0.00	0.00	0.000	16.5347	blind	0	0	ends_differ	no_transition
30604.898	1280	567	0.000000	0.000000	0.00	0.00	0.000	17.0188	blind	0	0	ends_differ	no_transition
30621.863	1280	567	0.000000	0.000000	0.00	0.00	0.000	16.8912	blind	0	0	ends_differ	no_transition
30638.331	1280	567	0.000000	0.000000	0.00	0.00	0.000	16.0253	blind	0	0	ends_differ	no_transition
30654.696	1280	567	0.000000	0.000000	0.00	0.00	0.000	16.6942	blind	0	0	ends_differ	no_transition
30671.296	1280	567	0.000000	0.000000	0.00	0.00	0.000	16.4855	blind	0	0	ends_differ	no_transition
30688.013	1280	567	0.000000	0.000000	0.00	0.00	0.000	16.9289	blind	0	0	ends_differ	no_transition
30704.832	1280	567	0.000000	0.000000	0.00	0.00	0.000	16.6911	blind	0	0	ends_differ	no_transition
30722.109	1280	567	0.000000	0.000000	0.00	0.00	0.000	17.8439	blind	0	0	ends_differ	no_transition
30738.795	1280	567	0.000000	0.000000	0.00	0.00	0.000	15.5088	blind	0	0	ends_differ	no_transition
30754.776	1280	567	0.000000	0.000000	0.00	0.00	0.000	16.4340	blind	0	0	ends_differ	no_transition
30771.420	1280	567	0.000000	0.000000	0.00	0.00	0.000	16.8255	blind	0	0	ends_differ	no_transition
30788.109	1280	567	0.000000	0.000000	0.00	0.00	0.000	16.5347	blind	0	0	ends_differ	no_transition
30804.787	1280	567	0.000000	0.000000	0.00	0.00	0.000	16.8084	blind	0	0	ends_differ	no_transition
30821.517	1280	567	0.000000	0.000000	0.00	0.00	0.000	16.6348	blind	0	0	ends_differ	no_transition
30838.296	1280	567	0.000000	0.000000	0.00	0.00	0.000	16.9072	blind	0	0	ends_differ	no_transition
30855.382	1280	567	0.000000	0.000000	0.00	0.00	0.000	17.2520	blind	0	0	ends_differ	no_transition
30868.874	1280	567	0.000000	0.000000	0.00	0.00	0.000	9.7072	blind	0	0	ends_differ	no_transition
30885.153	1280	567	0.000000	0.000000	0.00	0.00	0.000	22.8330	blind	0	0	ends_differ	no_transition
30905.042	1280	567	0.000000	0.000000	0.00	0.00	0.000	16.9305	blind	0	0	ends_differ	no_transition
30922.007	1280	567	0.000000	0.000000	0.00	0.00	0.000	16.9820	blind	0	0	ends_differ	no_transition
30938.988	1280	567	0.000000	0.000000	0.00	0.00	0.000	16.9589	blind	0	0	ends_differ	no_transition
30955.700	1280	567	0.000000	0.000000	0.00	0.00	0.000	16.4479	blind	0	0	ends_differ	no_transition
30972.423	1280	567	0.000000	0.000000	0.00	0.00	0.000	16.9790	blind	0	0	ends_differ	no_transition
30988.964	1280	567	0.000000	0.000000	0.00	0.00	0.000	16.0861	blind	0	0	ends_differ	no_transition
31005.337	1280	567	0.000000	0.000000	0.00	0.00	0.000	16.6417	blind	0	0	ends_differ	no_transition
31021.955	1280	567	0.000000	0.000000	0.00	0.00	0.000	16.5750	blind	0	0	ends_differ	no_transition
31038.623	1280	567	0.000000	0.000000	0.00	0.00	0.000	16.7440	blind	0	0	ends_differ	no_transition
31055.276	1280	567	0.000000	0.000000	0.00	0.00	0.000	16.5434	blind	0	0	ends_differ	no_transition
31071.763	1280	567	0.000000	0.000000	0.00	0.00	0.000	16.4096	blind	0	0	ends_differ	no_transition
31088.741	1280	567	0.000000	0.000000	0.00	0.00	0.000	17.5338	blind	0	0	ends_differ	no_transition
31102.412	1280	567	0.000000	0.000000	0.00	0.00	0.000	9.7926	blind	0	0	ends_differ	no_transition
31119.153	1280	567	0.000000	0.000000	0.00	0.00	0.000	23.6724	blind	0	0	ends_differ	no_transition
31135.799	1280	567	0.000000	0.000000	0.00	0.00	0.000	9.6011	blind	0	0	ends_differ	no_transition
31152.102	1280	567	0.000000	0.000000	0.00	0.00	0.000	22.9923	blind	0	0	ends_differ	no_transition
31171.856	1280	567	0.000000	0.000000	0.00	0.00	0.000	16.4959	blind	0	0	ends_differ	no_transition
31189.050	1280	567	0.000000	0.000000	0.00	0.00	0.000	17.8726	blind	0	0	ends_differ	no_transition
31203.203	1280	567	0.000000	0.000000	0.00	0.00	0.000	10.4089	blind	0	0	ends_differ	no_transition
31219.509	1280	567	0.000000	0.000000	0.00	0.00	0.000	22.1830	blind	0	0	ends_differ	no_transition
31240.211	1280	567	0.000000	0.000000	0.00	0.00	0.000	19.2011	blind	0	0	ends_differ	no_transition
31253.742	1280	567	0.000000	0.000000	0.00	0.00	0.000	7.7315	blind	0	0	no_transition	no_transition
31269.287	1280	567	0.000000	0.000000	0.00	0.00	0.000	23.3391	blind	0	0	no_transition	no_transition
31289.178	1280	567	0.000000	0.000000	0.00	0.00	0.000	16.4224	blind	0	0	no_transition	no_transition
31306.286	1280	567	0.000000	0.000000	0.00	0.00	0.000	17.7749	blind	0	0	no_transition	no_transition
31320.239	1280	567	0.000000	0.000000	0.00	0.00	0.000	10.1093	blind	0	0	no_transition	no_transition
31335.578	1280	567	0.000000	0.000000	0.00	0.00	0.000	20.5476	blind	0	0	no_transition	no_transition
31353.982	1280	567	0.000000	0.000000	0.00	0.00	0.000	16.2438	blind	0	0	no_transition	no_transition
31370.227	1280	567	0.000000	0.000000	0.00	0.00	0.000	16.2263	blind	0	0	no_transition	no_transition
31386.609	1280	567	0.000000	0.000000	0.00	0.00	0.000	16.5218	blind	0	0	no_transition	no_transition
31403.252	1280	567	0.000000	0.000000	0.00	0.00	0.000	16.7455	blind	0	0	no_transition	no_transition
31419.842	1280	567	0.000000	0.000000	0.00	0.00	0.000	16.4152	blind	0	0	no_transition	no_transition
31436.855	1280	567	0.000000	0.000000	0.00	0.00	0.000	17.5981	blind	0	0	no_transition	no_transition
31453.609	1280	567	0.000000	0.000000	0.00	0.00	0.000	15.8917	blind	0	0	no_transition	no_transition
31470.219	1280	567	0.000000	0.000000	0.00	0.00	0.000	17.3108	blind	0	0	no_transition	no_transition
31486.940	1280	567	0.000000	0.000000	0.00	0.00	0.000	16.1144	blind	0	0	no_transition	no_transition
31503.410	1280	567	0.000000	0.000000	0.00	0.00	0.000	16.8067	blind	0	0	no_transition	no_transition
31519.948	1280	567	0.000000	0.000000	0.00	0.00	0.000	16.2489	blind	0	0	no_transition	no_transition
31537.059	1280	567	0.000000	0.000000	0.00	0.00	0.000	17.9563	blind	0	0	no_transition	no_transition
31553.755	1280	567	0.000000	0.000000	0.00	0.00	0.000	15.4160	blind	0	0	no_transition	no_transition
31569.953	1280	567	0.000000	0.000000	0.00	0.00	0.000	16.9627	blind	0	0	no_transition	no_transition
31586.554	1280	567	0.000000	0.000000	0.00	0.00	0.000	16.2198	blind	0	0	no_transition	no_transition
31603.193	1280	567	0.000000	0.000000	0.00	0.00	0.000	17.0376	blind	0	0	no_transition	no_transition
31620.285	1280	567	0.000000	0.000000	0.00	0.00	0.000	17.1260	blind	0	0	no_transition	no_transition
31637.390	1280	567	0.000000	0.000000	0.00	0.00	0.000	17.0646	blind	0	0	no_transition	no_transition
31654.273	1280	567	0.000000	0.000000	0.00	0.00	0.000	16.6790	blind	0	0	no_transition	no_transition
31670.807	1280	567	0.000000	0.000000	0.00	0.00	0.000	16.3701	blind	0	0	no_transition	no_transition
31687.443	1280	567	0.000000	0.000000	0.00	0.00	0.000	16.8830	blind	0	0	no_transition	no_transition
31704.188	1280	567	0.000000	0.000000	0.00	0.00	0.000	16.5865	blind	0	0	no_transition	no_transition
31721.502	1280	567	0.000000	0.000000	0.00	0.00	0.000	18.0229	blind	0	0	no_transition	no_transition
31738.476	1280	567	0.000000	0.000000	0.00	0.00	0.000	15.9037	blind	0	0	no_transition	no_transition
31754.752	1280	567	0.000000	0.000000	0.00	0.00	0.000	16.6299	blind	0	0	no_transition	no_transition
31770.786	1280	567	0.000000	0.000000	0.00	0.00	0.000	15.4209	blind	0	0	no_transition	no_transition
31786.880	1280	567	0.000000	0.000000	0.00	0.00	0.000	16.7459	blind	0	0	no_transition	no_transition
31803.714	1280	567	0.000000	0.000000	0.00	0.00	0.000	16.9053	blind	0	0	no_transition	no_transition
31821.121	1280	567	0.000000	0.000000	0.00	0.00	0.000	17.8897	blind	0	0	no_transition	no_transition
31837.569	1280	567	0.000000	0.000000	0.00	0.00	0.000	14.9786	blind	0	0	no_transition	no_transition
31853.311	1280	567	0.000000	0.000000	0.00	0.00	0.000	16.4887	blind	0	0	no_transition	no_transition
31870.251	1280	567	0.000000	0.000000	0.00	0.00	0.000	17.3726	blind	0	0	no_transition	no_transition
31887.230	1280	567	0.000000	0.000000	0.00	0.00	0.000	16.5704	blind	0	0	no_transition	no_transition
31903.380	1280	567	0.000000	0.000000	0.00	0.00	0.000	15.7038	blind	0	0	no_transition	no_transition
31919.870	1280	567	0.000000	0.000000	0.00	0.00	0.000	17.2579	blind	0	0	no_transition	no_transition
31937.154	1280	567	0.000000	0.000000	0.00	0.00	0.000	17.1655	blind	0	0	no_transition	no_transition
31953.583	1280	567	0.000000	0.000000	0.00	0.00	0.000	15.6715	blind	0	0	no_transition	no_transition
31969.938	1280	567	0.000000	0.000000	0.00	0.00	0.000	17.0214	blind	0	0	no_transition	no_transition
31986.742	1280	567	0.000000	0.000000	0.00	0.00	0.000	16.5690	blind	0	0	no_transition	no_transition
32003.292	1280	567	0.000000	0.000000	0.00	0.00	0.000	16.5119	blind	0	0	no_transition	no_transition
32020.006	1280	567	0.000000	0.000000	0.00	0.00	0.000	16.8981	blind	0	0	no_transition	no_transition
32037.239	1280	567	0.000000	0.000000	0.00	0.00	0.000	17.5477	blind	0	0	no_transition	no_transition
32054.854	1280	567	0.000000	0.000000	0.00	0.00	0.000	17.6632	blind	0	0	no_transition	no_transition
32071.617	1280	567	0.050000	0.000000	944.00	0.00	0.000	15.8434	x_only	2	0	ok	no_transition
32088.074	1280	567	0.000000	0.000000	0.00	0.00	0.000	17.0470	blind	0	0	no_transition	no_transition
32104.514	1280	567	0.000000	0.000000	0.00	0.00	0.000	15.8141	blind	0	0	no_transition	no_transition
32120.798	1280	567	0.000000	0.000000	0.00	0.00	0.000	16.7336	blind	0	0	no_transition	no_transition
32138.038	1280	567	0.000000	0.000000	0.00	0.00	0.000	17.7285	blind	0	0	no_transition	no_transition
32154.725	1280	567	0.000000	0.000000	0.00	0.00	0.000	15.6268	blind	0	0	no_transition	no_transition
32170.653	1280	567	0.000000	0.000000	0.00	0.00	0.000	16.2095	blind	0	0	no_transition	no_transition
32187.286	1280	567	0.000000	0.000000	0.00	0.00	0.000	17.0362	blind	0	0	no_transition	no_transition
32204.338	1280	567	0.000000	0.000000	0.00	0.00	0.000	17.0410	blind	0	0	no_transition	no_transition
32220.810	1280	567	0.000000	0.000000	0.00	0.00	0.000	15.8847	blind	0	0	no_transition	no_transition
32236.762	1280	567	0.000000	0.000000	0.00	0.00	0.000	16.0002	blind	0	0	no_transition	no_transition
32255.185	1280	567	0.000000	0.000000	0.00	0.00	0.000	20.8268	blind	0	0	no_transition	no_transition
32272.296	1280	567	0.000000	0.000000	0.00	0.00	0.000	13.3833	blind	0	0	no_transition	no_transition
32287.001	1280	567	0.000000	0.000000	0.00	0.00	0.000	16.0058	blind	0	0	no_transition	no_transition
32303.442	1280	567	0.000000	0.000000	0.00	0.00	0.000	16.8576	blind	0	0	no_transition	no_transition
32320.302	1280	567	0.000000	0.000000	0.00	0.00	0.000	16.8438	blind	0	0	no_transition	no_transition
32336.961	1280	567	0.000000	0.000000	0.00	0.00	0.000	16.4559	blind	0	0	no_transition	no_transition
32353.666	1280	567	0.000000	0.000000	0.00	0.00	0.000	16.9362	blind	0	0	no_transition	no_transition
32370.130	1280	567	0.000000	0.000000	0.00	0.00	0.000	15.9739	blind	0	0	no_transition	no_transition
32386.578	1280	567	0.000000	0.000000	0.00	0.00	0.000	16.9044	blind	0	0	no_transition	no_transition
32403.396	1280	567	0.000000	0.000000	0.00	0.00	0.000	16.7137	blind	0	0	no_transition	no_transition
32420.056	1280	567	0.000000	0.000000	0.00	0.00	0.000	16.5855	blind	0	0	no_transition	no_transition
32436.763	1280	567	0.000000	0.000000	0.00	0.00	0.000	16.8111	blind	0	0	no_transition	no_transition
32453.744	1280	567	0.000000	0.000000	0.00	0.00	0.000	17.1313	blind	0	0	no_transition	no_transition
32470.423	1280	567	0.000000	0.000000	0.00	0.00	0.000	16.2065	blind	0	0	no_transition	no_transition
32486.739	1280	567	0.000000	0.000000	0.00	0.00	0.000	16.4079	blind	0	0	no_transition	no_transition
32503.567	1280	567	0.000000	0.000000	0.00	0.00	0.000	17.2292	blind	0	0	no_transition	no_transition
32520.335	1280	567	0.000000	0.000000	0.00	0.00	0.000	16.2879	blind	0	0	no_transition	no_transition
32536.916	1280	567	0.000000	0.000000	0.00	0.00	0.000	16.8557	blind	0	0	no_transition	no_transition
32554.221	1280	567	0.000000	0.000000	0.00	0.00	0.000	17.7380	blind	0	0	no_transition	no_transition
32570.569	1280	567	0.000000	0.000000	0.00	0.00	0.000	14.9375	blind	0	0	no_transition	no_transition
32586.451	1280	567	0.000000	0.000000	0.00	0.00	0.000	16.8107	blind	0	0	no_transition	no_transition
32603.210	1280	567	0.000000	0.000000	0.00	0.00	0.000	16.6874	blind	0	0	no_transition	no_transition
32619.871	1280	567	0.000000	0.000000	0.00	0.00	0.000	16.4850	blind	0	0	no_transition	no_transition
32636.496	1280	567	0.000000	0.000000	0.00	0.00	0.000	16.7533	blind	0	0	no_transition	no_transition
32653.781	1280	567	0.000000	0.000000	0.00	0.00	0.000	17.8008	blind	0	0	no_transition	no_transition
32670.240	1280	567	0.000000	0.000000	0.00	0.00	0.000	15.0899	blind	0	0	no_transition	no_transition
32686.324	1280	567	0.000000	0.000000	0.00	0.00	0.000	17.0626	blind	0	0	no_transition	no_transition
32703.084	1280	567	0.000000	0.000000	0.00	0.00	0.000	16.4380	blind	0	0	no_transition	no_transition
32719.846	1280	567	0.000000	0.000000	0.00	0.00	0.000	17.0697	blind	0	0	no_transition	no_transition
32736.768	1280	567	0.000000	0.000000	0.00	0.00	0.000	16.7561	blind	0	0	no_transition	no_transition
32754.106	1280	567	0.000000	0.000000	0.00	0.00	0.000	17.9002	blind	0	0	no_transition	no_transition
32771.233	1280	567	0.000000	0.000000	0.00	0.00	0.000	16.3353	blind	0	0	no_transition	no_transition
32787.340	1280	567	0.000000	0.000000	0.00	0.00	0.000	15.8579	blind	0	0	no_transition	no_transition
32803.420	1280	567	0.000000	0.000000	0.00	0.00	0.000	16.2717	blind	0	0	no_transition	no_transition
32820.036	1280	567	0.000000	0.000000	0.00	0.00	0.000	16.9425	blind	0	0	no_transition	no_transition
32836.797	1280	567	0.000000	0.000000	0.00	0.00	0.000	16.5591	blind	0	0	no_transition	no_transition
32853.885	1280	567	0.000000	0.000000	0.00	0.00	0.000	17.5983	blind	0	0	no_transition	no_transition
32870.399	1280	567	0.000000	0.000000	0.00	0.00	0.000	15.4095	blind	0	0	no_transition	no_transition
32886.502	1280	567	0.000000	0.000000	0.00	0.00	0.000	16.7783	blind	0	0	no_transition	no_transition
32903.235	1280	567	0.000000	0.000000	0.00	0.00	0.000	16.6757	blind	0	0	no_transition	no_transition
32919.790	1280	567	0.000000	0.000000	0.00	0.00	0.000	16.4162	blind	0	0	no_transition	no_transition
32936.413	1280	567	0.000000	0.000000	0.00	0.00	0.000	16.8100	blind	0	0	no_transition	no_transition
32953.140	1280	567	0.000000	0.000000	0.00	0.00	0.000	16.6254	blind	0	0	no_transition	no_transition
32969.825	1280	567	0.000000	0.000000	0.00	0.00	0.000	16.7252	blind	0	0	no_transition	no_transition
32986.701	1280	567	0.000000	0.000000	0.00	0.00	0.000	17.0079	blind	0	0	no_transition	no_transition
33003.415	1280	567	0.000000	0.000000	0.00	0.00	0.000	16.4021	blind	0	0	no_transition	no_transition
33020.005	1280	567	0.000000	0.000000	0.00	0.00	0.000	16.7598	blind	0	0	no_transition	no_transition
33036.788	1280	567	0.000000	0.000000	0.00	0.00	0.000	16.7873	blind	0	0	no_transition	no_transition
33053.421	1280	567	0.000000	0.000000	0.00	0.00	0.000	16.4603	blind	0	0	no_transition	no_transition
33069.997	1280	567	0.000000	0.000000	0.00	0.00	0.000	16.6728	blind	0	0	no_transition	no_transition
33086.602	1280	567	0.000000	0.000000	0.00	0.00	0.000	16.5193	blind	0	0	no_transition	no_transition
33103.196	1280	567	0.000000	0.000000	0.00	0.00	0.000	16.6485	blind	0	0	no_transition	no_transition
33120.700	1280	567	0.000000	0.000000	0.00	0.00	0.000	18.3402	blind	0	0	no_transition	no_transition
33138.166	1280	567	0.000000	0.000000	0.00	0.00	0.000	16.5650	blind	0	0	no_transition	no_transition
33154.792	1280	567	0.000000	0.000000	0.00	0.00	0.000	16.6688	blind	0	0	no_transition	no_transition
33171.433	1280	567	0.000000	0.000000	0.00	0.00	0.000	16.5949	blind	0	0	no_transition	no_transition
33188.102	1280	567	0.000000	0.000000	0.00	0.00	0.000	16.7255	blind	0	0	no_transition	no_transition
33204.994	1280	567	0.000000	0.000000	0.00	0.00	0.000	17.0395	blind	0	0	no_transition	no_transition
33221.690	1280	567	0.000000	0.000000	0.00	0.00	0.000	16.3266	blind	0	0	no_transition	no_transition
33238.199	1280	567	0.000000	0.000000	0.00	0.00	0.000	16.6736	blind	0	0	no_transition	no_transition
33254.907	1280	567	0.000000	0.000000	0.00	0.00	0.000	16.7150	blind	0	0	no_transition	no_transition
33271.494	1280	567	0.000000	0.000000	0.00	0.00	0.000	16.4386	blind	0	0	no_transition	no_transition
33288.543	1280	567	0.000000	0.000000	0.00	0.00	0.000	17.6406	blind	0	0	no_transition	no_transition
33305.186	1280	567	0.000000	0.000000	0.00	0.00	0.000	15.6274	blind	0	0	no_transition	no_transition
33321.360	1280	567	0.000000	0.000000	0.00	0.00	0.000	16.5618	blind	0	0	no_transition	no_transition
33338.310	1280	567	0.000000	0.000000	0.00	0.00	0.000	17.3181	blind	0	0	no_transition	no_transition
33355.297	1280	567	0.000000	0.000000	0.00	0.00	0.000	16.6301	blind	0	0	no_transition	no_transition
33371.700	1280	567	0.000000	0.000000	0.00	0.00	0.000	16.1533	blind	0	0	no_transition	no_transition
33388.403	1280	567	0.000000	0.000000	0.00	0.00	0.000	17.2384	blind	0	0	no_transition	no_transition
33405.377	1280	567	0.000000	0.000000	0.00	0.00	0.000	16.6928	blind	0	0	no_transition	no_transition
33421.719	1280	567	0.000000	0.000000	0.00	0.00	0.000	15.9732	blind	0	0	no_transition	no_transition
33438.072	1280	567	0.000000	0.000000	0.00	0.00	0.000	16.7162	blind	0	0	no_transition	no_transition
33455.045	1280	567	0.000000	0.000000	0.00	0.00	0.000	17.2124	blind	0	0	no_transition	no_transition
33468.649	1280	567	0.000000	0.000000	0.00	0.00	0.000	9.9777	blind	0	0	no_transition	no_transition
33485.017	1280	567	0.000000	0.000000	0.00	0.00	0.000	22.7417	blind	0	0	no_transition	no_transition
33504.794	1280	567	0.000000	0.000000	0.00	0.00	0.000	16.7853	blind	0	0	no_transition	no_transition
33521.438	1280	567	0.000000	0.000000	0.00	0.00	0.000	16.4835	blind	0	0	no_transition	no_transition
33538.410	1280	567	0.000000	0.000000	0.00	0.00	0.000	17.4431	blind	0	0	no_transition	no_transition
33555.091	1280	567	0.000000	0.000000	0.00	0.00	0.000	15.8977	blind	0	0	no_transition	no_transition
33571.560	1280	567	0.000000	0.000000	0.00	0.00	0.000	17.0116	blind	0	0	no_transition	no_transition
33588.309	1280	567	0.000000	0.000000	0.00	0.00	0.000	16.4674	blind	0	0	no_transition	no_transition
33604.963	1280	567	0.000000	0.000000	0.00	0.00	0.000	16.8220	blind	0	0	no_transition	no_transition
33621.731	1280	567	0.000000	0.000000	0.00	0.00	0.000	16.6946	blind	0	0	no_transition	no_transition
33638.942	1280	567	0.000000	0.000000	0.00	0.00	0.000	17.7099	blind	0	0	no_transition	no_transition
33652.568	1280	567	0.000000	0.000000	0.00	0.00	0.000	9.5287	blind	0	0	no_transition	no_transition
33668.701	1280	567	0.000000	0.000000	0.00	0.00	0.000	22.7131	blind	0	0	no_transition	no_transition
33688.357	1280	567	0.000000	0.000000	0.00	0.00	0.000	16.5801	blind	0	0	no_transition	no_transition
33704.974	1280	567	0.000000	0.000000	0.00	0.00	0.000	16.6289	blind	0	0	no_transition	no_transition
33721.638	1280	567	0.000000	0.000000	0.00	0.00	0.000	16.6799	blind	0	0	no_transition	no_transition
33738.182	1280	567	0.000000	0.000000	0.00	0.00	0.000	16.3897	blind	0	0	no_transition	no_transition
33755.137	1280	567	0.000000	0.000000	0.00	0.00	0.000	17.4986	blind	0	0	no_transition	no_transition
33768.841	1280	567	0.000000	0.000000	0.00	0.00	0.000	9.8929	blind	0	0	no_transition	no_transition
33785.146	1280	567	0.000000	0.000000	0.00	0.00	0.000	22.7025	blind	0	0	no_transition	no_transition
33805.252	1280	567	0.000000	0.000000	0.00	0.00	0.000	17.4949	blind	0	0	no_transition	no_transition
33821.816	1280	567	0.000000	0.000000	0.00	0.00	0.000	15.6153	blind	0	0	no_transition	no_transition
33837.990	1280	567	0.000000	0.000000	0.00	0.00	0.000	16.7172	blind	0	0	no_transition	no_transition
33854.754	1280	567	0.000000	0.000000	0.00	0.00	0.000	16.7823	blind	0	0	no_transition	no_transition
33871.564	1280	567	0.000000	0.000000	0.00	0.00	0.000	16.8196	blind	0	0	no_transition	no_transition
33888.254	1280	567	0.000000	0.000000	0.00	0.00	0.000	16.5402	blind	0	0	no_transition	no_transition
33905.306	1280	567	0.000000	0.000000	0.00	0.00	0.000	17.5458	blind	0	0	no_transition	no_transition
33922.170	1280	567	0.000000	0.000000	0.00	0.00	0.000	16.1650	blind	0	0	no_transition	no_transition
33938.986	1280	567	0.000000	0.000000	0.00	0.00	0.000	17.4476	blind	0	0	no_transition	no_transition
33955.796	1280	567	0.000000	0.000000	0.00	0.00	0.000	16.1502	blind	0	0	no_transition	no_transition
33972.160	1280	567	0.000000	0.000000	0.00	0.00	0.000	16.5573	blind	0	0	no_transition	no_transition
33989.252	1280	567	0.000000	0.000000	0.00	0.00	0.000	17.6009	blind	0	0	no_transition	no_transition
34003.029	1280	567	0.000000	0.000000	0.00	0.00	0.000	9.8750	blind	0	0	no_transition	no_transition
34019.091	1280	567	0.000000	0.000000	0.00	0.00	0.000	22.2302	blind	0	0	no_transition	no_transition
34038.595	1280	567	0.000000	0.000000	0.00	0.00	0.000	16.7579	blind	0	0	no_transition	no_transition
34055.668	1280	567	0.000000	0.000000	0.00	0.00	0.000	17.3685	blind	0	0	no_transition	no_transition
34072.308	1280	567	0.000000	0.000000	0.00	0.00	0.000	15.8903	blind	0	0	no_transition	no_transition
34088.606	1280	567	0.000000	0.000000	0.00	0.00	0.000	16.6884	blind	0	0	no_transition	no_transition
34105.314	1280	567	0.000000	0.000000	0.00	0.00	0.000	16.7074	blind	0	0	no_transition	no_transition
34121.816	1280	567	0.000000	0.000000	0.00	0.00	0.000	16.2787	blind	0	0	no_transition	no_transition
34138.469	1280	567	0.000000	0.000000	0.00	0.00	0.000	17.0094	blind	0	0	no_transition	no_transition
34155.244	1280	567	0.000000	0.000000	0.00	0.00	0.000	16.5242	blind	0	0	no_transition	no_transition
34171.920	1280	567	0.000000	0.000000	0.00	0.00	0.000	16.8071	blind	0	0	no_transition	no_transition
34188.808	1280	567	0.000000	0.000000	0.00	0.00	0.000	16.9560	blind	0	0	no_transition	no_transition
34205.838	1280	567	0.000000	0.000000	0.00	0.00	0.000	17.0872	blind	0	0	no_transition	no_transition
34222.324	1280	567	0.000000	0.000000	0.00	0.00	0.000	15.8656	blind	0	0	no_transition	no_transition
34239.090	1280	567	0.000000	0.000000	0.00	0.00	0.000	17.6475	blind	0	0	no_transition	no_transition
34252.601	1280	567	0.000000	0.000000	0.00	0.00	0.000	9.3556	blind	0	0	no_transition	no_transition
34268.851	1280	567	0.000000	0.000000	0.00	0.00	0.000	23.1295	blind	0	0	no_transition	no_transition
34288.708	1280	567	0.000000	0.000000	0.00	0.00	0.000	16.5656	blind	0	0	no_transition	no_transition
34305.725	1280	567	0.000000	0.000000	0.00	0.00	0.000	17.4494	blind	0	0	no_transition	no_transition
34322.249	1280	567	0.000000	0.000000	0.00	0.00	0.000	15.5799	blind	0	0	no_transition	no_transition
34339.128	1280	567	0.000000	0.000000	0.00	0.00	0.000	18.1493	blind	0	0	no_transition	no_transition
34352.820	1280	567	0.586562	0.000000	53.40	0.00	0.000	9.2155	x_only	5	0	ok	ends_differ
34368.769	1280	567	0.586562	0.000000	53.40	0.00	0.000	22.6649	x_only	5	0	ok	ends_differ
34389.471	1280	567	0.586562	0.000000	53.40	0.00	0.000	18.7203	x_only	5	0	ok	ends_differ
34403.319	1280	567	0.500625	0.000000	137.40	0.00	0.000	8.9544	x_only	5	0	ok	ends_differ
34419.028	1280	567	0.500625	0.000000	137.40	0.00	0.000	22.4465	x_only	5	0	ok	ends_differ
34438.542	1280	567	0.500625	0.000000	137.40	0.00	0.000	16.5694	x_only	5	0	ok	ends_differ
34455.587	1280	567	0.500625	0.000000	137.40	0.00	0.000	17.4988	x_only	5	0	ok	ends_differ
34469.443	1280	567	0.500625	0.000000	137.40	0.00	0.000	10.1940	x_only	5	0	ok	ends_differ
34485.870	1280	567	0.500625	0.000000	137.40	0.00	0.000	22.6415	x_only	5	0	ok	ends_differ
34505.469	1280	567	0.500625	0.000000	137.40	0.00	0.000	16.5355	x_only	5	0	ok	ends_differ
34522.153	1280	567	0.500625	0.000000	137.40	0.00	0.000	16.8143	x_only	5	0	ok	ends_differ
34538.710	1280	567	0.500625	0.000000	137.40	0.00	0.000	16.2798	x_only	5	0	ok	ends_differ
34555.650	1280	567	0.500625	0.000000	137.40	0.00	0.000	17.5720	x_only	5	0	ok	ends_differ
34569.288	1280	567	0.500625	0.000000	137.40	0.00	0.000	9.6849	x_only	5	0	ok	ends_differ
34585.545	1280	567	0.500625	0.000000	137.40	0.00	0.000	22.8083	x_only	5	0	ok	ends_differ
34605.318	1280	567	0.500625	0.000000	137.40	0.00	0.000	16.7245	x_only	5	0	ok	ends_differ
34622.060	1280	567	0.500625	0.000000	137.40	0.00	0.000	16.7393	x_only	5	0	ok	ends_differ
34639.161	1280	567	0.500625	0.000000	137.40	0.00	0.000	17.4486	x_only	5	0	ok	ends_differ
34655.832	1280	567	0.500625	0.000000	137.40	0.00	0.000	15.8780	x_only	5	0	ok	ends_differ
34672.163	1280	567	0.500625	0.000000	137.40	0.00	0.000	16.7646	x_only	5	0	ok	ends_differ
34689.043	1280	567	0.500625	0.000000	137.40	0.00	0.000	16.9792	x_only	5	0	ok	ends_differ
34702.552	1280	567	0.500625	0.000000	137.40	0.00	0.000	10.0182	x_only	5	0	ok	ends_differ
34719.060	1280	567	0.500625	0.000000	137.40	0.00	0.000	22.9843	x_only	5	0	ok	ends_differ
34738.872	1280	567	0.500625	0.000000	137.40	0.00	0.000	16.5528	x_only	5	0	ok	ends_differ
34755.577	1280	567	0.500625	0.000000	137.40	0.00	0.000	16.8372	x_only	5	0	ok	ends_differ
34772.243	1280	567	0.500625	0.000000	137.40	0.00	0.000	16.4761	x_only	5	0	ok	ends_differ
34789.022	1280	567	0.500625	0.000000	137.40	0.00	0.000	17.0647	x_only	5	0	ok	ends_differ
34802.489	1280	567	0.500625	0.000000	137.40	0.00	0.000	9.8485	x_only	5	0	ok	ends_differ
34819.304	1280	567	0.500625	0.000000	137.40	0.00	0.000	23.7654	x_only	5	0	ok	ends_differ
34839.206	1280	567	0.500625	0.000000	137.40	0.00	0.000	16.0198	x_only	5	0	ok	ends_differ
34855.454	1280	567	0.500625	0.000000	137.40	0.00	0.000	16.4564	x_only	5	0	ok	ends_differ
34872.161	1280	567	0.500625	0.000000	137.40	0.00	0.000	16.9374	x_only	5	0	ok	ends_differ
34888.929	1280	567	0.500625	0.000000	137.40	0.00	0.000	16.5791	x_only	5	0	ok	ends_differ
34905.449	1280	567	0.500625	0.000000	137.40	0.00	0.000	16.4286	x_only	5	0	ok	ends_differ
34922.025	1280	567	0.500625	0.000000	137.40	0.00	0.000	16.7021	x_only	5	0	ok	ends_differ
34938.950	1280	567	0.500625	0.000000	137.40	0.00	0.000	17.1295	x_only	5	0	ok	ends_differ
34955.681	1280	567	0.438021	0.000000	198.50	0.00	0.000	16.3149	x_only	4	0	ok	ends_differ
34972.354	1280	567	0.438021	0.000000	198.50	0.00	0.000	17.0112	x_only	4	0	ok	ends_differ
34988.890	1280	567	0.438021	0.000000	198.50	0.00	0.000	16.0395	x_only	4	0	ok	ends_differ
35005.344	1280	567	0.438021	0.000000	198.50	0.00	0.000	16.8462	x_only	4	0	ok	ends_differ
35022.024	1280	567	0.438021	0.000000	198.50	0.00	0.000	16.4951	x_only	4	0	ok	ends_differ
35038.602	1280	567	0.438021	0.000000	198.50	0.00	0.000	16.6407	x_only	4	0	ok	ends_differ
35055.441	1280	567	0.438021	0.000000	198.50	0.00	0.000	17.0175	x_only	4	0	ok	ends_differ
35072.195	1280	567	0.438021	0.000000	198.50	0.00	0.000	16.4696	x_only	4	0	ok	ends_differ
35088.965	1280	567	0.438021	0.000000	198.50	0.00	0.000	17.0508	x_only	4	0	ok	ends_differ
35105.626	1280	567	0.438021	0.000000	198.50	0.00	0.000	16.2498	x_only	4	0	ok	ends_differ
35122.201	1280	567	0.438021	0.000000	198.50	0.00	0.000	16.8790	x_only	4	0	ok	ends_differ
35139.089	1280	567	0.438021	0.000000	198.50	0.00	0.000	16.8778	x_only	4	0	ok	ends_differ
35155.682	1280	567	0.438021	0.000000	198.50	0.00	0.000	16.2856	x_only	4	0	ok	ends_differ
35172.199	1280	567	0.438021	0.000000	198.50	0.00	0.000	16.7265	x_only	4	0	ok	ends_differ
35188.907	1280	567	0.438021	0.000000	198.50	0.00	0.000	16.6710	x_only	4	0	ok	ends_differ
35205.825	1280	567	0.438021	0.000000	198.50	0.00	0.000	17.1446	x_only	4	0	ok	ends_differ
35219.289	1280	567	0.438021	0.000000	198.50	0.00	0.000	9.7634	x_only	4	0	ok	ends_differ
35235.584	1280	567	0.438021	0.000000	198.50	0.00	0.000	22.8119	x_only	4	0	ok	ends_differ
35255.517	1280	567	0.438021	0.000000	198.50	0.00	0.000	17.0327	x_only	4	0	ok	ends_differ
35272.379	1280	567	0.438021	0.000000	198.50	0.00	0.000	16.6719	x_only	4	0	ok	ends_differ
35288.845	1280	567	0.438021	0.000000	198.50	0.00	0.000	16.2389	x_only	4	0	ok	ends_differ
35305.201	1280	567	0.438021	0.000000	198.50	0.00	0.000	16.4529	x_only	4	0	ok	ends_differ
35322.224	1280	567	0.438021	0.000000	198.50	0.00	0.000	17.5739	x_only	4	0	ok	ends_differ
35339.174	1280	567	0.438021	0.000000	198.50	0.00	0.000	16.3057	x_only	4	0	ok	ends_differ
35355.635	1280	567	0.438021	0.000000	198.50	0.00	0.000	16.5972	x_only	4	0	ok	ends_differ
35372.150	1280	567	0.438021	0.000000	198.50	0.00	0.000	16.4099	x_only	4	0	ok	ends_differ
35388.911	1280	567	0.438021	0.000000	198.50	0.00	0.000	17.0939	x_only	4	0	ok	ends_differ
35405.670	1280	567	0.438021	0.000000	198.50	0.00	0.000	16.4118	x_only	4	0	ok	ends_differ
35422.060	1280	567	0.438021	0.000000	198.50	0.00	0.000	16.3436	x_only	4	0	ok	ends_differ
35439.071	1280	567	0.438021	0.000000	198.50	0.00	0.000	17.6641	x_only	4	0	ok	ends_differ
35452.647	1280	567	0.438021	0.000000	198.50	0.00	0.000	9.4680	x_only	4	0	ok	ends_differ
35469.373	1280	567	0.438021	0.000000	198.50	0.00	0.000	23.9694	x_only	4	0	ok	ends_differ
35489.787	1280	567	0.438021	0.000000	198.50	0.00	0.000	16.8388	x_only	4	0	ok	ends_differ
35503.666	1280	567	0.438021	0.000000	198.50	0.00	0.000	10.8400	x_only	4	0	ok	ends_differ
35520.146	1280	567	0.438125	0.000000	198.40	0.00	0.000	22.0998	x_only	5	0	ok	ends_differ
35536.900	1280	567	0.438125	0.000000	198.40	0.00	0.000	11.3875	x_only	5	0	ok	ends_differ
35553.262	1280	567	0.438125	0.437963	198.40	87.50	0.037	21.3155	ok	5	4	ok	ok
35572.327	1280	567	0.438125	0.437963	198.40	79.50	0.037	16.7936	ok	5	4	ok	ok
35589.220	1280	567	0.438333	0.437963	198.20	73.50	0.085	16.9700	ok	5	4	ok	ok
35603.082	1280	567	0.438333	0.437963	198.20	66.50	0.085	10.7338	ok	5	4	ok	ok
35619.479	1280	567	0.438333	0.437963	198.20	59.50	0.085	22.0378	ok	5	4	ok	ok
35639.054	1280	567	0.438333	0.437963	198.20	54.50	0.085	17.0910	ok	5	4	ok	ok
35653.134	1280	567	0.438333	0.437963	198.20	49.50	0.085	11.0480	ok	5	4	ok	ok
35669.636	1280	567	0.438333	0.437963	198.20	45.50	0.085	21.9321	ok	5	4	ok	ok
35689.355	1280	567	0.438333	0.437963	198.20	43.50	0.085	17.4913	ok	5	4	ok	ok
35702.713	1280	567	0.438333	0.437963	198.20	41.50	0.085	9.2022	ok	5	4	ok	ok
35719.278	1280	567	0.438125	0.437963	198.40	39.50	0.037	23.9072	ok	5	4	ok	ok
35735.991	1280	567	0.438125	0.437963	198.40	37.50	0.037	9.4974	ok	5	4	ok	ok
35751.715	1280	567	0.438125	0.437963	198.40	35.50	0.037	21.9286	ok	5	4	ok	ok
35770.967	1280	567	0.437917	0.437963	198.60	31.50	0.011	16.5558	ok	5	4	ok	ok
35787.161	1280	567	0.438021	0.437963	198.50	28.50	0.013	15.8066	ok	4	4	ok	ok
35803.550	1280	567	0.438021	0.437963	198.50	26.50	0.013	16.9512	ok	4	4	ok	ok
35820.076	1280	567	0.438021	0.437963	198.50	25.50	0.013	16.0802	ok	4	4	ok	ok
35837.057	1280	567	0.438021	0.437963	198.50	25.50	0.013	17.8613	ok	4	4	ok	ok
35853.890	1280	567	0.438021	0.437963	198.50	25.50	0.013	15.7914	ok	4	4	ok	ok
35870.023	1280	567	0.438021	0.437963	198.50	25.50	0.013	16.4535	ok	4	4	ok	ok
35886.773	1280	567	0.438021	0.437963	198.50	25.50	0.013	17.0278	ok	4	4	ok	ok
35903.510	1280	567	0.438021	0.437963	198.50	25.50	0.013	16.4256	ok	4	4	ok	ok
35920.003	1280	567	0.438021	0.437963	198.50	25.50	0.013	16.5399	ok	4	4	ok	ok
35936.729	1280	567	0.438021	0.437963	198.50	25.50	0.013	16.8922	ok	4	4	ok	ok
35953.505	1280	567	0.438021	0.437963	198.50	25.50	0.013	16.6375	ok	4	4	ok	ok
35970.272	1280	567	0.438021	0.437963	198.50	25.50	0.013	16.8765	ok	4	4	ok	ok
35987.057	1280	567	0.438021	0.437963	198.50	25.50	0.013	16.6729	ok	4	4	ok	ok
36003.601	1280	567	0.438021	0.437963	198.50	25.50	0.013	16.3930	ok	4	4	ok	ok
36020.162	1280	567	0.438021	0.437963	198.50	25.50	0.013	16.7094	ok	4	4	ok	ok
36036.806	1280	567	0.438021	0.437963	198.50	25.50	0.013	16.5580	ok	4	4	ok	ok
36053.813	1280	567	0.438021	0.437963	198.50	25.50	0.013	17.4369	ok	4	4	ok	ok
36070.421	1280	567	0.438021	0.437963	198.50	25.50	0.013	15.7561	ok	4	4	ok	ok
36086.641	1280	567	0.438021	0.437963	198.50	25.50	0.013	16.6626	ok	4	4	ok	ok
36103.578	1280	567	0.438021	0.437963	198.50	25.50	0.013	17.1885	ok	4	4	ok	ok
36120.158	1280	567	0.438021	0.437963	198.50	25.50	0.013	15.9498	ok	4	4	ok	ok
36136.864	1280	567	0.438021	0.437963	198.50	25.50	0.013	17.4444	ok	4	4	ok	ok
36153.742	1280	567	0.438021	0.437963	198.50	25.50	0.013	16.2877	ok	4	4	ok	ok
36170.045	1280	567	0.438021	0.437963	198.50	25.50	0.013	16.2973	ok	4	4	ok	ok
36187.091	1280	567	0.438021	0.437963	198.50	26.50	0.013	17.7732	ok	4	4	ok	ok
36204.336	1280	567	0.438021	0.437963	199.50	27.50	0.013	16.6932	ok	4	4	ok	ok
36220.925	1280	567	0.438021	0.437963	199.50	27.50	0.013	16.4651	ok	4	4	ok	ok
36237.104	1280	567	0.438021	0.437963	200.50	27.50	0.013	15.8711	ok	4	4	ok	ok
36253.573	1280	567	0.438021	0.437963	200.50	27.50	0.013	17.0430	ok	4	4	ok	ok
36270.583	1280	567	0.438021	0.437963	201.50	27.50	0.013	16.9539	ok	4	4	ok	ok
36286.990	1280	567	0.438021	0.437963	201.50	27.50	0.013	15.8380	ok	4	4	ok	ok
36303.382	1280	567	0.438021	0.437963	201.50	27.50	0.013	16.9209	ok	4	4	ok	ok
36320.145	1280	567	0.438021	0.437963	201.50	27.50	0.013	16.5858	ok	4	4	ok	ok
36337.686	1280	567	0.438021	0.437963	201.50	28.50	0.013	18.4742	ok	4	4	ok	ok
36355.036	1280	567	0.438021	0.437963	200.50	29.50	0.013	16.2044	ok	4	4	ok	ok
36370.878	1280	567	0.438021	0.437963	198.50	30.50	0.013	15.4592	ok	4	4	ok	ok
36387.238	1280	567	0.438021	0.437963	196.50	30.50	0.013	17.1916	ok	4	4	ok	ok
36404.053	1280	567	0.438125	0.437963	185.40	32.50	0.037	16.4163	ok	5	4	ok	ok
36420.393	1280	567	0.438125	0.437963	167.40	32.50	0.037	16.2413	ok	5	4	ok	ok
36437.976	1280	567	0.438125	0.437963	142.40	32.50	0.037	18.9022	ok	5	4	ok	ok
36454.884	1280	567	0.438125	0.437963	113.40	32.50	0.037	14.8946	ok	5	4	ok	ok
36471.456	1280	567	0.438125	0.437963	88.40	32.50	0.037	18.2288	ok	5	4	ok	ok
36488.058	1280	567	0.438125	0.437963	72.40	32.50	0.037	14.9545	ok	5	4	ok	ok
36503.955	1280	567	0.438125	0.437037	60.40	33.00	0.249	16.8167	ok	5	3	ok	ok
36520.478	1280	567	0.438125	0.437037	53.40	33.00	0.249	16.2079	ok	5	3	ok	ok
36536.720	1280	567	0.438125	0.437037	50.40	33.00	0.249	16.2558	ok	5	3	ok	ok
36553.307	1280	567	0.438125	0.437037	49.40	33.00	0.249	16.8966	ok	5	3	ok	ok
36570.137	1280	567	0.438125	0.437037	49.40	33.00	0.249	16.7414	ok	5	3	ok	ok
36587.027	1280	567	0.438125	0.437037	49.40	33.00	0.249	17.0199	ok	5	3	ok	ok
36603.857	1280	567	0.438125	0.437037	49.40	33.00	0.249	16.6217	ok	5	3	ok	ok
36620.402	1280	567	0.438125	0.437037	49.40	33.00	0.249	16.4463	ok	5	3	ok	ok
36636.937	1280	567	0.438125	0.437037	49.40	33.00	0.249	16.6097	ok	5	3	ok	ok
36653.424	1280	567	0.438125	0.437037	49.40	33.00	0.249	16.3452	ok	5	3	ok	ok
36670.051	1280	567	0.438125	0.437037	49.40	34.00	0.249	16.8892	ok	5	3	ok	ok
36686.912	1280	567	0.438125	0.437037	50.40	35.00	0.249	16.8180	ok	5	3	ok	ok
36703.873	1280	567	0.438125	0.437037	51.40	36.00	0.249	17.0828	ok	5	3	ok	ok
36721.076	1280	567	0.438125	0.437037	51.40	36.00	0.249	17.2999	ok	5	3	ok	ok
36737.791	1280	567	0.438125	0.437037	54.40	39.00	0.249	16.1099	ok	5	3	ok	ok
36754.311	1280	567	0.438333	0.437037	55.20	41.00	0.297	16.9096	ok	5	3	ok	ok
36771.173	1280	567	0.438333	0.437037	56.20	42.00	0.297	16.7936	ok	5	3	ok	ok
36787.815	1280	567	0.438333	0.437037	60.20	44.00	0.297	16.4668	ok	5	3	ok	ok
36804.382	1280	567	0.438333	0.437037	64.20	47.00	0.297	16.6466	ok	5	3	ok	ok
36820.740	1280	567	0.438333	0.437963	70.20	50.50	0.085	16.0487	ok	5	4	ok	ok
36837.124	1280	567	0.438333	0.437963	77.20	53.50	0.085	16.6980	ok	5	4	ok	ok
36854.578	1280	567	0.438333	0.437963	84.20	56.50	0.085	18.1897	ok	5	4	ok	ok
36871.017	1280	567	0.438333	0.437963	92.20	58.50	0.085	14.6664	ok	5	4	ok	ok
36887.155	1280	567	0.438333	0.437963	99.20	60.50	0.085	17.5880	ok	5	4	ok	ok
36904.193	1280	567	0.438333	0.437963	107.20	60.50	0.085	16.4654	ok	5	4	ok	ok
36920.499	1280	567	0.438333	0.437963	115.20	60.50	0.085	16.1239	ok	5	4	ok	ok
36937.050	1280	567	0.438333	0.437963	122.20	61.50	0.085	16.9575	ok	5	4	ok	ok
36953.825	1280	567	0.438333	0.437963	128.20	61.50	0.085	16.5707	ok	5	4	ok	ok
36970.556	1280	567	0.438333	0.437963	134.20	61.50	0.085	16.8533	ok	5	4	ok	ok
36987.342	1280	567	0.438333	0.437963	140.20	61.50	0.085	16.6994	ok	5	4	ok	ok
37004.025	1280	567	0.438333	0.437963	146.20	61.50	0.085	16.6444	ok	5	4	ok	ok
37020.855	1280	567	0.438333	0.437963	151.20	62.50	0.085	16.9943	ok	5	4	ok	ok
37037.210	1280	567	0.438333	0.437963	156.20	62.50	0.085	15.6960	ok	5	4	ok	ok
37053.634	1280	567	0.438333	0.437963	162.20	62.50	0.085	17.1301	ok	5	4	ok	ok
37070.447	1280	567	0.438333	0.437963	166.20	62.50	0.085	16.4732	ok	5	4	ok	ok
37087.122	1280	567	0.438333	0.437963	170.20	62.50	0.085	16.8562	ok	5	4	ok	ok
37103.841	1280	567	0.438333	0.437963	175.20	62.50	0.085	16.5593	ok	5	4	ok	ok
37120.747	1280	567	0.438333	0.437963	180.20	62.50	0.085	17.2235	ok	5	4	ok	ok
37137.707	1280	567	0.438333	0.437963	184.20	62.50	0.085	16.6754	ok	5	4	ok	ok
37154.084	1280	567	0.438333	0.437963	191.20	62.50	0.085	16.0566	ok	5	4	ok	ok
37170.471	1280	567	0.438333	0.437963	197.20	62.50	0.085	16.6942	ok	5	4	ok	ok
37187.235	1280	567	0.438333	0.437963	202.20	62.50	0.085	16.8136	ok	5	4	ok	ok
37203.863	1280	567	0.438333	0.437963	207.20	62.50	0.085	16.4196	ok	5	4	ok	ok
37220.191	1280	567	0.438333	0.437963	207.20	62.50	0.085	16.2148	ok	5	4	ok	ok
37236.942	1280	567	0.438333	0.437963	214.20	62.50	0.085	17.2630	ok	5	4	ok	ok
37254.312	1280	567	0.438333	0.437037	220.20	63.00	0.297	17.4536	ok	5	3	ok	ok
37270.972	1280	567	0.438333	0.437037	222.20	63.00	0.297	15.7792	ok	5	3	ok	ok
37287.283	1280	567	0.438333	0.437037	225.20	63.00	0.297	16.8231	ok	5	3	ok	ok
37304.261	1280	567	0.438333	0.437037	229.20	63.00	0.297	17.1109	ok	5	3	ok	ok
37320.670	1280	567	0.438333	0.437037	233.20	63.00	0.297	15.6844	ok	5	3	ok	ok
37336.949	1280	567	0.438333	0.437037	236.20	63.00	0.297	16.8510	ok	5	3	ok	ok
37353.930	1280	567	0.438333	0.437037	240.20	63.00	0.297	17.0915	ok	5	3	ok	ok
37370.811	1280	567	0.438333	0.437037	244.20	63.00	0.297	16.6503	ok	5	3	ok	ok
37387.312	1280	567	0.438333	0.437037	247.20	63.00	0.297	16.3296	ok	5	3	ok	ok
37404.023	1280	567	0.438333	0.437037	250.20	63.00	0.297	17.0740	ok	5	3	ok	ok
37420.423	1280	567	0.438333	0.437037	250.20	63.00	0.297	15.7052	ok	5	3	ok	ok
37436.866	1280	567	0.438333	0.437037	256.20	63.00	0.297	17.1581	ok	5	3	ok	ok
37453.622	1280	567	0.438333	0.437037	257.20	63.00	0.297	16.3312	ok	5	3	ok	ok
37470.451	1280	567	0.438333	0.437037	257.20	63.00	0.297	17.3042	ok	5	3	ok	ok
37487.398	1280	567	0.438333	0.437037	257.20	63.00	0.297	16.5652	ok	5	3	ok	ok
37503.953	1280	567	0.438333	0.437037	257.20	63.00	0.297	16.5252	ok	5	3	ok	ok
37520.292	1280	567	0.438333	0.437037	257.20	63.00	0.297	16.1311	ok	5	3	ok	ok
37536.730	1280	567	0.438333	0.437037	257.20	63.00	0.297	16.7240	ok	5	3	ok	ok
37553.609	1280	567	0.438333	0.437037	257.20	63.00	0.297	17.0102	ok	5	3	ok	ok
37570.186	1280	567	0.438333	0.437037	257.20	63.00	0.297	16.1215	ok	5	3	ok	ok
37586.613	1280	567	0.438333	0.437037	257.20	63.00	0.297	16.7105	ok	5	3	ok	ok
37603.282	1280	567	0.438333	0.437037	257.20	63.00	0.297	16.6062	ok	5	3	ok	ok
37619.768	1280	567	0.438333	0.437037	257.20	63.00	0.297	16.3463	ok	5	3	ok	ok
37636.479	1280	567	0.438333	0.437037	257.20	63.00	0.297	17.0576	ok	5	3	ok	ok
37653.395	1280	567	0.438333	0.437037	257.20	63.00	0.297	16.7529	ok	5	3	ok	ok
37670.140	1280	567	0.438333	0.437037	257.20	63.00	0.297	16.7176	ok	5	3	ok	ok
37686.742	1280	567	0.438333	0.437037	257.20	63.00	0.297	16.4675	ok	5	3	ok	ok
37703.315	1280	567	0.438333	0.437037	257.20	63.00	0.297	16.6582	ok	5	3	ok	ok
37720.436	1280	567	0.438333	0.437037	257.20	63.00	0.297	17.5605	ok	5	3	ok	ok
37736.934	1280	567	0.438333	0.437037	257.20	63.00	0.297	15.4165	ok	5	3	ok	ok
37753.135	1280	567	0.438333	0.437037	257.20	63.00	0.297	16.9570	ok	5	3	ok	ok
37770.337	1280	567	0.438333	0.437037	257.20	63.00	0.297	17.4286	ok	5	3	ok	ok
37787.041	1280	567	0.438333	0.437037	257.20	63.00	0.297	15.9572	ok	5	3	ok	ok
37803.259	1280	567	0.438333	0.437037	257.20	63.00	0.297	16.4592	ok	5	3	ok	ok
37819.768	1280	567	0.438333	0.437037	257.20	63.00	0.297	16.5384	ok	5	3	ok	ok
37836.548	1280	567	0.438333	0.437037	257.20	63.00	0.297	17.0036	ok	5	3	ok	ok
37853.455	1280	567	0.438333	0.437037	257.20	63.00	0.297	16.7909	ok	5	3	ok	ok
37869.927	1280	567	0.438333	0.437037	257.20	63.00	0.297	16.1336	ok	5	3	ok	ok
37887.045	1280	567	0.438333	0.437037	257.20	63.00	0.297	18.0658	ok	5	3	ok	ok
37903.860	1280	567	0.438333	0.437037	257.20	63.00	0.297	15.5506	ok	5	3	ok	ok
37919.848	1280	567	0.438333	0.437037	257.20	63.00	0.297	16.4038	ok	5	3	ok	ok
37937.088	1280	567	0.438333	0.437037	257.20	63.00	0.297	18.0610	ok	5	3	ok	ok
37953.863	1280	567	0.438333	0.437037	257.20	63.00	0.297	15.4654	ok	5	3	ok	ok
37969.974	1280	567	0.438333	0.437037	257.20	63.00	0.297	16.7345	ok	5	3	ok	ok
37986.657	1280	567	0.438333	0.437037	257.20	63.00	0.297	16.6110	ok	5	3	ok	ok
38003.461	1280	567	0.438333	0.437037	257.20	63.00	0.297	16.9754	ok	5	3	ok	ok
38020.082	1280	567	0.438333	0.437037	257.20	63.00	0.297	16.2467	ok	5	3	ok	ok
38036.429	1280	567	0.438333	0.437037	257.20	63.00	0.297	16.4239	ok	5	3	ok	ok
38053.107	1280	567	0.438333	0.437037	257.20	63.00	0.297	16.9121	ok	5	3	ok	ok
38069.834	1280	567	0.438333	0.437037	257.20	63.00	0.297	16.5227	ok	5	3	ok	ok
38086.667	1280	567	0.438333	0.437037	257.20	63.00	0.297	17.1243	ok	5	3	ok	ok
38103.531	1280	567	0.438333	0.437037	257.20	63.00	0.297	16.5824	ok	5	3	ok	ok
38119.884	1280	567	0.438333	0.437037	257.20	63.00	0.297	16.1043	ok	5	3	ok	ok
38136.829	1280	567	0.438333	0.437037	257.20	63.00	0.297	17.7638	ok	5	3	ok	ok
38153.768	1280	567	0.438333	0.437037	257.20	63.00	0.297	16.0255	ok	5	3	ok	ok
38170.003	1280	567	0.438333	0.437037	257.20	63.00	0.297	16.4271	ok	5	3	ok	ok
38186.698	1280	567	0.438333	0.437037	257.20	63.00	0.297	16.9422	ok	5	3	ok	ok
38203.522	1280	567	0.438333	0.437037	257.20	63.00	0.297	16.6843	ok	5	3	ok	ok
38220.077	1280	567	0.438333	0.437037	257.20	63.00	0.297	16.4019	ok	5	3	ok	ok
38236.618	1280	567	0.438333	0.437037	257.20	63.00	0.297	16.6600	ok	5	3	ok	ok
38253.540	1280	567	0.438333	0.437037	257.20	63.00	0.297	17.1642	ok	5	3	ok	ok
38270.232	1280	567	0.438333	0.437037	257.20	63.00	0.297	16.1988	ok	5	3	ok	ok
38286.502	1280	567	0.438333	0.437037	257.20	63.00	0.297	16.3216	ok	5	3	ok	ok
38303.197	1280	567	0.438333	0.437037	257.20	63.00	0.297	17.0485	ok	5	3	ok	ok
38319.812	1280	567	0.438333	0.437037	257.20	63.00	0.297	16.1615	ok	5	3	ok	ok
38336.465	1280	567	0.438333	0.437037	257.20	63.00	0.297	17.1177	ok	5	3	ok	ok
38353.351	1280	567	0.438333	0.437037	257.20	63.00	0.297	16.6348	ok	5	3	ok	ok
38369.809	1280	567	0.438333	0.437037	257.20	63.00	0.297	16.2611	ok	5	3	ok	ok
38386.721	1280	567	0.438333	0.437037	257.20	63.00	0.297	17.5356	ok	5	3	ok	ok
38404.193	1280	567	0.438333	0.437037	257.20	63.00	0.297	17.3887	ok	5	3	ok	ok
38420.596	1280	567	0.438333	0.437037	257.20	63.00	0.297	15.3970	ok	5	3	ok	ok
38436.730	1280	567	0.438333	0.437037	257.20	63.00	0.297	16.8567	ok	5	3	ok	ok
38453.532	1280	567	0.438333	0.437037	257.20	63.00	0.297	16.7240	ok	5	3	ok	ok
38470.448	1280	567	0.438333	0.437037	257.20	63.00	0.297	17.0851	ok	5	3	ok	ok
38486.853	1280	567	0.438333	0.437037	257.20	63.00	0.297	15.7050	ok	5	3	ok	ok
38503.249	1280	567	0.438333	0.437037	257.20	63.00	0.297	17.0645	ok	5	3	ok	ok
38519.993	1280	567	0.438333	0.437037	257.20	63.00	0.297	16.4023	ok	5	3	ok	ok
38536.810	1280	567	0.438333	0.437037	257.20	63.00	0.297	17.2115	ok	5	3	ok	ok
38553.568	1280	567	0.438333	0.437037	257.20	63.00	0.297	16.2853	ok	5	3	ok	ok
38569.914	1280	567	0.438333	0.437037	257.20	63.00	0.297	16.3870	ok	5	3	ok	ok
38586.603	1280	567	0.438333	0.437037	257.20	63.00	0.297	16.9683	ok	5	3	ok	ok
38603.304	1280	567	0.438333	0.437037	257.20	63.00	0.297	16.4144	ok	5	3	ok	ok
38619.924	1280	567	0.438333	0.437037	257.20	63.00	0.297	16.8039	ok	5	3	ok	ok
38637.234	1280	567	0.438333	0.437037	257.20	63.00	0.297	17.7974	ok	5	3	ok	ok
38654.054	1280	567	0.438333	0.437037	257.20	63.00	0.297	15.8316	ok	5	3	ok	ok
38670.393	1280	567	0.438333	0.437037	257.20	63.00	0.297	16.8254	ok	5	3	ok	ok
38687.064	1280	567	0.438333	0.437037	257.20	63.00	0.297	16.5007	ok	5	3	ok	ok
38703.667	1280	567	0.438333	0.437037	257.20	63.00	0.297	16.6861	ok	5	3	ok	ok
38720.309	1280	567	0.438333	0.437037	257.20	63.00	0.297	16.5793	ok	5	3	ok	ok
38736.629	1280	567	0.438333	0.437037	257.20	63.00	0.297	16.0404	ok	5	3	ok	ok
38753.212	1280	567	0.438333	0.437037	257.20	63.00	0.297	17.1028	ok	5	3	ok	ok
38769.987	1280	567	0.438333	0.437037	257.20	63.00	0.297	16.4296	ok	5	3	ok	ok
38786.396	1280	567	0.438333	0.437037	257.20	63.00	0.297	16.3669	ok	5	3	ok	ok
38803.678	1280	567	0.438333	0.437037	257.20	63.00	0.297	18.1724	ok	5	3	ok	ok
38820.483	1280	567	0.438333	0.437037	257.20	63.00	0.297	15.4197	ok	5	3	ok	ok
38837.076	1280	567	0.438333	0.437037	257.20	63.00	0.297	17.7450	ok	5	3	ok	ok
38854.050	1280	567	0.438333	0.437037	257.20	63.00	0.297	16.1832	ok	5	3	ok	ok
38870.563	1280	567	0.438333	0.437037	257.20	63.00	0.297	16.8216	ok	5	3	ok	ok
38887.742	1280	567	0.438333	0.437037	257.20	63.00	0.297	17.5226	ok	5	3	ok	ok
38904.890	1280	567	0.438333	0.437037	257.20	63.00	0.297	16.7578	ok	5	3	ok	ok
38920.983	1280	567	0.438333	0.437037	257.20	63.00	0.297	15.4076	ok	5	3	ok	ok
38937.228	1280	567	0.438333	0.437037	257.20	63.00	0.297	17.0626	ok	5	3	ok	ok
38953.896	1280	567	0.438333	0.437037	257.20	63.00	0.297	16.2538	ok	5	3	ok	ok
38970.264	1280	567	0.438333	0.437037	257.20	63.00	0.297	16.4592	ok	5	3	ok	ok
38986.682	1280	567	0.438333	0.437037	257.20	63.00	0.297	16.3555	ok	5	3	ok	ok
39003.575	1280	567	0.438333	0.437037	257.20	63.00	0.297	17.4099	ok	5	3	ok	ok
39020.282	1280	567	0.438333	0.437037	257.20	63.00	0.297	15.9845	ok	5	3	ok	ok
39036.683	1280	567	0.438333	0.437037	257.20	63.00	0.297	16.7971	ok	5	3	ok	ok
39053.490	1280	567	0.438333	0.437037	257.20	63.00	0.297	16.7385	ok	5	3	ok	ok
39070.090	1280	567	0.438333	0.437037	257.20	63.00	0.297	16.4417	ok	5	3	ok	ok
39087.465	1280	567	0.438333	0.437037	257.20	63.00	0.297	18.2889	ok	5	3	ok	ok
39104.625	1280	567	0.438333	0.437037	257.20	63.00	0.297	16.0176	ok	5	3	ok	ok
39121.418	1280	567	0.438333	0.437037	257.20	63.00	0.297	17.5469	ok	5	3	ok	ok
39138.669	1280	567	0.438333	0.437037	257.20	63.00	0.297	16.9341	ok	5	3	ok	ok
39155.326	1280	567	0.438333	0.437037	257.20	63.00	0.297	16.3605	ok	5	3	ok	ok
39171.586	1280	567	0.438333	0.437037	257.20	63.00	0.297	16.1378	ok	5	3	ok	ok
39188.426	1280	567	0.438333	0.437037	257.20	63.00	0.297	17.5220	ok	5	3	ok	ok
39205.522	1280	567	0.438333	0.437037	257.20	63.00	0.297	16.6484	ok	5	3	ok	ok
39221.963	1280	567	0.438333	0.437037	257.20	63.00	0.297	16.2137	ok	5	3	ok	ok
39238.342	1280	567	0.438333	0.437037	257.20	63.00	0.297	16.5243	ok	5	3	ok	ok
39255.067	1280	567	0.438333	0.437037	257.20	63.00	0.297	16.9037	ok	5	3	ok	ok
39271.931	1280	567	0.438333	0.437037	257.20	63.00	0.297	16.7945	ok	5	3	ok	ok
39288.431	1280	567	0.438333	0.437037	257.20	63.00	0.297	16.1825	ok	5	3	ok	ok
39305.672	1280	567	0.438333	0.437037	257.20	63.00	0.297	18.2749	ok	5	3	ok	ok
39319.263	1280	567	0.438333	0.437037	257.20	63.00	0.297	8.8878	ok	5	3	ok	ok
39335.213	1280	567	0.438333	0.437037	257.20	63.00	0.297	22.9919	ok	5	3	ok	ok
39355.060	1280	567	0.438333	0.437037	257.20	63.00	0.297	16.6835	ok	5	3	ok	ok
39371.702	1280	567	0.438333	0.437037	257.20	63.00	0.297	16.5799	ok	5	3	ok	ok
39388.373	1280	567	0.438333	0.437037	257.20	63.00	0.297	16.7413	ok	5	3	ok	ok
39405.044	1280	567	0.438333	0.437037	257.20	63.00	0.297	16.5792	ok	5	3	ok	ok
39422.009	1280	567	0.438333	0.437037	257.20	63.00	0.297	17.3314	ok	5	3	ok	ok
39439.027	1280	567	0.438333	0.437037	257.20	63.00	0.297	16.6829	ok	5	3	ok	ok
39452.536	1280	567	0.438333	0.437037	257.20	63.00	0.297	10.3076	ok	5	3	ok	ok
39468.835	1280	567	0.438333	0.437037	257.20	63.00	0.297	22.2745	ok	5	3	ok	ok
39488.104	1280	567	0.438333	0.437037	257.20	63.00	0.297	16.2412	ok	5	3	ok	ok
39504.854	1280	567	0.438333	0.437037	257.20	63.00	0.297	17.2369	ok	5	3	ok	ok
39521.778	1280	567	0.438333	0.437037	257.20	63.00	0.297	16.5924	ok	5	3	ok	ok
39538.436	1280	567	0.438333	0.437037	257.20	63.00	0.297	16.7022	ok	5	3	ok	ok
39555.087	1280	567	0.438333	0.437037	257.20	63.00	0.297	16.5795	ok	5	3	ok	ok
39571.706	1280	567	0.438333	0.437037	257.20	63.00	0.297	16.6371	ok	5	3	ok	ok
39588.586	1280	567	0.438333	0.437037	257.20	63.00	0.297	17.1045	ok	5	3	ok	ok
39605.515	1280	567	0.438333	0.437037	257.20	63.00	0.297	16.7337	ok	5	3	ok	ok
39621.837	1280	567	0.438333	0.437037	257.20	63.00	0.297	15.8903	ok	5	3	ok	ok
39638.315	1280	567	0.438333	0.437037	257.20	63.00	0.297	17.0500	ok	5	3	ok	ok
39655.196	1280	567	0.438333	0.437037	257.20	63.00	0.297	16.6978	ok	5	3	ok	ok
39672.590	1280	567	0.438333	0.437037	257.20	63.00	0.297	18.0704	ok	5	3	ok	ok
39686.488	1280	567	0.438333	0.437037	257.20	63.00	0.297	9.7028	ok	5	3	ok	ok
39702.368	1280	567	0.438333	0.437037	257.20	63.00	0.297	22.0369	ok	5	3	ok	ok
39721.677	1280	567	0.438333	0.437037	257.20	63.00	0.297	16.5603	ok	5	3	ok	ok
39738.205	1280	567	0.438333	0.437037	257.20	63.00	0.297	16.4752	ok	5	3	ok	ok
39754.835	1280	567	0.438333	0.437037	257.20	63.00	0.297	16.7628	ok	5	3	ok	ok
39771.649	1280	567	0.438333	0.437037	257.20	63.00	0.297	16.8446	ok	5	3	ok	ok
39788.276	1280	567	0.438333	0.437037	257.20	63.00	0.297	16.3804	ok	5	3	ok	ok
39804.919	1280	567	0.438333	0.437037	257.20	63.00	0.297	16.8876	ok	5	3	ok	ok
39821.607	1280	567	0.438333	0.437037	257.20	63.00	0.297	16.4677	ok	5	3	ok	ok
39838.306	1280	567	0.438333	0.437037	257.20	63.00	0.297	16.9172	ok	5	3	ok	ok
39855.058	1280	567	0.438333	0.437037	257.20	63.00	0.297	16.5712	ok	5	3	ok	ok
39871.614	1280	567	0.438333	0.437037	257.20	63.00	0.297	16.5204	ok	5	3	ok	ok
39888.349	1280	567	0.438333	0.437037	257.20	63.00	0.297	16.9351	ok	5	3	ok	ok
39905.314	1280	567	0.438333	0.437037	257.20	63.00	0.297	16.9707	ok	5	3	ok	ok
39922.582	1280	567	0.438333	0.437037	257.20	63.00	0.297	17.5453	ok	5	3	ok	ok
39939.228	1280	567	0.438333	0.437037	257.20	63.00	0.297	15.6654	ok	5	3	ok	ok
39955.529	1280	567	0.438333	0.437037	257.20	63.00	0.297	16.9175	ok	5	3	ok	ok
39972.336	1280	567	0.438333	0.437037	257.20	63.00	0.297	16.6721	ok	5	3	ok	ok
39988.797	1280	567	0.438333	0.437037	257.20	63.00	0.297	16.2295	ok	5	3	ok	ok
40005.891	1280	567	0.438333	0.437037	257.20	63.00	0.297	17.9368	ok	5	3	ok	ok
40022.946	1280	567	0.438333	0.437037	257.20	63.00	0.297	16.1392	ok	5	3	ok	ok
40038.998	1280	567	0.438333	0.437037	257.20	63.00	0.297	15.9431	ok	5	3	ok	ok
40055.314	1280	567	0.438333	0.437037	257.20	63.00	0.297	16.6679	ok	5	3	ok	ok
40071.832	1280	567	0.438333	0.437037	257.20	63.00	0.297	16.3456	ok	5	3	ok	ok
40088.389	1280	567	0.438333	0.437037	257.20	63.00	0.297	16.7483	ok	5	3	ok	ok
40105.179	1280	567	0.438333	0.437037	257.20	63.00	0.297	16.8117	ok	5	3	ok	ok
40121.854	1280	567	0.438333	0.437037	257.20	63.00	0.297	16.5102	ok	5	3	ok	ok
40138.863	1280	567	0.438333	0.437037	257.20	63.00	0.297	17.4910	ok	5	3	ok	ok
40155.690	1280	567	0.438333	0.437037	257.20	63.00	0.297	16.1492	ok	5	3	ok	ok
40172.074	1280	567	0.438333	0.437037	257.20	63.00	0.297	16.5992	ok	5	3	ok	ok
40188.892	1280	567	0.438333	0.437037	257.20	63.00	0.297	17.0181	ok	5	3	ok	ok
40205.747	1280	567	0.438333	0.437037	257.20	63.00	0.297	16.6700	ok	5	3	ok	ok
40222.288	1280	567	0.438333	0.437037	257.20	63.00	0.297	16.3897	ok	5	3	ok	ok
40238.700	1280	567	0.438333	0.437037	257.20	63.00	0.297	16.4144	ok	5	3	ok	ok
40255.387	1280	567	0.438333	0.437037	257.20	63.00	0.297	16.9385	ok	5	3	ok	ok
40272.154	1280	567	0.438333	0.437037	257.20	63.00	0.297	16.5735	ok	5	3	ok	ok
40289.857	1280	567	0.438333	0.437037	257.20	63.00	0.297	18.8118	ok	5	3	ok	ok
40303.275	1280	567	0.438333	0.437037	257.20	63.00	0.297	7.9978	ok	5	3	ok	ok
40318.801	1280	567	0.438333	0.437037	257.20	63.00	0.297	23.0358	ok	5	3	ok	ok
40338.783	1280	567	0.438333	0.437037	257.20	63.00	0.297	16.9076	ok	5	3	ok	ok
40355.356	1280	567	0.438333	0.437037	257.20	63.00	0.297	16.2197	ok	5	3	ok	ok
40371.854	1280	567	0.438333	0.437037	257.20	63.00	0.297	16.7551	ok	5	3	ok	ok
40388.554	1280	567	0.438333	0.437037	257.20	63.00	0.297	16.6149	ok	5	3	ok	ok
40405.300	1280	567	0.438333	0.437037	257.20	63.00	0.297	16.8650	ok	5	3	ok	ok
40422.477	1280	567	0.438333	0.437037	257.20	63.00	0.297	17.4689	ok	5	3	ok	ok
40440.347	1280	567	0.438333	0.437037	257.20	63.00	0.297	18.2543	ok	5	3	ok	ok
40453.735	1280	567	0.438333	0.437037	257.20	63.00	0.297	8.4972	ok	5	3	ok	ok
40469.593	1280	567	0.438333	0.437037	257.20	63.00	0.297	23.1984	ok	5	3	ok	ok
40485.851	1280	567	0.438333	0.437037	257.20	63.00	0.297	9.2955	ok	5	3	ok	ok
40501.975	1280	567	0.438333	0.437037	257.20	63.00	0.297	22.9337	ok	5	3	ok	ok
40521.822	1280	567	0.438333	0.437037	257.20	63.00	0.297	16.7386	ok	5	3	ok	ok
40538.610	1280	567	0.438333	0.437037	257.20	63.00	0.297	16.8184	ok	5	3	ok	ok
40555.494	1280	567	0.438333	0.437037	257.20	63.00	0.297	16.9286	ok	5	3	ok	ok
40572.100	1280	567	0.438333	0.437037	257.20	63.00	0.297	16.2606	ok	5	3	ok	ok
40588.845	1280	567	0.438333	0.437037	257.20	63.00	0.297	17.2110	ok	5	3	ok	ok
40605.574	1280	567	0.438333	0.437037	257.20	63.00	0.297	16.2151	ok	5	3	ok	ok
40622.702	1280	567	0.438333	0.437037	257.20	63.00	0.297	18.0187	ok	5	3	ok	ok
40636.350	1280	567	0.438333	0.437037	257.20	63.00	0.297	9.2525	ok	5	3	ok	ok
40652.602	1280	567	0.438333	0.437037	257.20	63.00	0.297	23.2301	ok	5	3	ok	ok
40672.379	1280	567	0.438333	0.437037	257.20	63.00	0.297	16.3033	ok	5	3	ok	ok
40688.678	1280	567	0.438333	0.437037	257.20	63.00	0.297	16.2745	ok	5	3	ok	ok
40705.212	1280	567	0.438333	0.437037	257.20	63.00	0.297	16.7733	ok	5	3	ok	ok
40721.896	1280	567	0.438333	0.437037	257.20	63.00	0.297	16.5741	ok	5	3	ok	ok
40738.533	1280	567	0.438333	0.437037	257.20	63.00	0.297	16.6756	ok	5	3	ok	ok
40755.344	1280	567	0.438333	0.437037	257.20	63.00	0.297	16.9253	ok	5	3	ok	ok
40772.268	1280	567	0.438333	0.437037	257.20	63.00	0.297	16.9026	ok	5	3	ok	ok
40789.049	1280	567	0.438333	0.437037	257.20	63.00	0.297	16.6381	ok	5	3	ok	ok
40805.913	1280	567	0.438333	0.437037	257.20	63.00	0.297	17.0621	ok	5	3	ok	ok
40822.648	1280	567	0.438333	0.437037	257.20	63.00	0.297	16.3309	ok	5	3	ok	ok
40839.128	1280	567	0.438333	0.437037	257.20	63.00	0.297	16.6154	ok	5	3	ok	ok
40855.469	1280	567	0.438333	0.437037	257.20	63.00	0.297	16.0504	ok	5	3	ok	ok
40872.025	1280	567	0.438333	0.437037	257.20	63.00	0.297	17.0421	ok	5	3	ok	ok
40889.062	1280	567	0.438333	0.437037	257.20	63.00	0.297	17.0120	ok	5	3	ok	ok
40902.536	1280	567	0.438333	0.437037	257.20	63.00	0.297	9.9157	ok	5	3	ok	ok
40918.990	1280	567	0.438333	0.437037	257.20	63.00	0.297	22.9713	ok	5	3	ok	ok
40939.284	1280	567	0.438333	0.437037	257.20	63.00	0.297	17.5923	ok	5	3	ok	ok
40955.776	1280	567	0.438333	0.437037	257.20	63.00	0.297	15.3723	ok	5	3	ok	ok
40971.901	1280	567	0.438333	0.437037	257.20	63.00	0.297	16.8569	ok	5	3	ok	ok
40988.767	1280	567	0.438333	0.437037	257.20	63.00	0.297	16.8532	ok	5	3	ok	ok
41005.686	1280	567	0.438333	0.437037	257.20	63.00	0.297	16.9634	ok	5	3	ok	ok
41022.463	1280	567	0.438333	0.437037	257.20	63.00	0.297	16.5715	ok	5	3	ok	ok
41039.003	1280	567	0.438333	0.437037	257.20	63.00	0.297	16.4878	ok	5	3	ok	ok
41055.551	1280	567	0.438333	0.437037	257.20	63.00	0.297	16.5858	ok	5	3	ok	ok
41072.094	1280	567	0.438333	0.437037	257.20	63.00	0.297	16.4791	ok	5	3	ok	ok
41088.960	1280	567	0.438333	0.437037	257.20	63.00	0.297	17.2344	ok	5	3	ok	ok
41106.312	1280	567	0.438333	0.437037	257.20	63.00	0.297	17.4543	ok	5	3	ok	ok
41119.862	1280	567	0.438333	0.437037	257.20	63.00	0.297	9.6257	ok	5	3	ok	ok
41136.240	1280	567	0.438333	0.437037	257.20	63.00	0.297	23.1190	ok	5	3	ok	ok
41152.658	1280	567	0.438333	0.437037	257.20	63.00	0.297	9.6924	ok	5	3	ok	ok
41168.886	1280	567	0.438333	0.437037	257.20	63.00	0.297	22.7436	ok	5	3	ok	ok
41188.735	1280	567	0.438333	0.437037	257.20	63.00	0.297	16.9359	ok	5	3	ok	ok
41205.580	1280	567	0.438333	0.437037	257.20	63.00	0.297	16.7353	ok	5	3	ok	ok
41222.364	1280	567	0.438333	0.437037	257.20	63.00	0.297	16.8104	ok	5	3	ok	ok
41239.091	1280	567	0.438333	0.437037	257.20	63.00	0.297	16.6225	ok	5	3	ok	ok
41255.622	1280	567	0.438333	0.437037	257.20	63.00	0.297	16.4194	ok	5	3	ok	ok
41272.256	1280	567	0.438333	0.437037	257.20	63.00	0.297	16.8278	ok	5	3	ok	ok
41289.204	1280	567	0.438333	0.437037	257.20	63.00	0.297	17.0455	ok	5	3	ok	ok
41302.583	1280	567	0.438333	0.437037	257.20	63.00	0.297	9.6926	ok	5	3	ok	ok
41318.869	1280	567	0.438333	0.437037	257.20	63.00	0.297	22.8619	ok	5	3	ok	ok
41339.021	1280	567	0.438333	0.437037	257.20	63.00	0.297	17.4067	ok	5	3	ok	ok
41352.607	1280	567	0.438333	0.437037	257.20	63.00	0.297	9.7473	ok	5	3	ok	ok
41369.043	1280	567	0.438333	0.437037	257.20	63.00	0.297	23.1040	ok	5	3	ok	ok
41388.969	1280	567	0.438333	0.437037	257.20	63.00	0.297	16.7300	ok	5	3	ok	ok
41405.661	1280	567	0.438333	0.437037	257.20	63.00	0.297	16.6303	ok	5	3	ok	ok
41422.183	1280	567	0.438333	0.437037	257.20	63.00	0.297	16.3956	ok	5	3	ok	ok
41438.681	1280	567	0.438333	0.437037	257.20	63.00	0.297	16.5821	ok	5	3	ok	ok
41455.792	1280	567	0.438333	0.437037	257.20	63.00	0.297	17.6197	ok	5	3	ok	ok
41472.537	1280	567	0.438333	0.437037	257.20	63.00	0.297	15.8513	ok	5	3	ok	ok
41488.674	1280	567	0.438333	0.437037	257.20	63.00	0.297	16.3991	ok	5	3	ok	ok
41505.213	1280	567	0.438333	0.437037	257.20	63.00	0.297	16.6579	ok	5	3	ok	ok
41521.962	1280	567	0.438333	0.437037	257.20	63.00	0.297	16.8204	ok	5	3	ok	ok
41538.868	1280	567	0.438333	0.437037	257.20	63.00	0.297	16.9718	ok	5	3	ok	ok
41555.554	1280	567	0.438333	0.437037	257.20	63.00	0.297	16.3819	ok	5	3	ok	ok
41572.127	1280	567	0.438333	0.437037	257.20	63.00	0.297	16.7428	ok	5	3	ok	ok
41588.957	1280	567	0.438333	0.437037	257.20	63.00	0.297	16.9030	ok	5	3	ok	ok
41605.675	1280	567	0.438333	0.437037	257.20	63.00	0.297	16.5179	ok	5	3	ok	ok
41622.113	1280	567	0.438333	0.437037	257.20	63.00	0.297	16.3370	ok	5	3	ok	ok
41638.819	1280	567	0.438333	0.437037	257.20	63.00	0.297	17.0593	ok	5	3	ok	ok
41655.620	1280	567	0.438333	0.437037	257.20	63.00	0.297	16.5227	ok	5	3	ok	ok
41672.051	1280	567	0.438333	0.437037	257.20	63.00	0.297	16.3187	ok	5	3	ok	ok
41688.553	1280	567	0.438333	0.437037	257.20	63.00	0.297	16.6674	ok	5	3	ok	ok
41705.324	1280	567	0.438333	0.437037	257.20	63.00	0.297	16.7965	ok	5	3	ok	ok
41722.043	1280	567	0.438333	0.437037	257.20	63.00	0.297	16.6217	ok	5	3	ok	ok
41739.154	1280	567	0.438333	0.437037	257.20	63.00	0.297	17.5796	ok	5	3	ok	ok
41752.681	1280	567	0.383594	0.383025	308.25	86.67	0.149	9.4556	ok	4	3	ok	ok
41768.925	1280	567	0.383594	0.383025	308.25	86.67	0.149	23.0153	ok	4	3	ok	ok
41789.132	1280	567	0.383594	0.383025	308.25	86.67	0.149	17.3790	ok	4	3	ok	ok
41802.636	1280	567	0.292187	0.292593	392.33	126.33	0.138	9.6148	ok	3	3	ok	ok
41818.684	1280	567	0.292187	0.292593	392.33	126.33	0.138	22.4618	ok	3	3	ok	ok
41838.431	1280	567	0.292187	0.292593	392.33	126.33	0.138	17.0168	ok	3	3	ok	ok
41855.377	1280	567	0.292187	0.292593	392.33	126.33	0.138	16.8431	ok	3	3	ok	ok
41872.054	1280	567	0.292187	0.292593	392.33	126.33	0.138	16.4917	ok	3	3	ok	ok
41888.847	1280	567	0.292187	0.292593	392.33	126.33	0.138	17.0649	ok	3	3	ok	ok
41905.575	1280	567	0.292187	0.292593	392.33	126.33	0.138	16.3769	ok	3	3	ok	ok
41922.071	1280	567	0.292187	0.292593	392.33	126.33	0.138	16.5935	ok	3	3	ok	ok
41938.714	1280	567	0.292187	0.292593	392.33	126.33	0.138	16.6723	ok	3	3	ok	ok
41955.819	1280	567	0.292187	0.292593	392.33	126.33	0.138	17.5177	ok	3	3	ok	ok
41972.498	1280	567	0.292187	0.292593	392.33	126.33	0.138	15.8207	ok	3	3	ok	ok
41988.701	1280	567	0.292187	0.292593	392.33	126.33	0.138	16.5659	ok	3	3	ok	ok
42005.759	1280	567	0.292187	0.292593	392.33	126.33	0.138	17.5297	ok	3	3	ok	ok
42022.550	1280	567	0.291146	0.290741	393.00	127.00	0.139	16.0309	ok	3	3	ok	ok
42038.762	1280	567	0.291146	0.290741	393.00	127.00	0.139	16.3702	ok	3	3	ok	ok
42055.320	1280	567	0.291146	0.290741	393.00	127.00	0.139	16.7246	ok	3	3	ok	ok
42072.428	1280	567	0.291146	0.290741	393.00	127.00	0.139	17.4699	ok	3	3	ok	ok
42086.183	1280	567	0.250000	0.250000	433.00	149.00	0.000	10.0207	ok	3	2	ok	ok
42102.614	1280	567	0.250000	0.250000	433.00	149.00	0.000	22.8222	ok	3	2	ok	ok
42122.392	1280	567	0.218750	0.000000	463.00	0.00	0.000	16.7121	x_only	2	0	ok	no_transition
42139.091	1280	567	0.218750	0.000000	463.00	0.00	0.000	16.6737	x_only	2	0	ok	no_transition
42155.838	1280	567	0.218750	0.000000	463.00	0.00	0.000	16.8058	x_only	2	0	ok	no_transition
42172.672	1280	567	0.191146	0.000000	489.00	0.00	0.000	16.8430	x_only	2	0	ok	no_transition
42189.425	1280	567	0.191146	0.000000	489.00	0.00	0.000	16.6447	x_only	2	0	ok	no_transition
42205.743	1280	567	0.191146	0.000000	489.00	0.00	0.000	15.9705	x_only	2	0	ok	no_transition
42222.149	1280	567	0.191146	0.000000	489.00	0.00	0.000	16.8208	x_only	2	0	ok	no_transition
42238.828	1280	567	0.191146	0.000000	489.00	0.00	0.000	16.5172	x_only	2	0	ok	no_transition
42255.395	1280	567	0.191146	0.000000	489.00	0.00	0.000	16.5945	x_only	2	0	ok	no_transition
42272.084	1280	567	0.191146	0.000000	489.00	0.00	0.000	16.7614	x_only	2	0	ok	no_transition
42288.521	1280	567	0.191146	0.000000	489.00	0.00	0.000	16.0933	x_only	2	0	ok	no_transition
42305.229	1280	567	0.191146	0.000000	489.00	0.00	0.000	17.2971	x_only	2	0	ok	no_transition
42321.996	1280	567	0.191146	0.000000	489.00	0.00	0.000	16.2173	x_only	2	0	ok	no_transition
42338.506	1280	567	0.191146	0.000000	489.00	0.00	0.000	16.7827	x_only	2	0	ok	no_transition
42355.235	1280	567	0.191146	0.000000	489.00	0.00	0.000	16.6529	x_only	2	0	ok	no_transition
42372.085	1280	567	0.191146	0.000000	489.00	0.00	0.000	17.0280	x_only	2	0	ok	no_transition
42389.032	1280	567	0.191146	0.000000	489.00	0.00	0.000	16.8474	x_only	2	0	ok	no_transition
42405.865	1280	567	0.191146	0.000000	489.00	0.00	0.000	16.8017	x_only	2	0	ok	no_transition
42422.364	1280	567	0.000000	0.000000	0.00	0.00	0.000	16.1752	blind	0	0	no_transition	no_transition
42439.336	1280	567	0.000000	0.000000	0.00	0.00	0.000	17.7556	blind	0	0	no_transition	no_transition
42457.326	1280	567	0.000000	0.000000	0.00	0.00	0.000	18.2052	blind	0	0	no_transition	no_transition
42470.560	1280	567	0.000000	0.000000	0.00	0.00	0.000	8.2388	blind	0	0	no_transition	no_transition
42485.945	1280	567	0.000000	0.000000	0.00	0.00	0.000	22.5099	blind	0	0	no_transition	no_transition
42505.697	1280	567	0.000000	0.000000	0.00	0.00	0.000	16.9740	blind	0	0	no_transition	no_transition
42522.579	1280	567	0.000000	0.000000	0.00	0.00	0.000	16.7153	blind	0	0	no_transition	no_transition
42539.326	1280	567	0.000000	0.000000	0.00	0.00	0.000	16.7581	blind	0	0	no_transition	no_transition
42556.304	1280	567	0.000000	0.000000	0.00	0.00	0.000	17.1655	blind	0	0	no_transition	no_transition
42573.099	1280	567	0.000000	0.000000	0.00	0.00	0.000	16.4022	blind	0	0	no_transition	no_transition
42589.133	1280	567	0.000000	0.000000	0.00	0.00	0.000	15.6473	blind	0	0	no_transition	no_transition
42605.311	1280	567	0.000000	0.000000	0.00	0.00	0.000	16.6929	blind	0	0	no_transition	no_transition
42621.900	1280	567	0.000000	0.000000	0.00	0.00	0.000	16.4659	blind	0	0	no_transition	no_transition
42638.718	1280	567	0.000000	0.000000	0.00	0.00	0.000	17.1555	blind	0	0	no_transition	no_transition
42655.460	1280	567	0.000000	0.000000	0.00	0.00	0.000	16.3120	blind	0	0	no_transition	no_transition
42672.051	1280	567	0.000000	0.000000	0.00	0.00	0.000	16.8538	blind	0	0	no_transition	no_transition
42689.122	1280	567	0.000000	0.000000	0.00	0.00	0.000	17.2701	blind	0	0	no_transition	no_transition
42705.876	1280	567	0.000000	0.000000	0.00	0.00	0.000	16.2190	blind	0	0	no_transition	no_transition
42722.236	1280	567	0.000000	0.000000	0.00	0.00	0.000	16.4815	blind	0	0	no_transition	no_transition
42738.698	1280	567	0.000000	0.000000	0.00	0.00	0.000	16.4231	blind	0	0	no_transition	no_transition
42755.270	1280	567	0.000000	0.000000	0.00	0.00	0.000	16.7013	blind	0	0	no_transition	no_transition
42771.839	1280	567	0.000000	0.000000	0.00	0.00	0.000	16.4157	blind	0	0	no_transition	no_transition
42788.574	1280	567	0.000000	0.000000	0.00	0.00	0.000	17.0319	blind	0	0	no_transition	no_transition
42805.326	1280	567	0.000000	0.000000	0.00	0.00	0.000	16.4535	blind	0	0	no_transition	no_transition
42821.954	1280	567	0.000000	0.000000	0.00	0.00	0.000	16.7829	blind	0	0	no_transition	no_transition
42838.657	1280	567	0.000000	0.000000	0.00	0.00	0.000	16.6050	blind	0	0	no_transition	no_transition
42855.321	1280	567	0.000000	0.000000	0.00	0.00	0.000	16.7023	blind	0	0	no_transition	no_transition
42872.116	1280	567	0.000000	0.000000	0.00	0.00	0.000	16.8688	blind	0	0	no_transition	no_transition
42888.800	1280	567	0.000000	0.000000	0.00	0.00	0.000	16.4769	blind	0	0	no_transition	no_transition
42905.274	1280	567	0.000000	0.000000	0.00	0.00	0.000	16.4601	blind	0	0	no_transition	no_transition
42922.803	1280	567	0.000000	0.000000	0.00	0.00	0.000	18.5798	blind	0	0	no_transition	no_transition
42936.559	1280	567	0.000000	0.000000	0.00	0.00	0.000	8.9138	blind	0	0	no_transition	no_transition
42952.664	1280	567	0.000000	0.000000	0.00	0.00	0.000	23.2782	blind	0	0	no_transition	no_transition
42972.283	1280	567	0.000000	0.000000	0.00	0.00	0.000	15.9340	blind	0	0	no_transition	no_transition
42988.438	1280	567	0.000000	0.000000	0.00	0.00	0.000	16.3588	blind	0	0	no_transition	no_transition
43005.282	1280	567	0.000000	0.000000	0.00	0.00	0.000	17.3062	blind	0	0	no_transition	no_transition
43022.157	1280	567	0.000000	0.000000	0.00	0.00	0.000	16.4239	blind	0	0	no_transition	no_transition
43038.739	1280	567	0.000000	0.000000	0.00	0.00	0.000	16.7214	blind	0	0	no_transition	no_transition
43055.276	1280	567	0.000000	0.000000	0.00	0.00	0.000	16.3319	blind	0	0	no_transition	no_transition
43071.782	1280	567	0.000000	0.000000	0.00	0.00	0.000	16.6606	blind	0	0	no_transition	no_transition
43088.541	1280	567	0.000000	0.000000	0.00	0.00	0.000	16.8391	blind	0	0	no_transition	no_transition
43105.518	1280	567	0.000000	0.000000	0.00	0.00	0.000	17.0975	blind	0	0	no_transition	no_transition
43118.747	1280	567	0.000000	0.000000	0.00	0.00	0.000	9.3412	blind	0	0	no_transition	no_transition
43135.119	1280	567	0.000000	0.000000	0.00	0.00	0.000	23.3876	blind	0	0	no_transition	no_transition
43155.174	1280	567	0.000000	0.000000	0.00	0.00	0.000	16.7036	blind	0	0	no_transition	no_transition
43171.991	1280	567	0.000000	0.000000	0.00	0.00	0.000	16.9078	blind	0	0	no_transition	no_transition
43189.004	1280	567	0.000000	0.000000	0.00	0.00	0.000	17.1006	blind	0	0	no_transition	no_transition
43205.730	1280	567	0.000000	0.000000	0.00	0.00	0.000	16.2934	blind	0	0	no_transition	no_transition
43221.931	1280	567	0.000000	0.000000	0.00	0.00	0.000	16.0878	blind	0	0	no_transition	no_transition
43239.347	1280	567	0.000000	0.000000	0.00	0.00	0.000	18.7254	blind	0	0	no_transition	no_transition
43253.507	1280	567	0.000000	0.000000	0.00	0.00	0.000	9.5732	blind	0	0	no_transition	no_transition
43269.482	1280	567	0.000000	0.000000	0.00	0.00	0.000	22.3553	blind	0	0	no_transition	no_transition
43285.631	1280	567	0.000000	0.000000	0.00	0.00	0.000	9.9192	blind	0	0	no_transition	no_transition
43301.963	1280	567	0.000000	0.000000	0.00	0.00	0.000	22.7267	blind	0	0	no_transition	no_transition
43321.695	1280	567	0.000000	0.000000	0.00	0.00	0.000	16.7173	blind	0	0	no_transition	no_transition
43339.166	1280	567	0.000000	0.000000	0.00	0.00	0.000	18.2074	blind	0	0	no_transition	no_transition
43353.084	1280	567	0.000000	0.000000	0.00	0.00	0.000	9.6076	blind	0	0	no_transition	no_transition
43369.116	1280	567	0.000000	0.000000	0.00	0.00	0.000	22.4375	blind	0	0	no_transition	no_transition
43388.659	1280	567	0.000000	0.000000	0.00	0.00	0.000	16.6268	blind	0	0	no_transition	no_transition
43405.058	1280	567	0.000000	0.000000	0.00	0.00	0.000	16.1519	blind	0	0	no_transition	no_transition
43421.447	1280	567	0.000000	0.000000	0.00	0.00	0.000	16.6076	blind	0	0	no_transition	no_transition
43438.776	1280	567	0.000000	0.000000	0.00	0.00	0.000	18.0335	blind	0	0	no_transition	no_transition
43452.482	1280	567	0.000000	0.000000	0.00	0.00	0.000	9.3607	blind	0	0	no_transition	no_transition
43468.994	1280	567	0.000000	0.000000	0.00	0.00	0.000	23.6459	blind	0	0	no_transition	no_transition
43488.926	1280	567	0.000000	0.000000	0.00	0.00	0.000	16.1977	blind	0	0	no_transition	no_transition
43505.430	1280	567	0.000000	0.000000	0.00	0.00	0.000	16.7906	blind	0	0	no_transition	no_transition
43522.226	1280	567	0.000000	0.000000	0.00	0.00	0.000	16.7819	blind	0	0	no_transition	no_transition
43539.074	1280	567	0.000000	0.000000	0.00	0.00	0.000	16.8872	blind	0	0	no_transition	no_transition
43552.291	1280	567	0.000000	0.000000	0.00	0.00	0.000	9.5199	blind	0	0	no_transition	no_transition
43568.509	1280	567	0.000000	0.000000	0.00	0.00	0.000	22.8992	blind	0	0	no_transition	no_transition
43588.310	1280	567	0.000000	0.000000	0.00	0.00	0.000	16.6841	blind	0	0	no_transition	no_transition
43605.042	1280	567	0.000000	0.000000	0.00	0.00	0.000	16.7529	blind	0	0	no_transition	no_transition
43621.909	1280	567	0.000000	0.000000	0.00	0.00	0.000	16.9541	blind	0	0	no_transition	no_transition
43639.022	1280	567	0.000000	0.000000	0.00	0.00	0.000	17.2501	blind	0	0	no_transition	no_transition
43652.696	1280	567	0.000000	0.000000	0.00	0.00	0.000	10.0773	blind	0	0	no_transition	no_transition
43669.124	1280	567	0.000000	0.000000	0.00	0.00	0.000	22.7585	blind	0	0	no_transition	no_transition
43688.842	1280	567	0.000000	0.000000	0.00	0.00	0.000	16.6591	blind	0	0	no_transition	no_transition
43705.402	1280	567	0.000000	0.000000	0.00	0.00	0.000	16.4403	blind	0	0	no_transition	no_transition
43721.915	1280	567	0.000000	0.000000	0.00	0.00	0.000	16.5663	blind	0	0	no_transition	no_transition
43738.696	1280	567	0.000000	0.000000	0.00	0.00	0.000	16.9741	blind	0	0	no_transition	no_transition
43755.421	1280	567	0.000000	0.000000	0.00	0.00	0.000	16.4544	blind	0	0	no_transition	no_transition
43771.786	1280	567	0.000000	0.000000	0.00	0.00	0.000	16.2543	blind	0	0	no_transition	no_transition
43788.410	1280	567	0.000000	0.000000	0.00	0.00	0.000	16.9759	blind	0	0	no_transition	no_transition
43805.179	1280	567	0.000000	0.000000	0.00	0.00	0.000	16.5477	blind	0	0	no_transition	no_transition
43821.838	1280	567	0.000000	0.000000	0.00	0.00	0.000	16.7494	blind	0	0	no_transition	no_transition
43838.933	1280	567	0.000000	0.000000	0.00	0.00	0.000	17.4281	blind	0	0	no_transition	no_transition
43852.411	1280	567	0.000000	0.000000	0.00	0.00	0.000	9.5108	blind	0	0	no_transition	no_transition
43868.611	1280	567	0.000000	0.000000	0.00	0.00	0.000	22.8717	blind	0	0	no_transition	no_transition
43888.355	1280	567	0.000000	0.000000	0.00	0.00	0.000	16.5409	blind	0	0	no_transition	no_transition
43905.025	1280	567	0.000000	0.000000	0.00	0.00	0.000	16.7782	blind	0	0	no_transition	no_transition
43921.812	1280	567	0.000000	0.000000	0.00	0.00	0.000	16.7755	blind	0	0	no_transition	no_transition
43938.587	1280	567	0.000000	0.000000	0.00	0.00	0.000	16.7572	blind	0	0	no_transition	no_transition
43951.914	1280	567	0.000000	0.000000	0.00	0.00	0.000	9.8687	blind	0	0	no_transition	no_transition
43969.127	1280	567	0.000000	0.000000	0.00	0.00	0.000	24.5431	blind	0	0	no_transition	no_transition
43989.377	1280	567	0.000000	0.000000	0.00	0.00	0.000	15.9399	blind	0	0	no_transition	no_transition
44005.694	1280	567	0.000000	0.000000	0.00	0.00	0.000	16.6738	blind	0	0	no_transition	no_transition
44022.206	1280	567	0.000000	0.000000	0.00	0.00	0.000	16.3280	blind	0	0	no_transition	no_transition
44038.998	1280	567	0.000000	0.000000	0.00	0.00	0.000	17.2348	blind	0	0	no_transition	no_transition
44055.752	1280	567	0.000000	0.000000	0.00	0.00	0.000	16.2488	blind	0	0	no_transition	no_transition
44072.100	1280	567	0.000000	0.000000	0.00	0.00	0.000	16.4254	blind	0	0	no_transition	no_transition
44088.838	1280	567	0.000000	0.000000	0.00	0.00	0.000	17.0283	blind	0	0	no_transition	no_transition
44105.626	1280	567	0.000000	0.000000	0.00	0.00	0.000	16.5222	blind	0	0	no_transition	no_transition
44122.305	1280	567	0.000000	0.000000	0.00	0.00	0.000	16.8116	blind	0	0	no_transition	no_transition
44138.818	1280	567	0.000000	0.000000	0.00	0.00	0.000	16.1949	blind	0	0	no_transition	no_transition
44155.265	1280	567	0.000000	0.000000	0.00	0.00	0.000	16.6797	blind	0	0	no_transition	no_transition
44172.009	1280	567	0.000000	0.000000	0.00	0.00	0.000	16.7884	blind	0	0	no_transition	no_transition
44188.525	1280	567	0.000000	0.000000	0.00	0.00	0.000	16.2309	blind	0	0	no_transition	no_transition
44205.060	1280	567	0.000000	0.000000	0.00	0.00	0.000	16.8196	blind	0	0	no_transition	no_transition
44221.838	1280	567	0.000000	0.000000	0.00	0.00	0.000	16.7164	blind	0	0	no_transition	no_transition
44239.076	1280	567	0.000000	0.000000	0.00	0.00	0.000	17.7424	blind	0	0	no_transition	no_transition
44255.785	1280	567	0.000000	0.000000	0.00	0.00	0.000	15.6575	blind	0	0	no_transition	no_transition
44271.875	1280	567	0.000000	0.000000	0.00	0.00	0.000	16.5023	blind	0	0	no_transition	no_transition
44288.495	1280	567	0.000000	0.000000	0.00	0.00	0.000	16.7049	blind	0	0	no_transition	no_transition
44305.232	1280	567	0.000000	0.000000	0.00	0.00	0.000	16.7566	blind	0	0	no_transition	no_transition
44321.954	1280	567	0.000000	0.000000	0.00	0.00	0.000	16.6687	blind	0	0	no_transition	no_transition
44338.661	1280	567	0.000000	0.000000	0.00	0.00	0.000	16.7303	blind	0	0	no_transition	no_transition
44355.395	1280	567	0.000000	0.000000	0.00	0.00	0.000	16.7199	blind	0	0	no_transition	no_transition
44372.076	1280	567	0.000000	0.000000	0.00	0.00	0.000	16.6228	blind	0	0	no_transition	no_transition
44388.728	1280	567	0.000000	0.000000	0.00	0.00	0.000	16.6626	blind	0	0	no_transition	no_transition
44405.510	1280	567	0.000000	0.000000	0.00	0.00	0.000	16.8821	blind	0	0	no_transition	no_transition
44419.235	1280	567	0.000000	0.000000	0.00	0.00	0.000	10.5499	blind	0	0	no_transition	no_transition
44435.606	1280	567	0.000000	0.000000	0.00	0.00	0.000	22.1755	blind	0	0	no_transition	no_transition
44455.365	1280	567	0.000000	0.000000	0.00	0.00	0.000	17.3220	blind	0	0	no_transition	no_transition
44472.885	1280	567	0.000000	0.000000	0.00	0.00	0.000	17.6956	blind	0	0	no_transition	no_transition
44489.394	1280	567	0.000000	0.000000	0.00	0.00	0.000	15.2973	blind	0	0	no_transition	no_transition
44506.118	1280	567	0.000000	0.000000	0.00	0.00	0.000	18.1302	blind	0	0	no_transition	no_transition
44519.843	1280	567	0.000000	0.000000	0.00	0.00	0.000	9.2929	blind	0	0	no_transition	no_transition
44536.091	1280	567	0.000000	0.000000	0.00	0.00	0.000	23.1793	blind	0	0	no_transition	no_transition
44555.915	1280	567	0.000000	0.000000	0.00	0.00	0.000	16.4509	blind	0	0	no_transition	no_transition
44572.157	1280	567	0.000000	0.000000	0.00	0.00	0.000	16.0143	blind	0	0	no_transition	no_transition
44588.382	1280	567	0.000000	0.000000	0.00	0.00	0.000	16.3635	blind	0	0	no_transition	no_transition
44605.055	1280	567	0.000000	0.000000	0.00	0.00	0.000	16.9696	blind	0	0	no_transition	no_transition
44622.140	1280	567	0.000000	0.000000	0.00	0.00	0.000	17.1825	blind	0	0	no_transition	no_transition
44638.656	1280	567	0.000000	0.000000	0.00	0.00	0.000	15.8282	blind	0	0	no_transition	no_transition
44654.996	1280	567	0.000000	0.000000	0.00	0.00	0.000	16.8369	blind	0	0	no_transition	no_transition
44671.858	1280	567	0.000000	0.000000	0.00	0.00	0.000	16.8658	blind	0	0	no_transition	no_transition
44688.560	1280	567	0.000000	0.000000	0.00	0.00	0.000	16.5068	blind	0	0	no_transition	no_transition
44705.127	1280	567	0.000000	0.000000	0.00	0.00	0.000	16.6083	blind	0	0	no_transition	no_transition
44721.809	1280	567	0.000000	0.000000	0.00	0.00	0.000	16.7359	blind	0	0	no_transition	no_transition
44738.227	1280	567	0.000000	0.000000	0.00	0.00	0.000	16.0800	blind	0	0	no_transition	no_transition
44754.876	1280	567	0.000000	0.000000	0.00	0.00	0.000	17.1969	blind	0	0	no_transition	no_transition
44772.150	1280	567	0.000000	0.000000	0.00	0.00	0.000	17.3329	blind	0	0	no_transition	no_transition
44788.736	1280	567	0.000000	0.000000	0.00	0.00	0.000	15.8178	blind	0	0	no_transition	no_transition
44805.057	1280	567	0.000000	0.000000	0.00	0.00	0.000	16.8043	blind	0	0	no_transition	no_transition
44821.922	1280	567	0.000000	0.000000	0.00	0.00	0.000	16.9083	blind	0	0	no_transition	no_transition
44838.562	1280	567	0.000000	0.000000	0.00	0.00	0.000	16.3591	blind	0	0	no_transition	no_transition
44855.037	1280	567	0.000000	0.000000	0.00	0.00	0.000	16.5436	blind	0	0	no_transition	no_transition
44872.485	1280	567	0.000000	0.000000	0.00	0.00	0.000	18.3327	blind	0	0	no_transition	no_transition
44889.948	1280	567	0.000000	0.000000	0.00	0.00	0.000	16.5669	blind	0	0	no_transition	no_transition
44902.730	1280	567	0.000000	0.000000	0.00	0.00	0.000	8.9812	blind	0	0	no_transition	no_transition
44919.077	1280	567	0.000000	0.000000	0.00	0.00	0.000	23.6911	blind	0	0	no_transition	no_transition
44936.238	1280	567	0.000000	0.000000	0.00	0.00	0.000	10.6110	blind	0	0	no_transition	no_transition
44953.342	1280	567	0.000000	0.000000	0.00	0.00	0.000	23.5707	blind	0	0	no_transition	no_transition
44970.715	1280	567	0.000000	0.000000	0.00	0.00	0.000	11.1550	blind	0	0	no_transition	no_transition
44986.886	1280	567	0.000000	0.000000	0.00	0.00	0.000	21.1668	blind	0	0	no_transition	no_transition
45005.663	1280	567	0.000000	0.000000	0.00	0.00	0.000	16.3666	blind	0	0	no_transition	no_transition
45021.958	1280	567	0.000000	0.000000	0.00	0.00	0.000	16.2037	blind	0	0	no_transition	no_transition
45038.429	1280	567	0.000000	0.000000	0.00	0.00	0.000	16.7188	blind	0	0	no_transition	no_transition
45055.219	1280	567	0.000000	0.000000	0.00	0.00	0.000	16.8420	blind	0	0	no_transition	no_transition
45071.939	1280	567	0.000000	0.000000	0.00	0.00	0.000	16.5783	blind	0	0	no_transition	no_transition
45088.401	1280	567	0.000000	0.000000	0.00	0.00	0.000	16.3309	blind	0	0	no_transition	no_transition
45105.073	1280	567	0.000000	0.000000	0.00	0.00	0.000	16.9970	blind	0	0	no_transition	no_transition
45122.003	1280	567	0.000000	0.000000	0.00	0.00	0.000	16.8354	blind	0	0	no_transition	no_transition
45138.609	1280	567	0.000000	0.000000	0.00	0.00	0.000	16.3570	blind	0	0	no_transition	no_transition
45155.284	1280	567	0.000000	0.000000	0.00	0.00	0.000	16.9763	blind	0	0	no_transition	no_transition
45172.220	1280	567	0.000000	0.000000	0.00	0.00	0.000	16.8773	blind	0	0	no_transition	no_transition
45188.819	1280	567	0.000000	0.000000	0.00	0.00	0.000	16.2949	blind	0	0	no_transition	no_transition
45205.214	1280	567	0.000000	0.000000	0.00	0.00	0.000	16.4671	blind	0	0	no_transition	no_transition
45221.879	1280	567	0.000000	0.000000	0.00	0.00	0.000	16.8444	blind	0	0	no_transition	no_transition
45238.610	1280	567	0.000000	0.000000	0.00	0.00	0.000	16.5983	blind	0	0	no_transition	no_transition
45255.519	1280	567	0.000000	0.000000	0.00	0.00	0.000	17.2025	blind	0	0	no_transition	no_transition
45272.557	1280	567	0.000000	0.000000	0.00	0.00	0.000	16.7837	blind	0	0	no_transition	no_transition
45288.994	1280	567	0.000000	0.000000	0.00	0.00	0.000	16.0699	blind	0	0	no_transition	no_transition
45305.358	1280	567	0.000000	0.000000	0.00	0.00	0.000	16.6178	blind	0	0	no_transition	no_transition
45322.020	1280	567	0.000000	0.000000	0.00	0.00	0.000	16.6856	blind	0	0	no_transition	no_transition
45338.448	1280	567	0.000000	0.000000	0.00	0.00	0.000	16.1492	blind	0	0	no_transition	no_transition
45355.199	1280	567	0.000000	0.000000	0.00	0.00	0.000	17.3339	blind	0	0	no_transition	no_transition
45372.068	1280	567	0.000000	0.000000	0.00	0.00	0.000	16.3826	blind	0	0	no_transition	no_transition
45388.546	1280	567	0.000000	0.000000	0.00	0.00	0.000	16.5564	blind	0	0	no_transition	no_transition
45405.163	1280	567	0.000000	0.000000	0.00	0.00	0.000	16.6659	blind	0	0	no_transition	no_transition
45421.810	1280	567	0.000000	0.000000	0.00	0.00	0.000	16.6082	blind	0	0	no_transition	no_transition
45438.498	1280	567	0.000000	0.000000	0.00	0.00	0.000	16.7506	blind	0	0	no_transition	no_transition
45455.309	1280	567	0.000000	0.000000	0.00	0.00	0.000	16.8451	blind	0	0	no_transition	no_transition
45472.649	1280	567	0.000000	0.000000	0.00	0.00	0.000	17.8171	blind	0	0	no_transition	no_transition
45489.478	1280	567	0.000000	0.000000	0.00	0.00	0.000	15.8215	blind	0	0	no_transition	no_transition
45502.122	1280	567	0.000000	0.000000	0.00	0.00	0.000	9.4482	blind	0	0	no_transition	no_transition
45518.440	1280	567	0.000000	0.000000	0.00	0.00	0.000	23.1747	blind	0	0	no_transition	no_transition
45538.498	1280	567	0.000000	0.000000	0.00	0.00	0.000	16.9214	blind	0	0	no_transition	no_transition
45555.348	1280	567	0.000000	0.000000	0.00	0.00	0.000	16.7564	blind	0	0	no_transition	no_transition
45572.058	1280	567	0.000000	0.000000	0.00	0.00	0.000	16.6459	blind	0	0	no_transition	no_transition
45588.632	1280	567	0.000000	0.000000	0.00	0.00	0.000	16.4807	blind	0	0	no_transition	no_transition
45605.091	1280	567	0.000000	0.000000	0.00	0.00	0.000	16.4167	blind	0	0	no_transition	no_transition
45621.825	1280	567	0.000000	0.000000	0.00	0.00	0.000	17.0218	blind	0	0	no_transition	no_transition
45638.698	1280	567	0.000000	0.000000	0.00	0.00	0.000	16.7058	blind	0	0	no_transition	no_transition
45655.658	1280	567	0.000000	0.000000	0.00	0.00	0.000	17.1969	blind	0	0	no_transition	no_transition
45672.303	1280	567	0.000000	0.000000	0.00	0.00	0.000	16.0740	blind	0	0	no_transition	no_transition
45688.590	1280	567	0.000000	0.000000	0.00	0.00	0.000	16.4870	blind	0	0	no_transition	no_transition
45705.244	1280	567	0.000000	0.000000	0.00	0.00	0.000	16.7926	blind	0	0	no_transition	no_transition
45721.910	1280	567	0.000000	0.000000	0.00	0.00	0.000	16.5212	blind	0	0	no_transition	no_transition
45738.467	1280	567	0.000000	0.000000	0.00	0.00	0.000	16.5743	blind	0	0	no_transition	no_transition
45755.144	1280	567	0.000000	0.000000	0.00	0.00	0.000	16.7582	blind	0	0	no_transition	no_transition
45772.028	1280	567	0.000000	0.000000	0.00	0.00	0.000	16.9877	blind	0	0	no_transition	no_transition
45788.874	1280	567	0.000000	0.000000	0.00	0.00	0.000	16.6826	blind	0	0	no_transition	no_transition
45802.106	1280	567	0.000000	0.000000	0.00	0.00	0.000	9.7694	blind	0	0	no_transition	no_transition
45818.595	1280	567	0.000000	0.000000	0.00	0.00	0.000	23.1917	blind	0	0	no_transition	no_transition
45838.554	1280	567	0.000000	0.000000	0.00	0.00	0.000	16.7099	blind	0	0	no_transition	no_transition
45855.278	1280	567	0.000000	0.000000	0.00	0.00	0.000	16.7234	blind	0	0	no_transition	no_transition
45871.986	1280	567	0.000000	0.000000	0.00	0.00	0.000	16.6742	blind	0	0	no_transition	no_transition
45888.661	1280	567	0.000000	0.000000	0.00	0.00	0.000	16.6574	blind	0	0	no_transition	no_transition
45905.530	1280	567	0.000000	0.000000	0.00	0.00	0.000	17.0613	blind	0	0	no_transition	no_transition
45922.185	1280	567	0.000000	0.000000	0.00	0.00	0.000	16.2284	blind	0	0	no_transition	no_transition
45938.628	1280	567	0.000000	0.000000	0.00	0.00	0.000	16.6282	blind	0	0	no_transition	no_transition
45955.425	1280	567	0.000000	0.000000	0.00	0.00	0.000	16.9462	blind	0	0	no_transition	no_transition
45973.033	1280	567	0.000000	0.000000	0.00	0.00	0.000	18.1914	blind	0	0	no_transition	no_transition
45989.700	1280	567	0.000000	0.000000	0.00	0.00	0.000	15.1232	blind	0	0	no_transition	no_transition
46005.390	1280	567	0.000000	0.000000	0.00	0.00	0.000	16.2386	blind	0	0	no_transition	no_transition
46022.083	1280	567	0.000000	0.000000	0.00	0.00	0.000	17.1261	blind	0	0	no_transition	no_transition
46039.498	1280	567	0.000000	0.000000	0.00	0.00	0.000	17.6846	blind	0	0	no_transition	no_transition
46052.660	1280	567	0.000000	0.000000	0.00	0.00	0.000	8.6192	blind	0	0	no_transition	no_transition
46068.423	1280	567	0.000000	0.000000	0.00	0.00	0.000	22.8912	blind	0	0	no_transition	no_transition
46088.368	1280	567	0.000000	0.000000	0.00	0.00	0.000	16.9794	blind	0	0	no_transition	no_transition
46105.167	1280	567	0.000000	0.000000	0.00	0.00	0.000	16.6002	blind	0	0	no_transition	no_transition
46122.266	1280	567	0.000000	0.000000	0.00	0.00	0.000	17.5786	blind	0	0	no_transition	no_transition
46135.755	1280	567	0.000000	0.000000	0.00	0.00	0.000	9.3705	blind	0	0	no_transition	no_transition
46152.378	1280	567	0.000000	0.000000	0.00	0.00	0.000	23.8586	blind	0	0	no_transition	no_transition
46169.229	1280	567	0.000000	0.000000	0.00	0.00	0.000	9.8232	blind	0	0	no_transition	no_transition
46185.746	1280	567	0.000000	0.000000	0.00	0.00	0.000	23.1908	blind	0	0	no_transition	no_transition
46205.546	1280	567	0.000000	0.000000	0.00	0.00	0.000	16.3909	blind	0	0	no_transition	no_transition
46221.926	1280	567	0.000000	0.000000	0.00	0.00	0.000	16.3502	blind	0	0	no_transition	no_transition
46238.389	1280	567	0.000000	0.000000	0.00	0.00	0.000	16.5563	blind	0	0	no_transition	no_transition
46255.111	1280	567	0.000000	0.000000	0.00	0.00	0.000	16.8681	blind	0	0	no_transition	no_transition
46271.874	1280	567	0.000000	0.000000	0.00	0.00	0.000	16.6394	blind	0	0	no_transition	no_transition
46288.711	1280	567	0.000000	0.000000	0.00	0.00	0.000	17.0152	blind	0	0	no_transition	no_transition
46305.687	1280	567	0.000000	0.000000	0.00	0.00	0.000	16.9167	blind	0	0	no_transition	no_transition
46318.880	1280	567	0.000000	0.000000	0.00	0.00	0.000	9.4523	blind	0	0	no_transition	no_transition
46335.337	1280	567	0.000000	0.000000	0.00	0.00	0.000	23.4443	blind	0	0	no_transition	no_transition
46355.256	1280	567	0.000000	0.000000	0.00	0.00	0.000	16.3708	blind	0	0	no_transition	no_transition
46371.839	1280	567	0.000000	0.000000	0.00	0.00	0.000	16.7782	blind	0	0	no_transition	no_transition
46388.470	1280	567	0.000000	0.000000	0.00	0.00	0.000	16.4631	blind	0	0	no_transition	no_transition
46405.114	1280	567	0.000000	0.000000	0.00	0.00	0.000	16.8065	blind	0	0	no_transition	no_transition
46421.888	1280	567	0.000000	0.000000	0.00	0.00	0.000	16.7234	blind	0	0	no_transition	no_transition
46438.559	1280	567	0.000000	0.000000	0.00	0.00	0.000	16.5993	blind	0	0	no_transition	no_transition
46455.153	1280	567	0.000000	0.000000	0.00	0.00	0.000	16.5706	blind	0	0	no_transition	no_transition
46471.870	1280	567	0.000000	0.000000	0.00	0.00	0.000	16.8439	blind	0	0	no_transition	no_transition
46489.238	1280	567	0.000000	0.000000	0.00	0.00	0.000	17.8743	blind	0	0	no_transition	no_transition
46505.869	1280	567	0.000000	0.000000	0.00	0.00	0.000	15.3671	blind	0	0	no_transition	no_transition
46521.879	1280	567	0.000000	0.000000	0.00	0.00	0.000	16.6353	blind	0	0	no_transition	no_transition
46538.492	1280	567	0.000000	0.000000	0.00	0.00	0.000	16.5721	blind	0	0	no_transition	no_transition
46555.197	1280	567	0.000000	0.000000	0.00	0.00	0.000	16.8190	blind	0	0	no_transition	no_transition
46572.228	1280	567	0.000000	0.000000	0.00	0.00	0.000	17.2243	blind	0	0	no_transition	no_transition
46585.715	1280	567	0.000000	0.000000	0.00	0.00	0.000	9.7325	blind	0	0	no_transition	no_transition
46602.094	1280	567	0.000000	0.000000	0.00	0.00	0.000	23.0111	blind	0	0	no_transition	no_transition
46622.413	1280	567	0.000000	0.000000	0.00	0.00	0.000	17.6043	blind	0	0	no_transition	no_transition
46635.954	1280	567	0.000000	0.000000	0.00	0.00	0.000	9.4552	blind	0	0	no_transition	no_transition
46652.334	1280	567	0.000000	0.000000	0.00	0.00	0.000	23.2286	blind	0	0	no_transition	no_transition
46672.091	1280	567	0.000000	0.000000	0.00	0.00	0.000	16.2685	blind	0	0	no_transition	no_transition
46688.425	1280	567	0.000000	0.000000	0.00	0.00	0.000	16.3782	blind	0	0	no_transition	no_transition
46704.918	1280	567	0.000000	0.000000	0.00	0.00	0.000	16.5902	blind	0	0	no_transition	no_transition
46721.797	1280	567	0.000000	0.000000	0.00	0.00	0.000	17.1463	blind	0	0	no_transition	no_transition
46738.517	1280	567	0.000000	0.000000	0.00	0.00	0.000	16.2738	blind	0	0	no_transition	no_transition
46755.081	1280	567	0.000000	0.000000	0.00	0.00	0.000	16.8344	blind	0	0	no_transition	no_transition
46771.840	1280	567	0.000000	0.000000	0.00	0.00	0.000	16.6645	blind	0	0	no_transition	no_transition
46788.444	1280	567	0.000000	0.000000	0.00	0.00	0.000	16.5260	blind	0	0	no_transition	no_transition
46805.158	1280	567	0.000000	0.000000	0.00	0.00	0.000	16.8824	blind	0	0	no_transition	no_transition
46821.967	1280	567	0.000000	0.000000	0.00	0.00	0.000	16.7152	blind	0	0	no_transition	no_transition
46838.793	1280	567	0.000000	0.000000	0.00	0.00	0.000	16.9188	blind	0	0	no_transition	no_transition
46855.467	1280	567	0.000000	0.000000	0.00	0.00	0.000	16.4040	blind	0	0	no_transition	no_transition
46871.979	1280	567	0.000000	0.000000	0.00	0.00	0.000	16.6025	blind	0	0	no_transition	no_transition
46888.636	1280	567	0.000000	0.000000	0.00	0.00	0.000	16.6913	blind	0	0	no_transition	no_transition
46905.399	1280	567	0.000000	0.000000	0.00	0.00	0.000	16.8163	blind	0	0	no_transition	no_transition
46921.984	1280	567	0.000000	0.000000	0.00	0.00	0.000	16.3364	blind	0	0	no_transition	no_transition
46938.653	1280	567	0.000000	0.000000	0.00	0.00	0.000	16.9835	blind	0	0	no_transition	no_transition
46955.357	1280	567	0.000000	0.000000	0.00	0.00	0.000	16.4056	blind	0	0	no_transition	no_transition
46971.893	1280	567	0.000000	0.000000	0.00	0.00	0.000	16.6433	blind	0	0	no_transition	no_transition
46988.442	1280	567	0.000000	0.000000	0.00	0.00	0.000	16.4350	blind	0	0	no_transition	no_transition
47005.680	1280	567	0.000000	0.000000	0.00	0.00	0.000	18.0230	blind	0	0	no_transition	no_transition
47022.468	1280	567	0.000000	0.000000	0.00	0.00	0.000	15.5350	blind	0	0	no_transition	no_transition
47038.738	1280	567	0.000000	0.000000	0.00	0.00	0.000	16.9862	blind	0	0	no_transition	no_transition
47052.144	1280	567	0.200000	0.000000	480.00	0.00	0.000	9.8111	x_only	2	0	ok	no_transition
47068.377	1280	567	0.200000	0.000000	480.00	0.00	0.000	22.6398	x_only	2	0	ok	no_transition
47088.824	1280	567	0.200000	0.000000	480.00	0.00	0.000	18.2343	x_only	2	0	ok	no_transition
47102.669	1280	567	0.225000	0.000000	456.00	0.00	0.000	9.4374	x_only	3	0	ok	no_transition
47118.932	1280	567	0.225000	0.000000	456.00	0.00	0.000	23.0693	x_only	3	0	ok	no_transition
47138.760	1280	567	0.225000	0.000000	456.00	0.00	0.000	16.5660	x_only	3	0	ok	no_transition
47155.247	1280	567	0.225000	0.000000	456.00	0.00	0.000	16.3810	x_only	3	0	ok	no_transition
47171.823	1280	567	0.225000	0.000000	456.00	0.00	0.000	16.7497	x_only	3	0	ok	no_transition
47188.785	1280	567	0.225000	0.000000	456.00	0.00	0.000	17.1546	x_only	3	0	ok	no_transition
47205.660	1280	567	0.225000	0.000000	456.00	0.00	0.000	16.5741	x_only	3	0	ok	no_transition
47222.537	1280	567	0.225000	0.000000	456.00	0.00	0.000	17.1613	x_only	3	0	ok	no_transition
47239.183	1280	567	0.225000	0.000000	456.00	0.00	0.000	16.1097	x_only	3	0	ok	no_transition
47255.721	1280	567	0.225000	0.000000	456.00	0.00	0.000	16.9460	x_only	3	0	ok	no_transition
47272.425	1280	567	0.225000	0.000000	456.00	0.00	0.000	16.4333	x_only	3	0	ok	no_transition
47288.841	1280	567	0.225000	0.000000	456.00	0.00	0.000	16.3751	x_only	3	0	ok	no_transition
47305.346	1280	567	0.225000	0.000000	456.00	0.00	0.000	16.6134	x_only	3	0	ok	no_transition
47322.103	1280	567	0.225000	0.000000	456.00	0.00	0.000	16.8787	x_only	3	0	ok	no_transition
47338.873	1280	567	0.225000	0.000000	456.00	0.00	0.000	16.6466	x_only	3	0	ok	no_transition
47355.750	1280	567	0.225000	0.000000	456.00	0.00	0.000	17.0867	x_only	3	0	ok	no_transition
47372.430	1280	567	0.225000	0.000000	456.00	0.00	0.000	16.1911	x_only	3	0	ok	no_transition
47389.007	1280	567	0.225000	0.000000	456.00	0.00	0.000	16.9422	x_only	3	0	ok	no_transition
47405.479	1280	567	0.225000	0.000000	456.00	0.00	0.000	15.9864	x_only	3	0	ok	no_transition
47422.275	1280	567	0.250000	0.250000	433.00	148.00	0.000	17.5859	ok	3	2	ok	ok
47435.914	1280	567	0.250000	0.250000	433.00	148.00	0.000	9.6718	ok	3	2	ok	ok
47452.518	1280	567	0.250000	0.250000	433.00	148.00	0.000	23.5185	ok	3	2	ok	ok
47472.395	1280	567	0.281250	0.280556	403.00	130.00	0.248	16.2147	ok	3	3	ok	ok
47488.599	1280	567	0.281250	0.280556	403.00	130.00	0.248	16.1728	ok	3	3	ok	ok
47505.113	1280	567	0.281250	0.280556	403.00	130.00	0.248	16.8353	ok	3	3	ok	ok
47522.394	1280	567	0.281250	0.280556	403.00	130.00	0.248	17.7060	ok	3	3	ok	ok
47539.211	1280	567	0.281250	0.280556	403.00	130.00	0.248	15.9075	ok	3	3	ok	ok
47555.822	1280	567	0.333333	0.333333	353.00	101.00	0.000	17.2996	ok	3	3	ok	ok
47569.168	1280	567	0.333333	0.333333	353.00	101.00	0.000	9.3689	ok	3	3	ok	ok
47585.561	1280	567	0.333333	0.333333	353.00	101.00	0.000	23.3899	ok	3	3	ok	ok
47605.433	1280	567	0.333333	0.333333	353.00	101.00	0.000	16.3321	ok	3	3	ok	ok
47622.065	1280	567	0.333333	0.333333	353.00	101.00	0.000	16.9128	ok	3	3	ok	ok
47638.673	1280	567	0.333333	0.333333	353.00	101.00	0.000	16.2825	ok	3	3	ok	ok
47655.175	1280	567	0.333333	0.333333	353.00	101.00	0.000	16.6867	ok	3	3	ok	ok
47672.345	1280	567	0.333333	0.333333	353.00	101.00	0.000	17.6316	ok	3	3	ok	ok
47685.964	1280	567	0.333333	0.333333	353.00	101.00	0.000	9.5810	ok	3	3	ok	ok
47702.036	1280	567	0.333333	0.333333	353.00	101.00	0.000	22.5445	ok	3	3	ok	ok
47721.994	1280	567	0.333333	0.333333	353.00	101.00	0.000	17.3533	ok	3	3	ok	ok
47738.621	1280	567	0.333333	0.333333	353.00	101.00	0.000	15.8811	ok	3	3	ok	ok
47754.996	1280	567	0.333333	0.333333	353.00	101.00	0.000	16.8471	ok	3	3	ok	ok
47771.783	1280	567	0.333333	0.333333	353.00	101.00	0.000	16.7052	ok	3	3	ok	ok
47788.804	1280	567	0.333333	0.333333	353.00	101.00	0.000	17.3168	ok	3	3	ok	ok
47805.620	1280	567	0.333333	0.333333	353.00	101.00	0.000	16.3045	ok	3	3	ok	ok
47822.013	1280	567	0.333333	0.333333	353.00	101.00	0.000	16.4622	ok	3	3	ok	ok
47838.903	1280	567	0.333333	0.333333	353.00	101.00	0.000	17.3017	ok	3	3	ok	ok
47855.583	1280	567	0.333333	0.333333	353.00	101.00	0.000	16.0426	ok	3	3	ok	ok
47872.108	1280	567	0.333333	0.333333	353.00	101.00	0.000	16.9862	ok	3	3	ok	ok
47888.856	1280	567	0.333333	0.333333	353.00	101.00	0.000	16.4847	ok	3	3	ok	ok
47905.431	1280	567	0.333333	0.333333	353.00	101.00	0.000	16.6489	ok	3	3	ok	ok
47922.047	1280	567	0.333333	0.333333	353.00	101.00	0.000	16.5642	ok	3	3	ok	ok
47938.847	1280	567	0.333333	0.333333	353.00	101.00	0.000	17.0145	ok	3	3	ok	ok
47955.623	1280	567	0.333333	0.333333	353.00	101.00	0.000	16.5156	ok	3	3	ok	ok
47972.182	1280	567	0.333333	0.333333	353.00	101.00	0.000	16.5816	ok	3	3	ok	ok
47988.756	1280	567	0.333333	0.333333	353.00	101.00	0.000	16.5472	ok	3	3	ok	ok
48005.283	1280	567	0.333333	0.333333	353.00	101.00	0.000	16.4870	ok	3	3	ok	ok
48022.116	1280	567	0.333333	0.333333	353.00	101.00	0.000	17.1578	ok	3	3	ok	ok
48039.782	1280	567	0.333333	0.333333	353.00	101.00	0.000	18.1464	ok	3	3	ok	ok
48056.509	1280	567	0.333333	0.333333	353.00	101.00	0.000	15.2909	ok	3	3	ok	ok
48072.678	1280	567	0.375000	0.375000	313.00	77.00	0.000	17.0258	ok	4	3	ok	ok
48085.967	1280	567	0.375000	0.375000	313.00	77.00	0.000	9.5326	ok	4	3	ok	ok
48102.533	1280	567	0.375000	0.375000	313.00	77.00	0.000	23.5827	ok	4	3	ok	ok
48119.036	1280	567	0.375000	0.375000	313.00	77.00	0.000	9.4057	ok	4	3	ok	ok
48135.575	1280	567	0.375000	0.375000	313.00	77.00	0.000	23.6540	ok	4	3	ok	ok
48155.406	1280	567	0.375000	0.375000	313.00	77.00	0.000	15.9940	ok	4	3	ok	ok
48171.844	1280	567	0.375000	0.375000	313.00	77.00	0.000	16.8599	ok	4	3	ok	ok
48188.595	1280	567	0.375000	0.375000	313.00	77.00	0.000	16.6229	ok	4	3	ok	ok
48205.165	1280	567	0.375000	0.375000	313.00	77.00	0.000	16.4974	ok	4	3	ok	ok
48222.067	1280	567	0.375000	0.375000	313.00	77.00	0.000	17.2862	ok	4	3	ok	ok
48238.881	1280	567	0.375000	0.375000	313.00	77.00	0.000	16.2647	ok	4	3	ok	ok
48255.208	1280	567	0.375000	0.375000	313.00	77.00	0.000	16.3609	ok	4	3	ok	ok
48271.977	1280	567	0.375000	0.375000	313.00	77.00	0.000	17.1568	ok	4	3	ok	ok
48288.833	1280	567	0.375000	0.375000	313.00	77.00	0.000	16.5347	ok	4	3	ok	ok
48305.507	1280	567	0.375000	0.375000	313.00	77.00	0.000	16.7992	ok	4	3	ok	ok
48322.157	1280	567	0.375000	0.375000	313.00	77.00	0.000	16.4820	ok	4	3	ok	ok
48338.843	1280	567	0.375000	0.375000	313.00	77.00	0.000	16.8677	ok	4	3	ok	ok
48355.545	1280	567	0.375000	0.375000	313.00	77.00	0.000	16.5176	ok	4	3	ok	ok
48372.068	1280	567	0.375000	0.375000	313.00	77.00	0.000	16.5079	ok	4	3	ok	ok
48388.635	1280	567	0.375000	0.375000	313.00	77.00	0.000	16.6033	ok	4	3	ok	ok
48405.172	1280	567	0.375000	0.375000	313.00	77.00	0.000	16.4502	ok	4	3	ok	ok
48421.833	1280	567	0.375000	0.375000	313.00	77.00	0.000	16.8520	ok	4	3	ok	ok
48438.767	1280	567	0.375000	0.375000	313.00	77.00	0.000	16.9937	ok	4	3	ok	ok
48455.514	1280	567	0.375000	0.375000	313.00	77.00	0.000	16.4808	ok	4	3	ok	ok
48472.028	1280	567	0.375000	0.375000	313.00	77.00	0.000	16.5270	ok	4	3	ok	ok
48488.634	1280	567	0.375000	0.375000	313.00	77.00	0.000	16.6638	ok	4	3	ok	ok
48505.334	1280	567	0.375000	0.375000	313.00	77.00	0.000	16.7136	ok	4	3	ok	ok
48521.953	1280	567	0.375000	0.375000	313.00	77.00	0.000	16.5047	ok	4	3	ok	ok
48538.723	1280	567	0.375000	0.375000	313.00	77.00	0.000	17.0160	ok	4	3	ok	ok
48556.071	1280	567	0.375000	0.375000	313.00	77.00	0.000	17.6613	ok	4	3	ok	ok
48572.724	1280	567	0.375000	0.375000	313.00	77.00	0.000	15.6237	ok	4	3	ok	ok
48588.773	1280	567	0.375000	0.375000	313.00	77.00	0.000	16.4564	ok	4	3	ok	ok
48605.550	1280	567	0.375000	0.375000	313.00	77.00	0.000	17.0787	ok	4	3	ok	ok
48622.283	1280	567	0.375000	0.375000	313.00	77.00	0.000	16.3652	ok	4	3	ok	ok
48638.814	1280	567	0.375000	0.375000	313.00	77.00	0.000	16.6695	ok	4	3	ok	ok
48655.384	1280	567	0.375000	0.375000	313.00	77.00	0.000	16.4547	ok	4	3	ok	ok
48671.878	1280	567	0.375000	0.375000	313.00	77.00	0.000	16.5021	ok	4	3	ok	ok
48688.762	1280	567	0.375000	0.375000	313.00	77.00	0.000	17.2368	ok	4	3	ok	ok
48705.431	1280	567	0.375000	0.375000	313.00	77.00	0.000	16.0794	ok	4	3	ok	ok
48721.924	1280	567	0.375000	0.375000	313.00	77.00	0.000	16.8851	ok	4	3	ok	ok
48738.687	1280	567	0.375000	0.375000	313.00	77.00	0.000	16.6167	ok	4	3	ok	ok
48755.294	1280	567	0.375000	0.375000	313.00	77.00	0.000	16.5766	ok	4	3	ok	ok
48772.016	1280	567	0.375000	0.375000	313.00	77.00	0.000	16.8475	ok	4	3	ok	ok
48788.489	1280	567	0.375000	0.375000	313.00	77.00	0.000	16.0740	ok	4	3	ok	ok
48805.234	1280	567	0.375000	0.375000	313.00	77.00	0.000	17.3963	ok	4	3	ok	ok
48822.121	1280	567	0.375000	0.375000	313.00	77.00	0.000	16.3573	ok	4	3	ok	ok
48838.735	1280	567	0.375000	0.375000	313.00	77.00	0.000	16.8532	ok	4	3	ok	ok
48855.556	1280	567	0.375000	0.375000	313.00	77.00	0.000	16.7718	ok	4	3	ok	ok
48872.199	1280	567	0.375000	0.375000	313.00	77.00	0.000	16.4941	ok	4	3	ok	ok
48889.404	1280	567	0.375000	0.375000	313.00	77.00	0.000	17.8946	ok	4	3	ok	ok
48902.918	1280	567	0.375000	0.375000	313.00	77.00	0.000	9.1188	ok	4	3	ok	ok
48918.911	1280	567	0.375000	0.375000	313.00	77.00	0.000	22.8471	ok	4	3	ok	ok
48938.573	1280	567	0.375000	0.375000	313.00	77.00	0.000	16.4582	ok	4	3	ok	ok
48955.256	1280	567	0.375000	0.375000	313.00	77.00	0.000	16.8863	ok	4	3	ok	ok
48972.049	1280	567	0.375000	0.375000	313.00	77.00	0.000	16.6798	ok	4	3	ok	ok
48988.540	1280	567	0.375000	0.375000	313.00	77.00	0.000	16.2821	ok	4	3	ok	ok
49005.196	1280	567	0.375000	0.375000	313.00	77.00	0.000	17.0072	ok	4	3	ok	ok
49022.110	1280	567	0.375000	0.375000	313.00	77.00	0.000	16.8020	ok	4	3	ok	ok
49038.805	1280	567	0.375000	0.375000	313.00	77.00	0.000	16.5677	ok	4	3	ok	ok
49055.999	1280	567	0.375000	0.375000	313.00	77.00	0.000	17.7990	ok	4	3	ok	ok
49072.619	1280	567	0.375000	0.375000	313.00	77.00	0.000	15.4186	ok	4	3	ok	ok
49089.055	1280	567	0.375000	0.375000	313.00	77.00	0.000	17.4424	ok	4	3	ok	ok
49102.639	1280	567	0.375000	0.375000	313.00	77.00	0.000	9.7064	ok	4	3	ok	ok
49119.201	1280	567	0.375000	0.375000	313.00	77.00	0.000	23.3416	ok	4	3	ok	ok
49138.979	1280	567	0.375000	0.375000	313.00	77.00	0.000	16.1879	ok	4	3	ok	ok
49155.439	1280	567	0.375000	0.375000	313.00	77.00	0.000	16.7128	ok	4	3	ok	ok
49172.048	1280	567	0.375000	0.375000	313.00	77.00	0.000	16.4864	ok	4	3	ok	ok
49188.732	1280	567	0.375000	0.375000	313.00	77.00	0.000	16.8596	ok	4	3	ok	ok
49205.397	1280	567	0.375000	0.375000	313.00	77.00	0.000	16.4519	ok	4	3	ok	ok
49221.921	1280	567	0.375000	0.375000	313.00	77.00	0.000	16.5741	ok	4	3	ok	ok
49239.061	1280	567	0.375000	0.375000	313.00	77.00	0.000	17.6846	ok	4	3	ok	ok
49252.696	1280	567	0.375000	0.375000	313.00	77.00	0.000	9.5662	ok	4	3	ok	ok
49269.013	1280	567	0.375000	0.375000	313.00	77.00	0.000	23.0509	ok	4	3	ok	ok
49288.602	1280	567	0.375000	0.375000	313.00	77.00	0.000	16.1072	ok	4	3	ok	ok
49305.083	1280	567	0.375000	0.375000	313.00	77.00	0.000	16.8326	ok	4	3	ok	ok
49321.939	1280	567	0.375000	0.375000	313.00	77.00	0.000	16.8607	ok	4	3	ok	ok
49338.621	1280	567	0.375000	0.375000	313.00	77.00	0.000	16.4834	ok	4	3	ok	ok
49355.293	1280	567	0.375000	0.375000	313.00	77.00	0.000	16.8402	ok	4	3	ok	ok
49371.900	1280	567	0.375000	0.375000	313.00	77.00	0.000	16.3517	ok	4	3	ok	ok
49388.677	1280	567	0.375000	0.375000	313.00	77.00	0.000	17.1827	ok	4	3	ok	ok
49405.522	1280	567	0.375000	0.375000	313.00	77.00	0.000	16.4889	ok	4	3	ok	ok
49422.025	1280	567	0.375000	0.375000	313.00	77.00	0.000	16.4954	ok	4	3	ok	ok
49438.650	1280	567	0.375000	0.375000	313.00	77.00	0.000	16.7437	ok	4	3	ok	ok
49455.335	1280	567	0.375000	0.375000	313.00	77.00	0.000	16.6032	ok	4	3	ok	ok
49472.031	1280	567	0.375000	0.375000	313.00	77.00	0.000	16.7741	ok	4	3	ok	ok
49488.568	1280	567	0.375000	0.375000	313.00	77.00	0.000	16.2784	ok	4	3	ok	ok
49505.166	1280	567	0.375000	0.375000	313.00	77.00	0.000	16.8905	ok	4	3	ok	ok
49522.029	1280	567	0.375000	0.375000	313.00	77.00	0.000	16.8154	ok	4	3	ok	ok
49538.482	1280	567	0.375000	0.375000	313.00	77.00	0.000	16.0720	ok	4	3	ok	ok
49555.194	1280	567	0.375000	0.375000	313.00	77.00	0.000	17.3324	ok	4	3	ok	ok
49572.696	1280	567	0.375000	0.375000	313.00	77.00	0.000	17.6526	ok	4	3	ok	ok
49589.300	1280	567	0.375000	0.375000	313.00	77.00	0.000	15.5349	ok	4	3	ok	ok
49605.292	1280	567	0.375000	0.375000	313.00	77.00	0.000	16.4287	ok	4	3	ok	ok
49621.880	1280	567	0.375000	0.375000	313.00	77.00	0.000	16.7258	ok	4	3	ok	ok
49638.577	1280	567	0.375000	0.375000	313.00	77.00	0.000	16.6473	ok	4	3	ok	ok
49655.342	1280	567	0.375000	0.375000	313.00	77.00	0.000	16.8629	ok	4	3	ok	ok
49672.212	1280	567	0.375000	0.375000	313.00	77.00	0.000	16.8555	ok	4	3	ok	ok
49688.808	1280	567	0.375000	0.375000	313.00	77.00	0.000	16.3151	ok	4	3	ok	ok
49705.228	1280	567	0.375000	0.375000	313.00	77.00	0.000	16.4958	ok	4	3	ok	ok
49722.067	1280	567	0.375000	0.375000	313.00	77.00	0.000	17.1621	ok	4	3	ok	ok
49738.497	1280	567	0.375000	0.375000	313.00	77.00	0.000	15.6777	ok	4	3	ok	ok
49755.231	1280	567	0.375000	0.375000	313.00	77.00	0.000	17.7678	ok	4	3	ok	ok
49769.126	1280	567	0.375000	0.375000	313.00	77.00	0.000	10.0058	ok	4	3	ok	ok
49785.589	1280	567	0.375000	0.375000	313.00	77.00	0.000	22.9069	ok	4	3	ok	ok
49805.347	1280	567	0.375000	0.375000	313.00	77.00	0.000	16.5905	ok	4	3	ok	ok
49821.968	1280	567	0.375000	0.375000	313.00	77.00	0.000	16.6310	ok	4	3	ok	ok
49838.837	1280	567	0.375000	0.375000	313.00	77.00	0.000	17.0937	ok	4	3	ok	ok
49855.701	1280	567	0.375000	0.375000	313.00	77.00	0.000	16.6210	ok	4	3	ok	ok
49872.107	1280	567	0.375000	0.375000	313.00	77.00	0.000	16.1714	ok	4	3	ok	ok
49888.530	1280	567	0.375000	0.375000	313.00	77.00	0.000	16.6535	ok	4	3	ok	ok
49905.419	1280	567	0.375000	0.375000	313.00	77.00	0.000	17.1059	ok	4	3	ok	ok
49922.149	1280	567	0.375000	0.375000	313.00	77.00	0.000	16.3336	ok	4	3	ok	ok
49938.748	1280	567	0.375000	0.375000	313.00	77.00	0.000	16.8451	ok	4	3	ok	ok
49955.437	1280	567	0.375000	0.375000	313.00	77.00	0.000	16.5127	ok	4	3	ok	ok
49972.095	1280	567	0.375000	0.375000	313.00	77.00	0.000	16.7828	ok	4	3	ok	ok
49989.024	1280	567	0.375000	0.375000	313.00	77.00	0.000	17.0534	ok	4	3	ok	ok
50002.467	1280	567	0.375000	0.375000	313.00	77.00	0.000	9.7577	ok	4	3	ok	ok
50018.903	1280	567	0.375000	0.375000	313.00	77.00	0.000	23.0969	ok	4	3	ok	ok
50039.072	1280	567	0.375000	0.375000	313.00	77.00	0.000	17.2216	ok	4	3	ok	ok
50052.575	1280	567	0.375000	0.375000	313.00	77.00	0.000	9.7631	ok	4	3	ok	ok
50068.974	1280	567	0.375000	0.375000	313.00	77.00	0.000	23.0164	ok	4	3	ok	ok
50089.269	1280	567	0.375000	0.375000	313.00	77.00	0.000	17.5605	ok	4	3	ok	ok
50106.118	1280	567	0.375000	0.375000	313.00	77.00	0.000	16.1166	ok	4	3	ok	ok
50122.120	1280	567	0.375000	0.375000	313.00	77.00	0.000	15.8676	ok	4	3	ok	ok
50138.817	1280	567	0.375000	0.375000	313.00	77.00	0.000	17.5056	ok	4	3	ok	ok
50155.635	1280	567	0.375000	0.375000	313.00	77.00	0.000	16.1103	ok	4	3	ok	ok
50172.286	1280	567	0.375000	0.375000	313.00	77.00	0.000	17.1689	ok	4	3	ok	ok
50189.057	1280	567	0.375000	0.375000	313.00	77.00	0.000	16.3597	ok	4	3	ok	ok
50205.608	1280	567	0.375000	0.375000	313.00	77.00	0.000	16.7225	ok	4	3	ok	ok
50222.312	1280	567	0.375000	0.375000	313.00	77.00	0.000	16.6629	ok	4	3	ok	ok
50238.864	1280	567	0.375000	0.375000	313.00	77.00	0.000	16.4213	ok	4	3	ok	ok
50255.459	1280	567	0.375000	0.375000	313.00	77.00	0.000	16.7487	ok	4	3	ok	ok
50272.329	1280	567	0.375000	0.375000	313.00	77.00	0.000	16.9708	ok	4	3	ok	ok
50288.789	1280	567	0.375000	0.375000	313.00	77.00	0.000	15.9287	ok	4	3	ok	ok
50305.416	1280	567	0.375000	0.375000	313.00	77.00	0.000	17.3038	ok	4	3	ok	ok
50322.169	1280	567	0.375000	0.375000	313.00	77.00	0.000	16.1809	ok	4	3	ok	ok
50338.696	1280	567	0.375000	0.375000	313.00	77.00	0.000	16.8563	ok	4	3	ok	ok
50355.479	1280	567	0.375000	0.375000	313.00	77.00	0.000	16.6936	ok	4	3	ok	ok
50372.267	1280	567	0.375000	0.375000	313.00	77.00	0.000	16.8626	ok	4	3	ok	ok
50388.927	1280	567	0.375000	0.375000	313.00	77.00	0.000	16.4359	ok	4	3	ok	ok
50405.260	1280	567	0.375000	0.375000	313.00	77.00	0.000	16.2166	ok	4	3	ok	ok
50421.940	1280	567	0.375000	0.375000	313.00	77.00	0.000	17.1147	ok	4	3	ok	ok
50438.945	1280	567	0.375000	0.375000	313.00	77.00	0.000	16.8744	ok	4	3	ok	ok
50455.472	1280	567	0.375000	0.375000	313.00	77.00	0.000	16.1587	ok	4	3	ok	ok
50472.001	1280	567	0.375000	0.375000	313.00	77.00	0.000	16.8798	ok	4	3	ok	ok
50489.130	1280	567	0.375000	0.375000	313.00	77.00	0.000	17.3573	ok	4	3	ok	ok
50506.192	1280	567	0.375000	0.375000	313.00	77.00	0.000	16.7445	ok	4	3	ok	ok
50522.556	1280	567	0.375000	0.375000	313.00	77.00	0.000	15.9638	ok	4	3	ok	ok
50538.666	1280	567	0.375000	0.375000	313.00	77.00	0.000	16.2349	ok	4	3	ok	ok
50555.093	1280	567	0.375000	0.375000	313.00	77.00	0.000	16.5907	ok	4	3	ok	ok
50572.021	1280	567	0.375000	0.375000	313.00	77.00	0.000	17.2442	ok	4	3	ok	ok
50588.850	1280	567	0.375000	0.375000	313.00	77.00	0.000	16.3980	ok	4	3	ok	ok
50605.687	1280	567	0.375000	0.375000	313.00	77.00	0.000	17.2624	ok	4	3	ok	ok
50622.142	1280	567	0.375000	0.375000	313.00	77.00	0.000	15.6278	ok	4	3	ok	ok
50638.622	1280	567	0.375000	0.375000	313.00	77.00	0.000	17.3017	ok	4	3	ok	ok
50655.413	1280	567	0.375000	0.375000	313.00	77.00	0.000	16.2661	ok	4	3	ok	ok
50671.911	1280	567	0.375000	0.375000	313.00	77.00	0.000	16.7086	ok	4	3	ok	ok
50689.227	1280	567	0.375000	0.375000	313.00	77.00	0.000	17.9080	ok	4	3	ok	ok
50702.893	1280	567	0.375000	0.375000	313.00	77.00	0.000	9.4041	ok	4	3	ok	ok
50718.984	1280	567	0.375000	0.375000	313.00	77.00	0.000	22.7611	ok	4	3	ok	ok
50738.943	1280	567	0.375000	0.375000	313.00	77.00	0.000	17.1368	ok	4	3	ok	ok
50755.598	1280	567	0.375000	0.375000	313.00	77.00	0.000	16.1528	ok	4	3	ok	ok
50772.028	1280	567	0.375000	0.375000	313.00	77.00	0.000	16.6878	ok	4	3	ok	ok
50788.882	1280	567	0.375000	0.375000	313.00	77.00	0.000	16.9996	ok	4	3	ok	ok
50805.683	1280	567	0.375000	0.375000	313.00	77.00	0.000	16.5821	ok	4	3	ok	ok
50822.241	1280	567	0.375000	0.375000	313.00	77.00	0.000	16.5120	ok	4	3	ok	ok
50838.981	1280	567	0.375000	0.375000	313.00	77.00	0.000	16.9479	ok	4	3	ok	ok
50855.808	1280	567	0.375000	0.375000	313.00	77.00	0.000	16.6863	ok	4	3	ok	ok
50872.201	1280	567	0.375000	0.375000	313.00	77.00	0.000	16.0779	ok	4	3	ok	ok
50889.019	1280	567	0.375000	0.375000	313.00	77.00	0.000	17.5377	ok	4	3	ok	ok
50906.126	1280	567	0.375000	0.375000	313.00	77.00	0.000	16.5936	ok	4	3	ok	ok
50922.335	1280	567	0.375000	0.375000	313.00	77.00	0.000	15.8029	ok	4	3	ok	ok
50938.722	1280	567	0.375000	0.375000	313.00	77.00	0.000	16.9504	ok	4	3	ok	ok
50955.291	1280	567	0.375000	0.375000	313.00	77.00	0.000	16.1669	ok	4	3	ok	ok
50971.738	1280	567	0.375000	0.375000	313.00	77.00	0.000	16.7058	ok	4	3	ok	ok
50988.577	1280	567	0.375000	0.375000	313.00	77.00	0.000	16.9520	ok	4	3	ok	ok
51005.242	1280	567	0.375000	0.375000	313.00	77.00	0.000	16.3571	ok	4	3	ok	ok
51021.982	1280	567	0.375000	0.375000	313.00	77.00	0.000	17.1017	ok	4	3	ok	ok
51038.648	1280	567	0.375000	0.375000	313.00	77.00	0.000	16.2013	ok	4	3	ok	ok
51055.221	1280	567	0.375000	0.375000	313.00	77.00	0.000	16.9221	ok	4	3	ok	ok
51072.124	1280	567	0.375000	0.375000	313.00	77.00	0.000	16.8630	ok	4	3	ok	ok
51088.779	1280	567	0.375000	0.375000	313.00	77.00	0.000	16.4260	ok	4	3	ok	ok
51105.514	1280	567	0.375000	0.375000	313.00	77.00	0.000	17.0230	ok	4	3	ok	ok
51122.807	1280	567	0.375000	0.375000	313.00	77.00	0.000	17.5424	ok	4	3	ok	ok
51139.519	1280	567	0.375000	0.375000	313.00	77.00	0.000	15.8608	ok	4	3	ok	ok
51155.456	1280	567	0.375000	0.375000	313.00	77.00	0.000	15.9936	ok	4	3	ok	ok
51171.860	1280	567	0.375000	0.375000	313.00	77.00	0.000	16.7858	ok	4	3	ok	ok
51188.418	1280	567	0.375000	0.375000	313.00	77.00	0.000	16.3103	ok	4	3	ok	ok
51204.967	1280	567	0.375000	0.375000	313.00	77.00	0.000	16.7658	ok	4	3	ok	ok
51222.262	1280	567	0.375000	0.375000	313.00	77.00	0.000	17.7977	ok	4	3	ok	ok
51235.918	1280	567	0.375000	0.375000	313.00	77.00	0.000	9.4946	ok	4	3	ok	ok
51252.034	1280	567	0.375000	0.375000	313.00	77.00	0.000	22.7180	ok	4	3	ok	ok
51271.630	1280	567	0.375000	0.375000	313.00	77.00	0.000	16.4528	ok	4	3	ok	ok
51288.501	1280	567	0.375000	0.375000	313.00	77.00	0.000	17.2689	ok	4	3	ok	ok
51305.940	1280	567	0.375000	0.375000	313.00	77.00	0.000	17.5888	ok	4	3	ok	ok
51319.348	1280	567	0.375000	0.375000	313.00	77.00	0.000	9.1958	ok	4	3	ok	ok
51335.564	1280	567	0.375000	0.375000	313.00	77.00	0.000	23.2178	ok	4	3	ok	ok
51355.277	1280	567	0.375000	0.375000	313.00	77.00	0.000	16.1884	ok	4	3	ok	ok
51371.801	1280	567	0.375000	0.375000	313.00	77.00	0.000	16.8374	ok	4	3	ok	ok
51388.634	1280	567	0.375000	0.375000	313.00	77.00	0.000	16.8093	ok	4	3	ok	ok
51405.296	1280	567	0.375000	0.375000	313.00	77.00	0.000	16.4971	ok	4	3	ok	ok
51421.935	1280	567	0.375000	0.375000	313.00	77.00	0.000	16.7603	ok	4	3	ok	ok
51438.848	1280	567	0.375000	0.375000	313.00	77.00	0.000	17.0498	ok	4	3	ok	ok
51455.534	1280	567	0.375000	0.375000	313.00	77.00	0.000	16.2963	ok	4	3	ok	ok
51472.069	1280	567	0.375000	0.375000	313.00	77.00	0.000	16.7597	ok	4	3	ok	ok
51488.695	1280	567	0.375000	0.375000	313.00	77.00	0.000	16.4726	ok	4	3	ok	ok
51505.590	1280	567	0.375000	0.375000	313.00	77.00	0.000	17.2976	ok	4	3	ok	ok
51522.436	1280	567	0.375000	0.375000	313.00	77.00	0.000	16.3745	ok	4	3	ok	ok
51538.688	1280	567	0.375000	0.375000	313.00	77.00	0.000	16.1081	ok	4	3	ok	ok
51555.400	1280	567	0.375000	0.375000	313.00	77.00	0.000	17.2915	ok	4	3	ok	ok
51572.238	1280	567	0.375000	0.375000	313.00	77.00	0.000	16.3631	ok	4	3	ok	ok
51588.862	1280	567	0.375000	0.375000	313.00	77.00	0.000	16.8652	ok	4	3	ok	ok
51605.251	1280	567	0.375000	0.375000	313.00	77.00	0.000	15.8893	ok	4	3	ok	ok
51621.885	1280	567	0.375000	0.375000	313.00	77.00	0.000	17.3494	ok	4	3	ok	ok
51639.227	1280	567	0.375000	0.375000	313.00	77.00	0.000	17.3041	ok	4	3	ok	ok
51655.786	1280	567	0.375000	0.375000	313.00	77.00	0.000	15.7955	ok	4	3	ok	ok
51671.898	1280	567	0.375000	0.375000	313.00	77.00	0.000	16.4081	ok	4	3	ok	ok
51688.856	1280	567	0.375000	0.375000	313.00	77.00	0.000	17.4889	ok	4	3	ok	ok
51705.721	1280	567	0.375000	0.375000	313.00	77.00	0.000	16.2193	ok	4	3	ok	ok
51722.248	1280	567	0.375000	0.375000	313.00	77.00	0.000	16.8143	ok	4	3	ok	ok
51738.852	1280	567	0.375000	0.375000	313.00	77.00	0.000	16.3714	ok	4	3	ok	ok
51755.906	1280	567	0.375000	0.375000	313.00	77.00	0.000	17.7168	ok	4	3	ok	ok
51769.385	1280	567	0.375000	0.375000	313.00	77.00	0.000	9.2211	ok	4	3	ok	ok
51785.836	1280	567	0.375000	0.375000	313.00	77.00	0.000	23.5971	ok	4	3	ok	ok
51805.706	1280	567	0.375000	0.375000	313.00	77.00	0.000	16.1143	ok	4	3	ok	ok
51822.276	1280	567	0.375000	0.375000	313.00	77.00	0.000	17.0066	ok	4	3	ok	ok
51839.087	1280	567	0.375000	0.375000	313.00	77.00	0.000	16.5606	ok	4	3	ok	ok
51855.624	1280	567	0.375000	0.375000	313.00	77.00	0.000	16.4999	ok	4	3	ok	ok
51872.422	1280	567	0.375000	0.375000	313.00	77.00	0.000	17.0753	ok	4	3	ok	ok
51885.895	1280	567	0.375000	0.375000	313.00	77.00	0.000	9.8535	ok	4	3	ok	ok
51902.170	1280	567	0.375000	0.375000	313.00	77.00	0.000	22.6795	ok	4	3	ok	ok
51921.957	1280	567	0.375000	0.375000	313.00	77.00	0.000	16.8740	ok	4	3	ok	ok
51938.797	1280	567	0.375000	0.375000	313.00	77.00	0.000	16.7867	ok	4	3	ok	ok
51955.519	1280	567	0.375000	0.375000	313.00	77.00	0.000	16.6352	ok	4	3	ok	ok
51972.041	1280	567	0.375000	0.375000	313.00	77.00	0.000	16.3876	ok	4	3	ok	ok
51988.648	1280	567	0.375000	0.375000	313.00	77.00	0.000	16.8067	ok	4	3	ok	ok
52005.721	1280	567	0.375000	0.375000	313.00	77.00	0.000	17.3188	ok	4	3	ok	ok
52022.574	1280	567	0.375000	0.375000	313.00	77.00	0.000	16.3674	ok	4	3	ok	ok
52038.920	1280	567	0.375000	0.375000	313.00	77.00	0.000	16.3041	ok	4	3	ok	ok
52055.559	1280	567	0.375000	0.375000	313.00	77.00	0.000	16.9527	ok	4	3	ok	ok
52072.255	1280	567	0.375000	0.375000	313.00	77.00	0.000	16.4191	ok	4	3	ok	ok
52088.789	1280	567	0.375000	0.375000	313.00	77.00	0.000	16.6277	ok	4	3	ok	ok
52105.449	1280	567	0.375000	0.375000	313.00	77.00	0.000	16.6725	ok	4	3	ok	ok
52122.183	1280	567	0.375000	0.375000	313.00	77.00	0.000	16.7740	ok	4	3	ok	ok
52139.447	1280	567	0.375000	0.375000	313.00	77.00	0.000	17.7331	ok	4	3	ok	ok
52155.976	1280	567	0.375000	0.375000	313.00	77.00	0.000	15.3049	ok	4	3	ok	ok
52171.893	1280	567	0.375000	0.375000	313.00	77.00	0.000	16.5024	ok	4	3	ok	ok
52189.123	1280	567	0.375000	0.375000	313.00	77.00	0.000	17.9385	ok	4	3	ok	ok
52202.600	1280	567	0.375000	0.375000	313.00	77.00	0.000	8.9952	ok	4	3	ok	ok
52218.852	1280	567	0.375000	0.375000	313.00	77.00	0.000	23.4942	ok	4	3	ok	ok
52238.885	1280	567	0.375000	0.375000	313.00	77.00	0.000	16.5499	ok	4	3	ok	ok
52255.782	1280	567	0.375000	0.375000	313.00	77.00	0.000	17.2248	ok	4	3	ok	ok
52269.181	1280	567	0.375000	0.375000	313.00	77.00	0.000	9.5529	ok	4	3	ok	ok
52285.716	1280	567	0.375000	0.375000	313.00	77.00	0.000	23.5013	ok	4	3	ok	ok
52302.459	1280	567	0.375000	0.375000	313.00	77.00	0.000	9.9627	ok	4	3	ok	ok
52319.425	1280	567	0.375000	0.375000	313.00	77.00	0.000	23.9511	ok	4	3	ok	ok
52336.066	1280	567	0.375000	0.375000	313.00	77.00	0.000	9.3115	ok	4	3	ok	ok
52352.182	1280	567	0.375000	0.375000	313.00	77.00	0.000	22.9042	ok	4	3	ok	ok
52372.058	1280	567	0.375000	0.375000	313.00	77.00	0.000	16.8265	ok	4	3	ok	ok
52388.728	1280	567	0.375000	0.375000	313.00	77.00	0.000	16.4935	ok	4	3	ok	ok
52405.440	1280	567	0.375000	0.375000	313.00	77.00	0.000	16.9100	ok	4	3	ok	ok
52422.186	1280	567	0.375000	0.375000	313.00	77.00	0.000	16.5611	ok	4	3	ok	ok
52439.057	1280	567	0.375000	0.375000	313.00	77.00	0.000	17.1604	ok	4	3	ok	ok
52455.556	1280	567	0.375000	0.375000	313.00	77.00	0.000	15.8177	ok	4	3	ok	ok
52472.004	1280	567	0.375000	0.375000	313.00	77.00	0.000	17.0585	ok	4	3	ok	ok
52488.723	1280	567	0.375000	0.375000	313.00	77.00	0.000	16.3571	ok	4	3	ok	ok
52505.396	1280	567	0.375000	0.375000	313.00	77.00	0.000	16.9694	ok	4	3	ok	ok
52522.169	1280	567	0.375000	0.375000	313.00	77.00	0.000	16.5577	ok	4	3	ok	ok
52539.014	1280	567	0.375000	0.375000	313.00	77.00	0.000	17.1030	ok	4	3	ok	ok
52555.703	1280	567	0.375000	0.375000	313.00	77.00	0.000	16.2520	ok	4	3	ok	ok
52572.151	1280	567	0.375000	0.375000	313.00	77.00	0.000	16.6229	ok	4	3	ok	ok
52588.732	1280	567	0.375000	0.375000	313.00	77.00	0.000	16.5204	ok	4	3	ok	ok
52605.269	1280	567	0.375000	0.375000	313.00	77.00	0.000	16.5325	ok	4	3	ok	ok
52622.004	1280	567	0.375000	0.375000	313.00	77.00	0.000	16.9201	ok	4	3	ok	ok
52638.848	1280	567	0.375000	0.375000	313.00	77.00	0.000	16.7388	ok	4	3	ok	ok
52656.034	1280	567	0.375000	0.375000	313.00	77.00	0.000	17.6174	ok	4	3	ok	ok
52672.988	1280	567	0.375000	0.375000	313.00	77.00	0.000	16.2104	ok	4	3	ok	ok
52690.085	1280	567	0.375000	0.375000	313.00	77.00	0.000	17.9629	ok	4	3	ok	ok
52703.292	1280	567	0.375000	0.375000	313.00	77.00	0.000	8.4308	ok	4	3	ok	ok
52721.029	1280	567	0.375000	0.375000	313.00	77.00	0.000	27.0217	ok	4	3	ok	ok
52739.206	1280	567	0.375000	0.375000	313.00	77.00	0.000	9.3087	ok	4	3	ok	ok
52755.837	1280	567	0.375000	0.375000	313.00	77.00	0.000	23.9363	ok	4	3	ok	ok
52772.529	1280	567	0.375000	0.375000	313.00	77.00	0.000	9.4326	ok	4	3	ok	ok
52789.257	1280	567	0.375000	0.375000	313.00	77.00	0.000	24.0042	ok	4	3	ok	ok
52805.780	1280	567	0.375000	0.375000	313.00	77.00	0.000	9.0242	ok	4	3	ok	ok
52822.512	1280	567	0.375000	0.375000	313.00	77.00	0.000	24.4188	ok	4	3	ok	ok
52839.226	1280	567	0.375000	0.375000	313.00	77.00	0.000	8.9939	ok	4	3	ok	ok
52855.987	1280	567	0.375000	0.375000	313.00	77.00	0.000	24.5130	ok	4	3	ok	ok
52872.337	1280	567	0.375000	0.375000	313.00	77.00	0.000	8.1677	ok	4	3	ok	ok
52889.287	1280	567	0.375000	0.375000	313.00	77.00	0.000	25.7126	ok	4	3	ok	ok
52905.662	1280	567	0.375000	0.375000	313.00	77.00	0.000	7.0232	ok	4	3	ok	ok
52918.537	1280	567	0.375000	0.375000	313.00	77.00	0.000	18.7098	ok	4	3	ok	ok
52936.419	1280	567	0.375000	0.375000	313.00	77.00	0.000	17.0287	ok	4	3	ok	ok
52953.346	1280	567	0.375000	0.375000	313.00	77.00	0.000	16.8042	ok	4	3	ok	ok
52969.956	1280	567	0.375000	0.375000	313.00	77.00	0.000	16.3960	ok	4	3	ok	ok
52986.545	1280	567	0.375000	0.375000	313.00	77.00	0.000	16.7613	ok	4	3	ok	ok
53003.440	1280	567	0.375000	0.375000	313.00	77.00	0.000	17.0068	ok	4	3	ok	ok
53020.321	1280	567	0.375000	0.375000	313.00	77.00	0.000	16.7344	ok	4	3	ok	ok
53036.765	1280	567	0.375000	0.375000	313.00	77.00	0.000	16.1309	ok	4	3	ok	ok
53053.384	1280	567	0.375000	0.375000	313.00	77.00	0.000	17.0854	ok	4	3	ok	ok
53070.067	1280	567	0.375000	0.375000	313.00	77.00	0.000	16.2606	ok	4	3	ok	ok
53086.688	1280	567	0.375000	0.375000	313.00	77.00	0.000	16.9493	ok	4	3	ok	ok
53103.607	1280	567	0.375000	0.375000	313.00	77.00	0.000	16.8730	ok	4	3	ok	ok
53120.202	1280	567	0.375000	0.375000	313.00	77.00	0.000	16.2974	ok	4	3	ok	ok
53136.764	1280	567	0.375000	0.375000	313.00	77.00	0.000	16.8041	ok	4	3	ok	ok
53153.369	1280	567	0.375000	0.375000	313.00	77.00	0.000	16.3879	ok	4	3	ok	ok
53170.423	1280	567	0.375000	0.375000	313.00	77.00	0.000	17.6975	ok	4	3	ok	ok
53187.109	1280	567	0.375000	0.375000	313.00	77.00	0.000	15.6509	ok	4	3	ok	ok
53203.500	1280	567	0.375000	0.375000	313.00	77.00	0.000	17.1117	ok	4	3	ok	ok
53220.098	1280	567	0.375000	0.375000	313.00	77.00	0.000	16.0627	ok	4	3	ok	ok
53236.367	1280	567	0.375000	0.375000	313.00	77.00	0.000	16.4547	ok	4	3	ok	ok
53253.135	1280	567	0.375000	0.375000	313.00	77.00	0.000	17.0615	ok	4	3	ok	ok
53269.984	1280	567	0.375000	0.375000	313.00	77.00	0.000	16.6165	ok	4	3	ok	ok
53286.489	1280	567	0.375000	0.375000	313.00	77.00	0.000	16.3710	ok	4	3	ok	ok
53303.260	1280	567	0.375000	0.375000	313.00	77.00	0.000	17.1475	ok	4	3	ok	ok
53320.209	1280	567	0.375000	0.375000	313.00	77.00	0.000	16.7221	ok	4	3	ok	ok
53336.860	1280	567	0.375000	0.375000	313.00	77.00	0.000	16.5617	ok	4	3	ok	ok
53353.517	1280	567	0.375000	0.375000	313.00	77.00	0.000	16.7331	ok	4	3	ok	ok
53369.990	1280	567	0.375781	0.376235	312.25	76.33	0.120	16.1920	ok	4	3	ok	ok
53386.584	1280	567	0.375781	0.376235	312.25	76.33	0.120	16.9714	ok	4	3	ok	ok
53403.357	1280	567	0.375781	0.376235	312.25	76.33	0.120	16.5538	ok	4	3	ok	ok
53420.073	1280	567	0.375781	0.376235	312.25	76.33	0.120	16.8571	ok	4	3	ok	ok
53436.888	1280	567	0.375781	0.376235	312.25	76.33	0.120	16.7542	ok	4	3	ok	ok
53453.462	1280	567	0.375781	0.376235	312.25	76.33	0.120	16.3738	ok	4	3	ok	ok
53470.182	1280	567	0.375781	0.376235	312.25	76.33	0.120	17.0550	ok	4	3	ok	ok
53486.980	1280	567	0.375781	0.376235	312.25	76.33	0.120	16.5220	ok	4	3	ok	ok
53503.615	1280	567	0.375781	0.376235	312.25	76.33	0.120	16.7267	ok	4	3	ok	ok
53520.270	1280	567	0.375781	0.376235	312.25	76.33	0.120	16.5641	ok	4	3	ok	ok
53536.700	1280	567	0.375781	0.376235	312.25	76.33	0.120	16.2749	ok	4	3	ok	ok
53553.466	1280	567	0.375781	0.376235	312.25	76.33	0.120	17.1692	ok	4	3	ok	ok
53570.089	1280	567	0.375781	0.376235	312.25	76.33	0.120	16.0571	ok	4	3	ok	ok
53586.643	1280	567	0.375781	0.376235	312.25	76.33	0.120	17.0298	ok	4	3	ok	ok
53603.353	1280	567	0.375781	0.376235	312.25	76.33	0.120	16.3703	ok	4	3	ok	ok
53619.887	1280	567	0.375781	0.376235	312.25	76.33	0.120	16.6767	ok	4	3	ok	ok
53636.840	1280	567	0.375781	0.376235	312.25	76.33	0.120	17.2087	ok	4	3	ok	ok
53653.662	1280	567	0.375781	0.376235	312.25	76.33	0.120	16.4156	ok	4	3	ok	ok
53670.634	1280	567	0.375781	0.376235	312.25	76.33	0.120	17.5076	ok	4	3	ok	ok
53687.477	1280	567	0.375781	0.376235	312.25	76.33	0.120	16.1583	ok	4	3	ok	ok
53703.988	1280	567	0.375781	0.376235	312.25	76.33	0.120	16.8431	ok	4	3	ok	ok
53720.344	1280	567	0.500833	0.000000	204.20	0.00	0.000	15.8461	x_only	5	0	ok	ends_differ
53736.567	1280	567	0.500833	0.000000	204.20	0.00	0.000	16.5794	x_only	5	0	ok	ends_differ
53753.229	1280	567	0.500833	0.000000	204.20	0.00	0.000	16.7235	x_only	5	0	ok	ends_differ
53770.209	1280	567	0.500833	0.000000	204.20	0.00	0.000	17.2175	x_only	5	0	ok	ends_differ
53787.604	1280	567	0.563125	0.000000	150.40	0.00	0.000	17.5531	x_only	5	0	ok	no_transition
53803.969	1280	567	0.563125	0.000000	150.40	0.00	0.000	15.1563	x_only	5	0	ok	no_transition
53819.924	1280	567	0.563125	0.000000	150.40	0.00	0.000	16.7309	x_only	5	0	ok	no_transition
53836.781	1280	567	0.563125	0.000000	150.40	0.00	0.000	16.9701	x_only	5	0	ok	no_transition
53853.416	1280	567	0.563125	0.000000	150.40	0.00	0.000	16.2370	x_only	5	0	ok	no_transition
53869.877	1280	567	0.563125	0.000000	150.40	0.00	0.000	16.6641	x_only	5	0	ok	no_transition
53886.707	1280	567	0.563125	0.000000	150.40	0.00	0.000	16.9780	x_only	5	0	ok	no_transition
53903.438	1280	567	0.563125	0.000000	150.40	0.00	0.000	16.4492	x_only	5	0	ok	no_transition
53919.886	1280	567	0.563125	0.000000	150.40	0.00	0.000	16.4264	x_only	5	0	ok	no_transition
53937.076	1280	567	0.563125	0.000000	150.40	0.00	0.000	17.9237	x_only	5	0	ok	no_transition
53953.640	1280	567	0.563125	0.000000	150.40	0.00	0.000	15.1848	x_only	5	0	ok	no_transition
53969.756	1280	567	0.563125	0.000000	150.40	0.00	0.000	17.0268	x_only	5	0	ok	no_transition
53986.376	1280	567	0.563125	0.000000	150.40	0.00	0.000	16.1932	x_only	5	0	ok	no_transition
54003.022	1280	567	0.563125	0.000000	150.40	0.00	0.000	17.0753	x_only	5	0	ok	no_transition
54019.964	1280	567	0.563125	0.000000	150.40	0.00	0.000	16.7888	x_only	5	0	ok	no_transition
54037.325	1280	567	0.563125	0.000000	150.40	0.00	0.000	17.9134	x_only	5	0	ok	no_transition
54053.938	1280	567	0.563125	0.000000	150.40	0.00	0.000	15.2915	x_only	5	0	ok	no_transition
54069.852	1280	567	0.563125	0.000000	150.40	0.00	0.000	16.5167	x_only	5	0	ok	no_transition
54087.208	1280	567	0.563125	0.000000	150.40	0.00	0.000	18.1770	x_only	5	0	ok	no_transition
54104.293	1280	567	0.563125	0.000000	150.40	0.00	0.000	15.9780	x_only	5	0	ok	no_transition
54120.565	1280	567	0.500833	0.000000	204.20	0.00	0.000	16.5417	x_only	5	0	ok	ends_differ
54137.227	1280	567	0.500833	0.000000	204.20	0.00	0.000	16.7664	x_only	5	0	ok	ends_differ
54154.009	1280	567	0.500833	0.000000	204.20	0.00	0.000	16.7818	x_only	5	0	ok	ends_differ
54170.988	1280	567	0.438333	0.437037	258.20	52.00	0.297	17.1539	ok	5	3	ok	ok
54187.421	1280	567	0.438333	0.437037	258.20	52.00	0.297	15.6831	ok	5	3	ok	ok
54204.042	1280	567	0.438333	0.437037	258.20	52.00	0.297	17.5387	ok	5	3	ok	ok
54220.621	1280	567	0.383594	0.383025	305.25	75.67	0.149	15.5973	ok	4	3	ok	ok
54236.893	1280	567	0.383594	0.383025	305.25	75.67	0.149	16.9287	ok	4	3	ok	ok
54253.467	1280	567	0.383594	0.383025	305.25	75.67	0.149	16.1966	ok	4	3	ok	ok
54269.822	1280	567	0.383594	0.383025	305.25	75.67	0.149	16.4940	ok	4	3	ok	ok
54286.313	1280	567	0.383594	0.383025	305.25	75.67	0.149	16.4665	ok	4	3	ok	ok
54303.075	1280	567	0.383594	0.383025	305.25	75.67	0.149	17.0388	ok	4	3	ok	ok
54319.848	1280	567	0.383594	0.383025	305.25	75.67	0.149	16.4859	ok	4	3	ok	ok
54337.165	1280	567	0.383594	0.383025	305.25	75.67	0.149	18.1299	ok	4	3	ok	ok
54354.186	1280	567	0.383594	0.383025	305.25	75.67	0.149	15.8891	ok	4	3	ok	ok
54370.164	1280	567	0.383594	0.383025	305.25	75.67	0.149	15.9698	ok	4	3	ok	ok
54386.615	1280	567	0.383594	0.383025	305.25	75.67	0.149	16.9136	ok	4	3	ok	ok
54403.465	1280	567	0.383594	0.383025	305.25	75.67	0.149	16.7758	ok	4	3	ok	ok
54420.070	1280	567	0.383594	0.383025	305.25	75.67	0.149	16.4156	ok	4	3	ok	ok
54436.822	1280	567	0.383594	0.383025	305.25	75.67	0.149	17.0545	ok	4	3	ok	ok
54453.606	1280	567	0.383594	0.383025	305.25	75.67	0.149	16.4938	ok	4	3	ok	ok
54470.096	1280	567	0.383594	0.383025	305.25	75.67	0.149	16.4661	ok	4	3	ok	ok
54486.521	1280	567	0.383594	0.383025	305.25	75.67	0.149	16.3640	ok	4	3	ok	ok
54503.393	1280	567	0.383594	0.383025	305.25	75.67	0.149	17.3585	ok	4	3	ok	ok
54520.274	1280	567	0.383594	0.383025	305.25	75.67	0.149	16.3835	ok	4	3	ok	ok
54536.635	1280	567	0.383594	0.383025	305.25	75.67	0.149	16.3174	ok	4	3	ok	ok
54553.355	1280	567	0.383594	0.383025	305.25	75.67	0.149	17.1018	ok	4	3	ok	ok
54569.912	1280	567	0.383594	0.383025	305.25	75.67	0.149	15.9927	ok	4	3	ok	ok
54587.152	1280	567	0.383594	0.383025	305.25	75.67	0.149	18.4672	ok	4	3	ok	ok
54604.004	1280	567	0.383594	0.383025	305.25	75.67	0.149	15.2182	ok	4	3	ok	ok
54619.946	1280	567	0.383594	0.383025	305.25	75.67	0.149	16.6351	ok	4	3	ok	ok
54636.748	1280	567	0.383594	0.383025	305.25	75.67	0.149	16.9472	ok	4	3	ok	ok
54653.685	1280	567	0.383594	0.383025	305.25	75.67	0.149	16.9119	ok	4	3	ok	ok
54670.263	1280	567	0.383594	0.383025	305.25	75.67	0.149	16.2237	ok	4	3	ok	ok
54687.226	1280	567	0.383594	0.383025	305.25	75.67	0.149	17.6859	ok	4	3	ok	ok
54703.950	1280	567	0.383594	0.383025	305.25	75.67	0.149	15.7426	ok	4	3	ok	ok
54720.885	1280	567	0.383594	0.383025	305.25	75.67	0.149	18.1036	ok	4	3	ok	ok
54738.203	1280	567	0.383594	0.383025	305.25	75.67	0.149	16.5137	ok	4	3	ok	ok
54754.879	1280	567	0.383594	0.383025	305.25	75.67	0.149	16.8169	ok	4	3	ok	ok
54771.599	1280	567	0.383594	0.383025	305.25	75.67	0.149	16.6034	ok	4	3	ok	ok
54788.028	1280	567	0.383594	0.383025	305.25	75.67	0.149	16.2350	ok	4	3	ok	ok
54804.724	1280	567	0.383594	0.383025	305.25	75.67	0.149	17.1347	ok	4	3	ok	ok
54822.092	1280	567	0.383594	0.383025	305.25	75.67	0.149	17.5808	ok	4	3	ok	ok
54838.972	1280	567	0.383594	0.383025	305.25	75.67	0.149	16.1610	ok	4	3	ok	ok
54855.146	1280	567	0.383594	0.383025	305.25	75.67	0.149	16.1519	ok	4	3	ok	ok
54871.422	1280	567	0.383594	0.383025	305.25	75.67	0.149	16.3825	ok	4	3	ok	ok
54888.220	1280	567	0.383594	0.383025	305.25	75.67	0.149	17.1991	ok	4	3	ok	ok
54905.075	1280	567	0.383594	0.383025	305.25	75.67	0.149	16.4989	ok	4	3	ok	ok
54922.045	1280	567	0.383594	0.383025	305.25	75.67	0.149	17.4212	ok	4	3	ok	ok
54935.682	1280	567	0.383594	0.383025	305.25	75.67	0.149	9.8368	ok	4	3	ok	ok
54951.829	1280	567	0.383594	0.383025	305.25	75.67	0.149	22.4409	ok	4	3	ok	ok
54971.591	1280	567	0.383594	0.383025	305.25	75.67	0.149	17.0628	ok	4	3	ok	ok
54988.208	1280	567	0.383594	0.383025	305.25	75.67	0.149	16.1507	ok	4	3	ok	ok
55004.882	1280	567	0.383594	0.383025	305.25	75.67	0.149	17.1758	ok	4	3	ok	ok
55021.744	1280	567	0.383594	0.383025	305.25	75.67	0.149	16.5284	ok	4	3	ok	ok
55038.458	1280	567	0.383594	0.383025	305.25	75.67	0.149	16.8773	ok	4	3	ok	ok
55055.215	1280	567	0.383594	0.383025	305.25	75.67	0.149	16.6165	ok	4	3	ok	ok
55071.761	1280	567	0.383594	0.383025	305.25	75.67	0.149	16.4526	ok	4	3	ok	ok
55088.613	1280	567	0.383594	0.383025	305.25	75.67	0.149	17.2414	ok	4	3	ok	ok
55105.755	1280	567	0.431458	0.430556	264.20	55.00	0.210	17.0302	ok	5	3	ok	ok
55118.916	1280	567	0.431458	0.430556	264.20	55.00	0.210	9.2704	ok	5	3	ok	ok
55135.380	1280	567	0.431458	0.430556	264.20	55.00	0.210	23.6437	ok	5	3	ok	ok
55155.360	1280	567	0.431458	0.430556	264.20	55.00	0.210	16.2946	ok	5	3	ok	ok
55171.616	1280	567	0.431458	0.430556	264.20	55.00	0.210	16.1971	ok	5	3	ok	ok
55188.532	1280	567	0.431458	0.430556	264.20	55.00	0.210	17.6163	ok	5	3	ok	ok
55205.597	1280	567	0.500833	0.000000	204.20	0.00	0.000	16.4917	x_only	5	0	ok	ends_differ
55221.946	1280	567	0.500833	0.000000	204.20	0.00	0.000	16.1854	x_only	5	0	ok	ends_differ
55238.221	1280	567	0.500833	0.000000	204.20	0.00	0.000	16.3448	x_only	5	0	ok	ends_differ
55254.866	1280	567	0.500833	0.000000	204.20	0.00	0.000	16.8640	x_only	5	0	ok	ends_differ
55271.569	1280	567	0.500833	0.000000	204.20	0.00	0.000	16.5203	x_only	5	0	ok	ends_differ
55288.090	1280	567	0.500833	0.000000	204.20	0.00	0.000	16.5047	x_only	5	0	ok	ends_differ
55304.788	1280	567	0.500833	0.000000	204.20	0.00	0.000	16.8716	x_only	5	0	ok	ends_differ
55321.515	1280	567	0.500833	0.000000	204.20	0.00	0.000	16.5624	x_only	5	0	ok	ends_differ
55338.473	1280	567	0.500833	0.000000	204.20	0.00	0.000	17.3343	x_only	5	0	ok	ends_differ
55355.273	1280	567	0.500833	0.000000	204.20	0.00	0.000	16.2451	x_only	5	0	ok	ends_differ
55371.620	1280	567	0.500833	0.000000	204.20	0.00	0.000	16.4290	x_only	5	0	ok	ends_differ
55388.350	1280	567	0.500833	0.000000	204.20	0.00	0.000	17.0168	x_only	5	0	ok	ends_differ
55405.616	1280	567	0.500833	0.000000	204.20	0.00	0.000	17.4968	x_only	5	0	ok	ends_differ
55422.528	1280	567	0.500833	0.000000	204.20	0.00	0.000	16.3050	x_only	5	0	ok	ends_differ
55435.778	1280	567	0.500833	0.000000	204.20	0.00	0.000	10.1738	x_only	5	0	ok	ends_differ
55452.147	1280	567	0.500833	0.000000	204.20	0.00	0.000	22.5460	x_only	5	0	ok	ends_differ
55471.971	1280	567	0.500833	0.000000	204.20	0.00	0.000	17.0829	x_only	5	0	ok	ends_differ
55488.724	1280	567	0.500833	0.000000	204.20	0.00	0.000	16.4016	x_only	5	0	ok	ends_differ
55505.442	1280	567	0.500833	0.000000	204.20	0.00	0.000	17.0154	x_only	5	0	ok	ends_differ
55522.078	1280	567	0.500833	0.000000	204.20	0.00	0.000	16.2379	x_only	5	0	ok	ends_differ
55538.587	1280	567	0.500833	0.000000	204.20	0.00	0.000	16.7617	x_only	5	0	ok	ends_differ
55555.487	1280	567	0.500833	0.000000	204.20	0.00	0.000	17.0196	x_only	5	0	ok	ends_differ
55572.123	1280	567	0.500833	0.000000	204.20	0.00	0.000	16.2317	x_only	5	0	ok	ends_differ
55588.773	1280	567	0.500833	0.000000	204.20	0.00	0.000	17.0486	x_only	5	0	ok	ends_differ
55605.667	1280	567	0.500833	0.000000	204.20	0.00	0.000	16.7274	x_only	5	0	ok	ends_differ
55622.141	1280	567	0.500833	0.000000	204.20	0.00	0.000	16.2025	x_only	5	0	ok	ends_differ
55638.799	1280	567	0.500833	0.000000	204.20	0.00	0.000	17.0987	x_only	5	0	ok	ends_differ
55655.481	1280	567	0.500833	0.000000	204.20	0.00	0.000	16.2468	x_only	5	0	ok	ends_differ
55672.262	1280	567	0.500833	0.000000	204.20	0.00	0.000	17.2874	x_only	5	0	ok	ends_differ
55685.874	1280	567	0.500833	0.000000	204.20	0.00	0.000	9.9166	x_only	5	0	ok	ends_differ
55702.413	1280	567	0.500833	0.000000	204.20	0.00	0.000	23.1416	x_only	5	0	ok	ends_differ
55722.829	1280	567	0.438333	0.437037	258.20	52.00	0.297	17.6689	ok	5	3	ok	ok
55736.116	1280	567	0.438333	0.437037	258.20	52.00	0.297	8.8838	ok	5	3	ok	ok
55752.411	1280	567	0.438333	0.437037	258.20	52.00	0.297	23.6882	ok	5	3	ok	ok
55769.240	1280	567	0.383594	0.383025	305.25	75.67	0.149	9.9474	ok	4	3	ok	ok
55785.585	1280	567	0.383594	0.383025	305.25	75.67	0.149	22.7265	ok	4	3	ok	ok
55805.234	1280	567	0.383594	0.383025	305.25	75.67	0.149	16.5376	ok	4	3	ok	ok
55821.814	1280	567	0.383594	0.383025	305.25	75.67	0.149	16.6033	ok	4	3	ok	ok
55838.658	1280	567	0.383594	0.383025	305.25	75.67	0.149	17.0689	ok	4	3	ok	ok
55855.573	1280	567	0.383594	0.383025	305.25	75.67	0.149	16.7441	ok	4	3	ok	ok
55872.284	1280	567	0.383594	0.383025	305.25	75.67	0.149	16.6571	ok	4	3	ok	ok
55889.038	1280	567	0.383594	0.383025	305.25	75.67	0.149	16.8341	ok	4	3	ok	ok
55902.379	1280	567	0.383594	0.383025	305.25	75.67	0.149	9.8288	ok	4	3	ok	ok
55918.955	1280	567	0.383594	0.383025	305.25	75.67	0.149	23.3039	ok	4	3	ok	ok
55938.856	1280	567	0.383594	0.383025	305.25	75.67	0.149	16.4768	ok	4	3	ok	ok
55955.221	1280	567	0.383594	0.383025	305.25	75.67	0.149	16.2337	ok	4	3	ok	ok
55971.819	1280	567	0.383594	0.383025	305.25	75.67	0.149	16.9337	ok	4	3	ok	ok
55988.549	1280	567	0.383594	0.383025	305.25	75.67	0.149	16.5065	ok	4	3	ok	ok
56005.210	1280	567	0.383594	0.383025	305.25	75.67	0.149	16.7881	ok	4	3	ok	ok
56022.007	1280	567	0.383594	0.383025	305.25	75.67	0.149	16.7845	ok	4	3	ok	ok
56038.724	1280	567	0.383594	0.383025	305.25	75.67	0.149	16.6282	ok	4	3	ok	ok
56055.931	1280	567	0.383594	0.383025	305.25	75.67	0.149	17.7669	ok	4	3	ok	ok
56072.518	1280	567	0.383594	0.383025	305.25	75.67	0.149	15.3260	ok	4	3	ok	ok
56088.609	1280	567	0.383594	0.383025	305.25	75.67	0.149	16.8239	ok	4	3	ok	ok
56105.465	1280	567	0.383594	0.383025	305.25	75.67	0.149	16.8698	ok	4	3	ok	ok
56122.107	1280	567	0.383594	0.383025	305.25	75.67	0.149	16.3914	ok	4	3	ok	ok
56138.723	1280	567	0.383594	0.383025	305.25	75.67	0.149	16.8284	ok	4	3	ok	ok
56155.351	1280	567	0.383594	0.383025	305.25	75.67	0.149	16.4100	ok	4	3	ok	ok
56172.126	1280	567	0.383594	0.383025	305.25	75.67	0.149	17.1192	ok	4	3	ok	ok
56188.864	1280	567	0.383594	0.383025	305.25	75.67	0.149	16.3369	ok	4	3	ok	ok
56205.331	1280	567	0.383594	0.383025	305.25	75.67	0.149	16.5772	ok	4	3	ok	ok
56222.003	1280	567	0.383594	0.383025	305.25	75.67	0.149	16.7462	ok	4	3	ok	ok
56239.195	1280	567	0.383594	0.383025	305.25	75.67	0.149	17.6171	ok	4	3	ok	ok
56255.804	1280	567	0.383594	0.383025	305.25	75.67	0.149	15.5820	ok	4	3	ok	ok
56272.039	1280	567	0.383594	0.383025	305.25	75.67	0.149	16.8661	ok	4	3	ok	ok
56288.634	1280	567	0.383594	0.383025	305.25	75.67	0.149	16.3039	ok	4	3	ok	ok
56305.142	1280	567	0.383594	0.383025	305.25	75.67	0.149	16.6924	ok	4	3	ok	ok
56321.852	1280	567	0.383594	0.383025	305.25	75.67	0.149	16.7074	ok	4	3	ok	ok
56338.741	1280	567	0.383594	0.383025	305.25	75.67	0.149	17.0477	ok	4	3	ok	ok
56355.464	1280	567	0.383594	0.383025	305.25	75.67	0.149	16.3812	ok	4	3	ok	ok
56371.934	1280	567	0.383594	0.383025	305.25	75.67	0.149	16.5377	ok	4	3	ok	ok
56388.752	1280	567	0.383594	0.383025	305.25	75.67	0.149	17.0843	ok	4	3	ok	ok
56405.544	1280	567	0.383594	0.383025	305.25	75.67	0.149	16.4852	ok	4	3	ok	ok
56422.198	1280	567	0.383594	0.383025	305.25	75.67	0.149	16.8032	ok	4	3	ok	ok
56438.983	1280	567	0.383594	0.383025	305.25	75.67	0.149	16.7440	ok	4	3	ok	ok
56455.488	1280	567	0.383594	0.383025	305.25	75.67	0.149	16.2424	ok	4	3	ok	ok
56471.999	1280	567	0.383594	0.383025	305.25	75.67	0.149	16.7610	ok	4	3	ok	ok
56488.614	1280	567	0.383594	0.383025	305.25	75.67	0.149	16.4487	ok	4	3	ok	ok
56505.136	1280	567	0.383594	0.383025	305.25	75.67	0.149	16.5766	ok	4	3	ok	ok
56521.961	1280	567	0.383594	0.383025	305.25	75.67	0.149	17.0519	ok	4	3	ok	ok
56538.683	1280	567	0.383594	0.383025	305.25	75.67	0.149	16.3728	ok	4	3	ok	ok
56555.279	1280	567	0.383594	0.383025	305.25	75.67	0.149	16.7980	ok	4	3	ok	ok
56572.081	1280	567	0.383594	0.383025	305.25	75.67	0.149	16.7854	ok	4	3	ok	ok
56588.836	1280	567	0.383594	0.383025	305.25	75.67	0.149	16.7055	ok	4	3	ok	ok
56605.502	1280	567	0.383594	0.383025	305.25	75.67	0.149	16.6078	ok	4	3	ok	ok
56622.069	1280	567	0.383594	0.383025	305.25	75.67	0.149	16.5057	ok	4	3	ok	ok
56638.920	1280	567	0.383594	0.383025	305.25	75.67	0.149	17.1826	ok	4	3	ok	ok
56655.595	1280	567	0.383594	0.383025	305.25	75.67	0.149	16.1524	ok	4	3	ok	ok
56672.277	1280	567	0.383594	0.383025	305.25	75.67	0.149	17.1906	ok	4	3	ok	ok
56689.303	1280	567	0.383594	0.383025	305.25	75.67	0.149	16.8409	ok	4	3	ok	ok
56705.675	1280	567	0.383594	0.383025	305.25	75.67	0.149	15.8833	ok	4	3	ok	ok
56722.141	1280	567	0.383594	0.383025	305.25	75.67	0.149	17.0294	ok	4	3	ok	ok
56738.775	1280	567	0.383594	0.383025	305.25	75.67	0.149	16.2174	ok	4	3	ok	ok
56755.698	1280	567	0.383594	0.383025	305.25	75.67	0.149	17.6075	ok	4	3	ok	ok
56772.296	1280	567	0.383594	0.383025	305.25	75.67	0.149	15.5689	ok	4	3	ok	ok
56788.547	1280	567	0.383594	0.383025	305.25	75.67	0.149	16.9130	ok	4	3	ok	ok
56805.389	1280	567	0.383594	0.383025	305.25	75.67	0.149	16.7499	ok	4	3	ok	ok
56821.871	1280	567	0.383594	0.383025	305.25	75.67	0.149	16.1959	ok	4	3	ok	ok
56838.632	1280	567	0.383594	0.383025	305.25	75.67	0.149	17.3041	ok	4	3	ok	ok
56855.445	1280	567	0.383594	0.383025	305.25	75.67	0.149	16.2905	ok	4	3	ok	ok
56872.224	1280	567	0.383594	0.383025	305.25	75.67	0.149	17.2462	ok	4	3	ok	ok
56889.149	1280	567	0.383594	0.383025	305.25	75.67	0.149	16.5874	ok	4	3	ok	ok
56905.671	1280	567	0.383594	0.383025	305.25	75.67	0.149	16.4410	ok	4	3	ok	ok
56922.220	1280	567	0.383594	0.383025	305.25	75.67	0.149	16.6355	ok	4	3	ok	ok
56939.012	1280	567	0.383594	0.383025	305.25	75.67	0.149	16.9297	ok	4	3	ok	ok
56955.519	1280	567	0.383594	0.383025	305.25	75.67	0.149	15.8742	ok	4	3	ok	ok
56971.953	1280	567	0.383594	0.383025	305.25	75.67	0.149	16.9723	ok	4	3	ok	ok
56988.727	1280	567	0.383594	0.383025	305.25	75.67	0.149	16.5549	ok	4	3	ok	ok
57005.532	1280	567	0.383594	0.383025	305.25	75.67	0.149	17.0354	ok	4	3	ok	ok
57022.334	1280	567	0.383594	0.383642	298.25	78.33	0.013	16.4783	ok	4	3	ok	ok
57039.035	1280	567	0.383594	0.383025	292.25	80.67	0.149	16.9010	ok	4	3	ok	ok
57056.388	1280	567	0.383594	0.383025	285.25	81.67	0.149	17.7857	ok	4	3	ok	ok
57069.998	1280	567	0.383594	0.383025	277.25	82.67	0.149	9.4092	ok	4	3	ok	ok
57086.252	1280	567	0.383594	0.383025	267.25	82.67	0.149	23.0783	ok	4	3	ok	ok
57106.213	1280	567	0.383594	0.383025	257.25	82.67	0.149	16.8263	ok	4	3	ok	ok
57121.779	1280	567	0.383594	0.383025	247.25	82.67	0.149	14.2842	ok	4	3	ok	ok
57137.642	1280	567	0.383594	0.383025	237.25	82.67	0.149	17.4193	ok	4	3	ok	ok
57154.525	1280	567	0.383594	0.383025	226.25	82.67	0.149	16.3103	ok	4	3	ok	ok
57171.733	1280	567	0.383594	0.383333	212.25	82.50	0.068	18.0825	ok	4	4	ok	ok
57188.408	1280	567	0.383594	0.383333	209.25	83.50	0.068	15.2457	ok	4	4	ok	ok
57204.570	1280	567	0.383594	0.383333	194.25	84.50	0.068	17.0567	ok	4	4	ok	ok
57221.183	1280	567	0.383594	0.383333	190.25	84.50	0.068	16.1461	ok	4	4	ok	ok
57237.910	1280	567	0.383594	0.383333	182.25	85.50	0.068	17.2863	ok	4	4	ok	ok
57254.507	1280	567	0.383594	0.383333	177.25	86.50	0.068	15.8879	ok	4	4	ok	ok
57271.326	1280	567	0.383594	0.383333	175.25	86.50	0.068	17.7128	ok	4	4	ok	ok
57287.628	1280	567	0.383594	0.383333	174.25	86.50	0.068	14.8691	ok	4	4	ok	ok
57303.388	1280	567	0.383594	0.383333	174.25	86.50	0.068	16.6252	ok	4	4	ok	ok
57320.127	1280	567	0.383594	0.383333	174.25	86.50	0.068	16.8297	ok	4	4	ok	ok
57337.062	1280	567	0.383594	0.383333	174.25	86.50	0.068	17.0209	ok	4	4	ok	ok
57353.616	1280	567	0.383594	0.383333	174.25	86.50	0.068	16.0651	ok	4	4	ok	ok
57370.094	1280	567	0.383594	0.383333	174.25	86.50	0.068	16.8664	ok	4	4	ok	ok
57387.022	1280	567	0.383594	0.383333	174.25	86.50	0.068	16.9751	ok	4	4	ok	ok
57403.516	1280	567	0.383594	0.383333	174.25	86.50	0.068	15.9992	ok	4	4	ok	ok
57419.873	1280	567	0.383594	0.383333	174.25	86.50	0.068	16.6928	ok	4	4	ok	ok
57436.586	1280	567	0.383594	0.383333	174.25	86.50	0.068	16.7163	ok	4	4	ok	ok
57453.130	1280	567	0.383594	0.383333	174.25	86.50	0.068	16.3514	ok	4	4	ok	ok
57469.746	1280	567	0.383594	0.383333	174.25	86.50	0.068	16.8612	ok	4	4	ok	ok
57486.674	1280	567	0.383594	0.383333	174.25	86.50	0.068	16.9736	ok	4	4	ok	ok
57503.383	1280	567	0.383594	0.383333	174.25	86.50	0.068	16.4225	ok	4	4	ok	ok
57520.156	1280	567	0.383594	0.383333	175.25	86.50	0.068	17.1031	ok	4	4	ok	ok
57536.970	1280	567	0.383594	0.383333	180.25	86.50	0.068	16.5016	ok	4	4	ok	ok
57553.836	1280	567	0.383594	0.383333	187.25	86.50	0.068	17.2088	ok	4	4	ok	ok
57570.242	1280	567	0.383594	0.383333	189.25	86.50	0.068	15.5806	ok	4	4	ok	ok
57586.715	1280	567	0.383594	0.383333	189.25	86.50	0.068	17.3456	ok	4	4	ok	ok
57603.711	1280	567	0.383594	0.383333	193.25	86.50	0.068	16.6252	ok	4	4	ok	ok
57620.277	1280	567	0.383594	0.383333	193.25	86.50	0.068	16.4862	ok	4	4	ok	ok
57636.907	1280	567	0.383594	0.383025	221.25	86.67	0.149	16.7538	ok	4	3	ok	ok
57653.692	1280	567	0.383594	0.383025	221.25	86.67	0.149	16.8003	ok	4	3	ok	ok
57670.600	1280	567	0.383594	0.383642	293.25	86.33	0.013	16.9937	ok	4	3	ok	ok
57687.405	1280	567	0.383594	0.383025	370.25	86.67	0.149	16.5967	ok	4	3	ok	ok
57704.797	1280	567	0.383594	0.382870	403.25	86.75	0.189	18.1658	ok	4	4	ok	ok
57721.929	1280	567	0.383594	0.383025	429.25	86.67	0.149	16.0769	ok	4	3	ok	ok
57737.804	1280	567	0.383594	0.383025	429.25	86.67	0.149	15.6514	ok	4	3	ok	ok
57753.890	1280	567	0.383594	0.383025	459.25	86.67	0.149	16.4988	ok	4	3	ok	ok
57770.879	1280	567	0.383594	0.383025	471.25	86.67	0.149	17.4575	ok	4	3	ok	ok
57787.427	1280	567	0.383594	0.383025	473.25	86.67	0.149	15.6146	ok	4	3	ok	ok
57803.599	1280	567	0.383594	0.383025	479.25	86.67	0.149	16.7083	ok	4	3	ok	ok
57820.261	1280	567	0.383594	0.383025	483.25	84.67	0.149	16.5914	ok	4	3	ok	ok
57836.990	1280	567	0.383594	0.383025	488.25	81.67	0.149	16.7149	ok	4	3	ok	ok
57854.123	1280	567	0.383594	0.383025	493.25	78.67	0.149	17.5369	ok	4	3	ok	ok
57870.526	1280	567	0.383594	0.383025	500.25	73.67	0.149	15.2478	ok	4	3	ok	ok
57886.712	1280	567	0.383594	0.383025	505.25	68.67	0.149	17.1076	ok	4	3	ok	ok
57904.433	1280	567	0.383594	0.383025	511.25	61.67	0.149	18.3171	ok	4	3	ok	ok
57921.347	1280	567	0.383333	0.383025	516.50	55.67	0.081	15.4849	ok	4	3	ok	ok
57937.817	1280	567	0.383333	0.383025	520.50	48.67	0.081	17.3231	ok	4	3	ok	ok
57954.202	1280	567	0.383333	0.383025	522.50	40.67	0.081	15.4266	ok	4	3	ok	ok
57970.308	1280	567	0.383333	0.383025	524.50	32.67	0.081	16.7642	ok	4	3	ok	ok
57986.826	1280	567	0.383594	0.383025	524.25	24.67	0.149	16.2507	ok	4	3	ok	ok
58003.782	1280	567	0.383594	0.383025	523.25	17.67	0.149	17.6402	ok	4	3	ok	ok
58020.556	1280	567	0.383594	0.383025	519.25	11.67	0.149	15.8857	ok	4	3	ok	ok
58036.743	1280	567	0.383594	0.383025	513.25	6.67	0.149	16.4660	ok	4	3	ok	ok
58053.465	1280	567	0.383594	0.382407	505.25	3.00	0.310	16.9575	ok	4	2	ok	ok
58070.207	1280	567	0.383594	0.000000	497.25	0.00	0.000	16.5040	x_only	4	0	ok	ends_differ
58086.894	1280	567	0.383594	0.000000	488.25	0.00	0.000	16.8495	x_only	4	0	ok	ends_differ
58103.693	1280	567	0.383594	0.000000	475.25	0.00	0.000	16.7294	x_only	4	0	ok	ends_differ
58120.249	1280	567	0.383594	0.000000	460.25	0.00	0.000	16.3622	x_only	4	0	ok	ends_differ
58137.680	1280	567	0.383594	0.000000	445.25	0.00	0.000	18.4797	x_only	4	0	ok	ends_differ
58154.382	1280	567	0.383594	0.383025	431.25	4.67	0.149	14.9070	ok	4	3	ok	ok
58170.253	1280	567	0.383594	0.383333	420.25	10.50	0.068	16.8160	ok	4	4	ok	ok
58187.276	1280	567	0.383594	0.383333	411.25	15.50	0.068	17.2138	ok	4	4	ok	ok
58204.589	1280	567	0.383594	0.383333	404.25	22.50	0.068	17.3919	ok	4	4	ok	ok
58221.090	1280	567	0.383333	0.383025	400.50	29.67	0.081	15.5891	ok	4	3	ok	ok
58236.968	1280	567	0.383333	0.383025	399.50	37.67	0.081	16.1458	ok	4	3	ok	ok
58253.513	1280	567	0.383333	0.383025	399.50	46.67	0.081	16.9218	ok	4	3	ok	ok
58270.866	1280	567	0.383333	0.383025	399.50	57.67	0.081	17.7625	ok	4	3	ok	ok
58287.692	1280	567	0.383594	0.382870	403.25	66.75	0.189	15.8696	ok	4	4	ok	ok
58304.230	1280	567	0.383594	0.383333	407.25	75.50	0.068	17.1860	ok	4	4	ok	ok
58320.667	1280	567	0.383594	0.383333	412.25	82.50	0.068	15.6641	ok	4	4	ok	ok
58336.705	1280	567	0.383594	0.383333	412.25	82.50	0.068	16.3910	ok	4	4	ok	ok
58353.531	1280	567	0.383646	0.383025	427.20	91.67	0.162	17.2388	ok	5	3	ok	ok
58370.250	1280	567	0.383646	0.383025	436.20	95.67	0.162	16.1766	ok	5	3	ok	ok
58386.944	1280	567	0.383646	0.383025	438.20	95.67	0.162	17.1923	ok	5	3	ok	ok
58403.799	1280	567	0.383437	0.383025	441.40	96.67	0.108	16.4911	ok	5	3	ok	ok
58420.655	1280	567	0.383437	0.383025	444.40	96.67	0.108	17.2020	ok	5	3	ok	ok
58437.198	1280	567	0.383437	0.383025	446.40	96.67	0.108	15.8671	ok	5	3	ok	ok
58454.029	1280	567	0.383437	0.383025	448.40	96.67	0.108	17.7734	ok	5	3	ok	ok
58470.675	1280	567	0.383646	0.383025	448.20	95.67	0.162	15.4980	ok	5	3	ok	ok
58486.364	1280	567	0.383646	0.383025	448.20	95.67	0.162	15.8582	ok	5	3	ok	ok
58502.925	1280	567	0.383646	0.383025	448.20	95.67	0.162	17.2455	ok	5	3	ok	ok
58520.244	1280	567	0.383646	0.383025	448.20	95.67	0.162	17.3733	ok	5	3	ok	ok
58536.787	1280	567	0.431458	0.431481	404.20	75.50	0.005	15.6902	ok	5	4	ok	ok
58553.070	1280	567	0.431458	0.431481	404.20	75.50	0.005	16.8554	ok	5	4	ok	ok
58570.017	1280	567	0.000000	0.000000	0.00	0.00	0.000	17.0183	blind	0	0	ends_differ	ends_differ
58586.835	1280	567	0.000000	0.000000	0.00	0.00	0.000	16.5985	blind	0	0	ends_differ	ends_differ
58603.263	1280	567	0.000000	0.000000	0.00	0.00	0.000	16.2399	blind	0	0	ends_differ	ends_differ
58619.923	1280	567	0.000000	0.000000	0.00	0.00	0.000	17.0617	blind	0	0	ends_differ	ends_differ
58636.799	1280	567	0.000000	0.000000	0.00	0.00	0.000	16.6729	blind	0	0	ends_differ	ends_differ
58653.287	1280	567	0.000000	0.000000	0.00	0.00	0.000	16.2869	blind	0	0	ends_differ	ends_differ
58670.024	1280	567	0.000000	0.000000	0.00	0.00	0.000	17.1697	blind	0	0	ends_differ	ends_differ
58686.829	1280	567	0.000000	0.000000	0.00	0.00	0.000	16.3058	blind	0	0	ends_differ	ends_differ
58703.398	1280	567	0.000000	0.000000	0.00	0.00	0.000	16.8153	blind	0	0	ends_differ	ends_differ
58720.105	1280	567	0.000000	0.000000	0.00	0.00	0.000	16.5785	blind	0	0	ends_differ	ends_differ
58737.462	1280	567	0.000000	0.000000	0.00	0.00	0.000	18.1162	blind	0	0	ends_differ	ends_differ
58754.212	1280	567	0.000000	0.000000	0.00	0.00	0.000	15.3659	blind	0	0	ends_differ	ends_differ
58770.301	1280	567	0.000000	0.000000	0.00	0.00	0.000	16.7934	blind	0	0	ends_differ	ends_differ
58787.052	1280	567	0.000000	0.000000	0.00	0.00	0.000	16.6875	blind	0	0	ends_differ	ends_differ
58803.490	1280	567	0.000000	0.000000	0.00	0.00	0.000	16.1715	blind	0	0	ends_differ	ends_differ
58819.875	1280	567	0.000000	0.000000	0.00	0.00	0.000	16.5802	blind	0	0	ends_differ	ends_differ
58836.587	1280	567	0.000000	0.000000	0.00	0.00	0.000	16.8272	blind	0	0	ends_differ	ends_differ
58853.373	1280	567	0.000000	0.000000	0.00	0.00	0.000	16.7170	blind	0	0	ends_differ	ends_differ
58870.775	1280	567	0.000000	0.000000	0.00	0.00	0.000	18.0693	blind	0	0	ends_differ	ends_differ
58887.468	1280	567	0.000000	0.000000	0.00	0.00	0.000	15.2996	blind	0	0	ends_differ	ends_differ
58903.472	1280	567	0.000000	0.000000	0.00	0.00	0.000	16.6888	blind	0	0	ends_differ	ends_differ
58920.456	1280	567	0.000000	0.000000	0.00	0.00	0.000	17.2599	blind	0	0	ends_differ	ends_differ
58937.025	1280	567	0.000000	0.000000	0.00	0.00	0.000	15.8621	blind	0	0	ends_differ	ends_differ
58953.215	1280	567	0.000000	0.000000	0.00	0.00	0.000	16.4994	blind	0	0	ends_differ	ends_differ
58969.876	1280	567	0.000000	0.000000	0.00	0.00	0.000	16.8058	blind	0	0	ends_differ	ends_differ
58986.482	1280	567	0.000000	0.000000	0.00	0.00	0.000	16.3890	blind	0	0	ends_differ	ends_differ
59003.086	1280	567	0.000000	0.000000	0.00	0.00	0.000	16.8004	blind	0	0	ends_differ	ends_differ
59020.377	1280	567	0.000000	0.000000	0.00	0.00	0.000	17.7627	blind	0	0	ends_differ	ends_differ
59037.045	1280	567	0.000000	0.000000	0.00	0.00	0.000	15.5488	blind	0	0	ends_differ	ends_differ
59053.911	1280	567	0.000000	0.000000	0.00	0.00	0.000	18.1648	blind	0	0	ends_differ	ends_differ
59071.361	1280	567	0.000000	0.000000	0.00	0.00	0.000	16.7149	blind	0	0	ends_differ	ends_differ
59087.501	1280	567	0.000000	0.000000	0.00	0.00	0.000	15.5409	blind	0	0	ends_differ	ends_differ
59103.734	1280	567	0.000000	0.000000	0.00	0.00	0.000	16.8991	blind	0	0	ends_differ	ends_differ
59120.738	1280	567	0.000000	0.000000	0.00	0.00	0.000	17.0873	blind	0	0	ends_differ	ends_differ
59137.227	1280	567	0.000000	0.000000	0.00	0.00	0.000	15.8661	blind	0	0	ends_differ	ends_differ
59153.530	1280	567	0.000000	0.000000	0.00	0.00	0.000	16.7203	blind	0	0	ends_differ	ends_differ
59170.117	1280	567	0.563125	0.000000	165.40	0.00	0.000	16.4345	x_only	5	0	ok	ends_differ
59186.877	1280	567	0.563125	0.000000	132.40	0.00	0.000	17.0617	x_only	5	0	ok	ends_differ
59203.909	1280	567	0.563125	0.000000	100.40	0.00	0.000	16.9822	x_only	5	0	ok	ends_differ
59220.684	1280	567	0.563125	0.000000	71.40	0.00	0.000	16.5471	x_only	5	0	ok	ends_differ
59236.967	1280	567	0.563125	0.000000	51.40	0.00	0.000	15.9979	x_only	5	0	ok	ends_differ
59253.334	1280	567	0.563125	0.000000	51.40	0.00	0.000	16.7133	x_only	5	0	ok	ends_differ
59270.430	1280	567	0.563125	0.000000	18.40	0.00	0.000	17.4576	x_only	5	0	ok	ends_differ
59287.120	1280	567	0.000000	0.000000	0.00	0.00	0.000	15.9015	blind	0	0	ends_differ	ends_differ
59304.033	1280	567	0.000000	0.000000	0.00	0.00	0.000	17.9052	blind	0	0	ends_differ	ends_differ
59320.967	1280	567	0.000000	0.000000	0.00	0.00	0.000	15.9423	blind	0	0	ends_differ	ends_differ
59337.528	1280	567	0.000000	0.000000	0.00	0.00	0.000	17.1674	blind	0	0	ends_differ	ends_differ
59353.969	1280	567	0.000000	0.000000	0.00	0.00	0.000	15.7007	blind	0	0	ends_differ	ends_differ
59370.125	1280	567	0.000000	0.000000	0.00	0.00	0.000	16.5897	blind	0	0	ends_differ	ends_differ
59386.747	1280	567	0.000000	0.000000	0.00	0.00	0.000	16.6371	blind	0	0	ends_differ	ends_differ
59403.386	1280	567	0.000000	0.000000	0.00	0.00	0.000	16.5220	blind	0	0	ends_differ	ends_differ
59420.025	1280	567	0.000000	0.000000	0.00	0.00	0.000	16.7381	blind	0	0	ends_differ	ends_differ
59436.569	1280	567	0.000000	0.000000	0.00	0.00	0.000	16.2728	blind	0	0	ends_differ	ends_differ
59453.502	1280	567	0.000000	0.000000	0.00	0.00	0.000	17.5748	blind	0	0	ends_differ	ends_differ
59470.445	1280	567	0.000000	0.000000	0.00	0.00	0.000	16.2907	blind	0	0	ends_differ	ends_differ
59486.829	1280	567	0.000000	0.000000	0.00	0.00	0.000	16.4573	blind	0	0	ends_differ	ends_differ
59503.272	1280	567	0.000000	0.000000	0.00	0.00	0.000	16.4055	blind	0	0	ends_differ	ends_differ
59519.920	1280	567	0.000000	0.000000	0.00	0.00	0.000	16.8680	blind	0	0	ends_differ	ends_differ
59536.324	1280	567	0.000000	0.000000	0.00	0.00	0.000	15.9224	blind	0	0	ends_differ	ends_differ
59553.360	1280	567	0.000000	0.000000	0.00	0.00	0.000	18.1306	blind	0	0	ends_differ	ends_differ
59570.102	1280	567	0.000000	0.000000	0.00	0.00	0.000	15.3336	blind	0	0	ends_differ	ends_differ
59586.302	1280	567	0.000000	0.000000	0.00	0.00	0.000	17.0478	blind	0	0	ends_differ	ends_differ
59603.232	1280	567	0.000000	0.000000	0.00	0.00	0.000	16.7958	blind	0	0	ends_differ	ends_differ
59619.951	1280	567	0.000000	0.000000	0.00	0.00	0.000	16.6234	blind	0	0	ends_differ	ends_differ
59636.692	1280	567	0.000000	0.000000	0.00	0.00	0.000	16.8404	blind	0	0	ends_differ	ends_differ
59653.395	1280	567	0.000000	0.000000	0.00	0.00	0.000	16.5515	blind	0	0	ends_differ	ends_differ
59670.457	1280	567	0.000000	0.000000	0.00	0.00	0.000	17.5544	blind	0	0	ends_differ	ends_differ
59687.188	1280	567	0.000000	0.000000	0.00	0.00	0.000	15.8916	blind	0	0	ends_differ	ends_differ
59703.389	1280	567	0.000000	0.000000	0.00	0.00	0.000	16.4920	blind	0	0	ends_differ	ends_differ
59720.106	1280	567	0.000000	0.000000	0.00	0.00	0.000	16.9233	blind	0	0	ends_differ	ends_differ
59736.856	1280	567	0.000000	0.000000	0.00	0.00	0.000	16.5597	blind	0	0	ends_differ	ends_differ
59753.299	1280	567	0.000000	0.000000	0.00	0.00	0.000	16.3084	blind	0	0	ends_differ	ends_differ
59770.358	1280	567	0.000000	0.000000	0.00	0.00	0.000	17.7900	blind	0	0	ends_differ	ends_differ
59786.872	1280	567	0.000000	0.000000	0.00	0.00	0.000	15.2213	blind	0	0	ends_differ	ends_differ
59803.290	1280	567	0.000000	0.000000	0.00	0.00	0.000	17.5951	blind	0	0	ends_differ	ends_differ
59819.960	1280	567	0.000000	0.000000	0.00	0.00	0.000	15.7271	blind	0	0	ends_differ	ends_differ
59836.122	1280	567	0.000000	0.000000	0.00	0.00	0.000	16.5838	blind	0	0	ends_differ	ends_differ
59852.917	1280	567	0.000000	0.000000	0.00	0.00	0.000	16.9933	blind	0	0	ends_differ	ends_differ
59869.859	1280	567	0.000000	0.000000	0.00	0.00	0.000	16.8723	blind	0	0	ends_differ	ends_differ
59886.529	1280	567	0.000000	0.000000	0.00	0.00	0.000	16.4527	blind	0	0	ends_differ	ends_differ
59903.050	1280	567	0.000000	0.000000	0.00	0.00	0.000	16.5730	blind	0	0	ends_differ	ends_differ
59919.916	1280	567	0.000000	0.000000	0.00	0.00	0.000	17.1429	blind	0	0	ends_differ	ends_differ
59936.676	1280	567	0.000000	0.000000	0.00	0.00	0.000	16.3589	blind	0	0	ends_differ	ends_differ
59953.328	1280	567	0.000000	0.000000	0.00	0.00	0.000	16.9271	blind	0	0	ends_differ	ends_differ
59969.961	1280	567	0.000000	0.000000	0.00	0.00	0.000	16.3204	blind	0	0	ends_differ	ends_differ
59986.464	1280	567	0.000000	0.000000	0.00	0.00	0.000	16.6662	blind	0	0	ends_differ	ends_differ
60002.947	1280	567	0.000000	0.000000	0.00	0.00	0.000	16.2823	blind	0	0	ends_differ	ends_differ
60020.854	1280	567	0.000000	0.000000	0.00	0.00	0.000	19.5119	blind	0	0	ends_differ	ends_differ
60037.492	1280	567	0.000000	0.000000	0.00	0.00	0.000	13.7443	blind	0	0	ends_differ	ends_differ
60053.055	1280	567	0.000000	0.000000	0.00	0.00	0.000	17.3408	blind	0	0	ends_differ	ends_differ
60069.865	1280	567	0.000000	0.000000	0.00	0.00	0.000	16.2595	blind	0	0	ends_differ	ends_differ
60086.346	1280	567	0.000000	0.000000	0.00	0.00	0.000	16.6832	blind	0	0	ends_differ	ends_differ
60102.927	1280	567	0.000000	0.000000	0.00	0.00	0.000	16.4612	blind	0	0	ends_differ	ends_differ
60119.756	1280	567	0.000000	0.000000	0.00	0.00	0.000	17.1739	blind	0	0	ends_differ	ends_differ
60136.859	1280	567	0.000000	0.000000	0.00	0.00	0.000	16.8791	blind	0	0	ends_differ	ends_differ
60153.576	1280	567	0.000000	0.000000	0.00	0.00	0.000	16.5403	blind	0	0	ends_differ	ends_differ
60169.910	1280	567	0.000000	0.000000	0.00	0.00	0.000	16.1112	blind	0	0	ends_differ	ends_differ
60186.431	1280	567	0.000000	0.000000	0.00	0.00	0.000	16.9019	blind	0	0	ends_differ	ends_differ
60203.066	1280	567	0.000000	0.000000	0.00	0.00	0.000	16.3492	blind	0	0	ends_differ	ends_differ
60219.573	1280	567	0.000000	0.000000	0.00	0.00	0.000	16.6460	blind	0	0	ends_differ	ends_differ
60236.235	1280	567	0.000000	0.000000	0.00	0.00	0.000	16.6562	blind	0	0	ends_differ	ends_differ
60253.107	1280	567	0.000000	0.000000	0.00	0.00	0.000	17.0644	blind	0	0	ends_differ	ends_differ
60269.671	1280	567	0.000000	0.000000	0.00	0.00	0.000	16.0454	blind	0	0	ends_differ	ends_differ
60286.568	1280	567	0.000000	0.000000	0.00	0.00	0.000	17.7214	blind	0	0	ends_differ	ends_differ
60303.240	1280	567	0.000000	0.000000	0.00	0.00	0.000	15.6057	blind	0	0	ends_differ	ends_differ
60319.864	1280	567	0.000000	0.000000	0.00	0.00	0.000	17.6228	blind	0	0	ends_differ	ends_differ
60336.690	1280	567	0.000000	0.000000	0.00	0.00	0.000	16.0170	blind	0	0	ends_differ	ends_differ
60353.039	1280	567	0.000000	0.000000	0.00	0.00	0.000	16.6660	blind	0	0	ends_differ	ends_differ
60369.643	1280	567	0.000000	0.000000	0.00	0.00	0.000	16.5232	blind	0	0	ends_differ	ends_differ
60386.281	1280	567	0.000000	0.000000	0.00	0.00	0.000	16.7278	blind	0	0	ends_differ	ends_differ
60402.989	1280	567	0.000000	0.000000	0.00	0.00	0.000	16.6622	blind	0	0	ends_differ	ends_differ
60419.530	1280	567	0.000000	0.000000	0.00	0.00	0.000	16.4021	blind	0	0	ends_differ	ends_differ
60436.171	1280	567	0.000000	0.000000	0.00	0.00	0.000	16.8628	blind	0	0	ends_differ	ends_differ
60452.970	1280	567	0.000000	0.000000	0.00	0.00	0.000	16.7097	blind	0	0	ends_differ	ends_differ
60469.763	1280	567	0.000000	0.000000	0.00	0.00	0.000	16.8580	blind	0	0	ends_differ	ends_differ
60486.444	1280	567	0.000000	0.000000	0.00	0.00	0.000	16.4813	blind	0	0	ends_differ	ends_differ
60503.725	1280	567	0.000000	0.000000	0.00	0.00	0.000	18.0602	blind	0	0	ends_differ	ends_differ
60520.883	1280	567	0.000000	0.000000	0.00	0.00	0.000	16.2377	blind	0	0	ends_differ	ends_differ
60536.995	1280	567	0.000000	0.000000	0.00	0.00	0.000	15.9681	blind	0	0	ends_differ	ends_differ
60553.483	1280	567	0.000000	0.000000	0.00	0.00	0.000	16.9903	blind	0	0	ends_differ	ends_differ
60570.677	1280	567	0.000000	0.000000	0.00	0.00	0.000	17.3779	blind	0	0	ends_differ	ends_differ
60587.381	1280	567	0.000000	0.000000	0.00	0.00	0.000	16.0125	blind	0	0	ends_differ	ends_differ
60604.037	1280	567	0.000000	0.000000	0.00	0.00	0.000	17.2798	blind	0	0	ends_differ	ends_differ
60620.392	1280	567	0.000000	0.000000	0.00	0.00	0.000	15.4100	blind	0	0	ends_differ	ends_differ
60636.545	1280	567	0.000000	0.000000	0.00	0.00	0.000	16.8767	blind	0	0	ends_differ	ends_differ
60653.878	1280	567	0.000000	0.000000	0.00	0.00	0.000	17.7712	blind	0	0	ends_differ	ends_differ
60670.539	1280	567	0.000000	0.000000	0.00	0.00	0.000	15.5303	blind	0	0	ends_differ	ends_differ
60686.658	1280	567	0.000000	0.000000	0.00	0.00	0.000	16.6861	blind	0	0	ends_differ	ends_differ
60703.426	1280	567	0.000000	0.000000	0.00	0.00	0.000	16.8317	blind	0	0	ends_differ	ends_differ
60719.909	1280	567	0.000000	0.000000	0.00	0.00	0.000	16.1135	blind	0	0	ends_differ	ends_differ
60736.415	1280	567	0.000000	0.000000	0.00	0.00	0.000	16.8789	blind	0	0	ends_differ	ends_differ
60753.295	1280	567	0.000000	0.000000	0.00	0.00	0.000	16.8632	blind	0	0	ends_differ	ends_differ
60770.164	1280	567	0.000000	0.000000	0.00	0.00	0.000	16.8521	blind	0	0	ends_differ	ends_differ
60786.970	1280	567	0.000000	0.000000	0.00	0.00	0.000	16.7389	blind	0	0	ends_differ	ends_differ
60803.319	1280	567	0.000000	0.000000	0.00	0.00	0.000	15.9361	blind	0	0	ends_differ	ends_differ
60819.587	1280	567	0.000000	0.000000	0.00	0.00	0.000	16.5812	blind	0	0	ends_differ	ends_differ
60836.712	1280	567	0.000000	0.000000	0.00	0.00	0.000	17.6495	blind	0	0	ends_differ	ends_differ
60853.601	1280	567	0.000000	0.000000	0.00	0.00	0.000	15.9845	blind	0	0	ends_differ	ends_differ
60869.789	1280	567	0.000000	0.000000	0.00	0.00	0.000	16.3700	blind	0	0	ends_differ	ends_differ
60886.514	1280	567	0.000000	0.000000	0.00	0.00	0.000	17.0638	blind	0	0	ends_differ	ends_differ
60903.141	1280	567	0.000000	0.000000	0.00	0.00	0.000	16.1692	blind	0	0	ends_differ	ends_differ
60919.713	1280	567	0.000000	0.000000	0.00	0.00	0.000	16.9538	blind	0	0	ends_differ	ends_differ
60936.991	1280	567	0.000000	0.000000	0.00	0.00	0.000	17.5858	blind	0	0	ends_differ	ends_differ
60953.504	1280	567	0.000000	0.000000	0.00	0.00	0.000	15.4208	blind	0	0	ends_differ	ends_differ
60969.479	1280	567	0.000000	0.000000	0.00	0.00	0.000	16.5104	blind	0	0	ends_differ	ends_differ
60986.535	1280	567	0.000000	0.000000	0.00	0.00	0.000	17.5847	blind	0	0	ends_differ	ends_differ
61003.217	1280	567	0.000000	0.000000	0.00	0.00	0.000	15.7590	blind	0	0	ends_differ	ends_differ
61019.477	1280	567	0.000000	0.000000	0.00	0.00	0.000	16.7432	blind	0	0	ends_differ	ends_differ
61036.563	1280	567	0.000000	0.000000	0.00	0.00	0.000	17.4103	blind	0	0	ends_differ	ends_differ
61053.261	1280	567	0.000000	0.000000	0.00	0.00	0.000	15.9606	blind	0	0	ends_differ	ends_differ
61069.667	1280	567	0.000000	0.000000	0.00	0.00	0.000	16.8335	blind	0	0	ends_differ	ends_differ
61086.833	1280	567	0.000000	0.000000	0.00	0.00	0.000	17.4845	blind	0	0	ends_differ	ends_differ
61103.589	1280	567	0.000000	0.000000	0.00	0.00	0.000	16.0095	blind	0	0	ends_differ	ends_differ
61120.193	1280	567	0.000000	0.000000	0.00	0.00	0.000	17.1807	blind	0	0	ends_differ	ends_differ
61136.859	1280	567	0.000000	0.000000	0.00	0.00	0.000	16.1303	blind	0	0	ends_differ	ends_differ
61153.091	1280	567	0.000000	0.000000	0.00	0.00	0.000	16.3154	blind	0	0	ends_differ	ends_differ
61169.589	1280	567	0.000000	0.000000	0.00	0.00	0.000	16.6640	blind	0	0	ends_differ	ends_differ
61186.439	1280	567	0.000000	0.000000	0.00	0.00	0.000	17.0125	blind	0	0	ends_differ	ends_differ
61203.067	1280	567	0.000000	0.000000	0.00	0.00	0.000	16.2221	blind	0	0	ends_differ	ends_differ
61219.549	1280	567	0.000000	0.000000	0.00	0.00	0.000	16.7232	blind	0	0	ends_differ	ends_differ
61236.409	1280	567	0.000000	0.000000	0.00	0.00	0.000	16.9772	blind	0	0	ends_differ	ends_differ
61253.101	1280	567	0.000000	0.000000	0.00	0.00	0.000	16.3847	blind	0	0	ends_differ	ends_differ
61269.582	1280	567	0.000000	0.000000	0.00	0.00	0.000	16.5598	blind	0	0	ends_differ	ends_differ
61286.310	1280	567	0.000000	0.000000	0.00	0.00	0.000	16.8787	blind	0	0	ends_differ	ends_differ
61303.131	1280	567	0.000000	0.000000	0.00	0.00	0.000	16.7434	blind	0	0	ends_differ	ends_differ
61319.693	1280	567	0.000000	0.000000	0.00	0.00	0.000	16.3638	blind	0	0	ends_differ	ends_differ
61337.103	1280	567	0.000000	0.000000	0.00	0.00	0.000	18.4446	blind	0	0	ends_differ	ends_differ
61353.733	1280	567	0.000000	0.000000	0.00	0.00	0.000	14.8014	blind	0	0	ends_differ	ends_differ
61369.615	1280	567	0.000000	0.000000	0.00	0.00	0.000	16.9433	blind	0	0	ends_differ	ends_differ
61386.678	1280	567	0.000000	0.000000	0.00	0.00	0.000	17.1637	blind	0	0	ends_differ	ends_differ
61403.419	1280	567	0.000000	0.000000	0.00	0.00	0.000	16.3002	blind	0	0	ends_differ	ends_differ
61419.744	1280	567	0.000000	0.000000	0.00	0.00	0.000	16.3312	blind	0	0	ends_differ	ends_differ
61436.374	1280	567	0.000000	0.000000	0.00	0.00	0.000	16.9128	blind	0	0	ends_differ	ends_differ
61453.057	1280	567	0.000000	0.000000	0.00	0.00	0.000	16.4349	blind	0	0	ends_differ	ends_differ
61469.571	1280	567	0.000000	0.000000	0.00	0.00	0.000	16.5761	blind	0	0	ends_differ	ends_differ
61486.636	1280	567	0.000000	0.000000	0.00	0.00	0.000	17.5361	blind	0	0	ends_differ	ends_differ
61503.333	1280	567	0.000000	0.000000	0.00	0.00	0.000	15.8382	blind	0	0	ends_differ	ends_differ
61519.671	1280	567	0.000000	0.000000	0.00	0.00	0.000	16.8203	blind	0	0	ends_differ	ends_differ
61536.492	1280	567	0.000000	0.000000	0.00	0.00	0.000	16.8036	blind	0	0	ends_differ	ends_differ
61553.372	1280	567	0.000000	0.000000	0.00	0.00	0.000	16.9382	blind	0	0	ends_differ	ends_differ
61569.928	1280	567	0.000000	0.000000	0.00	0.00	0.000	16.0361	blind	0	0	ends_differ	ends_differ
61586.975	1280	567	0.000000	0.000000	0.00	0.00	0.000	18.0402	blind	0	0	ends_differ	ends_differ
61603.593	1280	567	0.000000	0.000000	0.00	0.00	0.000	15.1827	blind	0	0	ends_differ	ends_differ
61619.571	1280	567	0.000000	0.000000	0.00	0.00	0.000	16.7539	blind	0	0	ends_differ	ends_differ
61636.310	1280	567	0.000000	0.000000	0.00	0.00	0.000	16.7032	blind	0	0	ends_differ	ends_differ
61653.044	1280	567	0.000000	0.000000	0.00	0.00	0.000	16.7263	blind	0	0	ends_differ	ends_differ
61669.787	1280	567	0.000000	0.000000	0.00	0.00	0.000	16.7345	blind	0	0	ends_differ	ends_differ
61686.459	1280	567	0.000000	0.000000	0.00	0.00	0.000	16.5927	blind	0	0	ends_differ	ends_differ
61703.351	1280	567	0.000000	0.000000	0.00	0.00	0.000	17.1700	blind	0	0	ends_differ	ends_differ
61720.020	1280	567	0.000000	0.000000	0.00	0.00	0.000	16.1489	blind	0	0	ends_differ	ends_differ
61736.528	1280	567	0.000000	0.000000	0.00	0.00	0.000	16.8495	blind	0	0	ends_differ	ends_differ
61753.112	1280	567	0.000000	0.000000	0.00	0.00	0.000	16.2984	blind	0	0	ends_differ	ends_differ
61769.698	1280	567	0.000000	0.000000	0.00	0.00	0.000	16.8547	blind	0	0	ends_differ	ends_differ
61786.361	1280	567	0.000000	0.000000	0.00	0.00	0.000	16.4513	blind	0	0	ends_differ	ends_differ
61803.228	1280	567	0.000000	0.000000	0.00	0.00	0.000	17.2633	blind	0	0	ends_differ	ends_differ
61819.774	1280	567	0.000000	0.000000	0.00	0.00	0.000	15.8108	blind	0	0	ends_differ	ends_differ
61836.143	1280	567	0.000000	0.000000	0.00	0.00	0.000	16.9118	blind	0	0	ends_differ	ends_differ
61853.445	1280	567	0.000000	0.000000	0.00	0.00	0.000	17.6797	blind	0	0	ends_differ	ends_differ
61870.286	1280	567	0.000000	0.000000	0.00	0.00	0.000	15.9851	blind	0	0	ends_differ	ends_differ
61886.538	1280	567	0.000000	0.000000	0.00	0.00	0.000	16.5062	blind	0	0	ends_differ	ends_differ
61903.208	1280	567	0.000000	0.000000	0.00	0.00	0.000	16.8190	blind	0	0	ends_differ	ends_differ
61919.828	1280	567	0.000000	0.000000	0.00	0.00	0.000	16.4017	blind	0	0	ends_differ	ends_differ
61936.982	1280	567	0.000000	0.000000	0.00	0.00	0.000	17.8890	blind	0	0	ends_differ	ends_differ
61953.556	1280	567	0.000000	0.000000	0.00	0.00	0.000	15.2421	blind	0	0	ends_differ	ends_differ
61969.593	1280	567	0.000000	0.000000	0.00	0.00	0.000	16.8127	blind	0	0	ends_differ	ends_differ
61986.445	1280	567	0.000000	0.000000	0.00	0.00	0.000	16.8719	blind	0	0	ends_differ	ends_differ
62003.191	1280	567	0.000000	0.000000	0.00	0.00	0.000	16.6025	blind	0	0	ends_differ	ends_differ
62019.623	1280	567	0.000000	0.000000	0.00	0.00	0.000	16.2437	blind	0	0	ends_differ	ends_differ
62036.187	1280	567	0.000000	0.000000	0.00	0.00	0.000	16.8648	blind	0	0	ends_differ	ends_differ
62052.947	1280	567	0.000000	0.000000	0.00	0.00	0.000	16.6364	blind	0	0	ends_differ	ends_differ
62069.713	1280	567	0.000000	0.000000	0.00	0.00	0.000	16.8765	blind	0	0	ends_differ	ends_differ
62086.611	1280	567	0.000000	0.000000	0.00	0.00	0.000	16.9001	blind	0	0	ends_differ	ends_differ
62103.266	1280	567	0.000000	0.000000	0.00	0.00	0.000	16.3923	blind	0	0	ends_differ	ends_differ
62119.848	1280	567	0.000000	0.000000	0.00	0.00	0.000	16.7521	blind	0	0	ends_differ	ends_differ
62136.466	1280	567	0.000000	0.000000	0.00	0.00	0.000	16.4682	blind	0	0	ends_differ	ends_differ
62153.498	1280	567	0.000000	0.000000	0.00	0.00	0.000	17.5803	blind	0	0	ends_differ	ends_differ
62170.091	1280	567	0.000000	0.000000	0.00	0.00	0.000	15.5865	blind	0	0	ends_differ	ends_differ
62186.843	1280	567	0.000000	0.000000	0.00	0.00	0.000	17.9041	blind	0	0	ends_differ	ends_differ
62203.930	1280	567	0.000000	0.000000	0.00	0.00	0.000	16.2507	blind	0	0	ends_differ	ends_differ
62220.079	1280	567	0.000000	0.000000	0.00	0.00	0.000	16.0210	blind	0	0	ends_differ	ends_differ
62236.406	1280	567	0.000000	0.000000	0.00	0.00	0.000	16.6158	blind	0	0	ends_differ	ends_differ
62253.077	1280	567	0.000000	0.000000	0.00	0.00	0.000	16.7052	blind	0	0	ends_differ	ends_differ
62269.782	1280	567	0.000000	0.000000	0.00	0.00	0.000	16.6861	blind	0	0	ends_differ	ends_differ
62286.320	1280	567	0.000000	0.000000	0.00	0.00	0.000	16.2405	blind	0	0	ends_differ	ends_differ
62303.019	1280	567	0.000000	0.000000	0.00	0.00	0.000	17.1398	blind	0	0	ends_differ	ends_differ
62319.750	1280	567	0.000000	0.000000	0.00	0.00	0.000	16.3028	blind	0	0	ends_differ	ends_differ
62336.227	1280	567	0.000000	0.000000	0.00	0.00	0.000	16.6349	blind	0	0	ends_differ	ends_differ
62353.292	1280	567	0.000000	0.000000	0.00	0.00	0.000	17.4755	blind	0	0	ends_differ	ends_differ
62369.929	1280	567	0.000000	0.000000	0.00	0.00	0.000	15.7808	blind	0	0	ends_differ	ends_differ
62386.233	1280	567	0.000000	0.000000	0.00	0.00	0.000	16.8086	blind	0	0	ends_differ	ends_differ
62403.107	1280	567	0.000000	0.000000	0.00	0.00	0.000	16.9286	blind	0	0	ends_differ	ends_differ
62419.744	1280	567	0.000000	0.000000	0.00	0.00	0.000	16.3280	blind	0	0	ends_differ	ends_differ
62436.689	1280	567	0.000000	0.000000	0.00	0.00	0.000	17.5358	blind	0	0	ends_differ	ends_differ
62453.335	1280	567	0.000000	0.000000	0.00	0.00	0.000	15.7365	blind	0	0	ends_differ	ends_differ
62469.601	1280	567	0.000000	0.000000	0.00	0.00	0.000	16.7769	blind	0	0	ends_differ	ends_differ
62486.461	1280	567	0.000000	0.000000	0.00	0.00	0.000	16.9173	blind	0	0	ends_differ	ends_differ
62503.197	1280	567	0.000000	0.000000	0.00	0.00	0.000	16.5372	blind	0	0	ends_differ	ends_differ
62519.674	1280	567	0.000000	0.000000	0.00	0.00	0.000	16.3972	blind	0	0	ends_differ	ends_differ
62536.246	1280	567	0.000000	0.000000	0.00	0.00	0.000	16.7283	blind	0	0	ends_differ	ends_differ
62553.041	1280	567	0.000000	0.000000	0.00	0.00	0.000	16.8432	blind	0	0	ends_differ	ends_differ
62570.306	1280	567	0.000000	0.000000	0.00	0.00	0.000	17.6681	blind	0	0	ends_differ	ends_differ
62586.965	1280	567	0.000000	0.000000	0.00	0.00	0.000	15.6319	blind	0	0	ends_differ	ends_differ
62603.244	1280	567	0.000000	0.000000	0.00	0.00	0.000	16.9068	blind	0	0	ends_differ	ends_differ
62619.781	1280	567	0.000000	0.000000	0.00	0.00	0.000	16.1483	blind	0	0	ends_differ	ends_differ
62636.205	1280	567	0.000000	0.000000	0.00	0.00	0.000	16.6658	blind	0	0	ends_differ	ends_differ
62652.918	1280	567	0.000000	0.000000	0.00	0.00	0.000	16.7444	blind	0	0	ends_differ	ends_differ
62669.612	1280	567	0.000000	0.000000	0.00	0.00	0.000	16.6241	blind	0	0	ends_differ	ends_differ
62686.341	1280	567	0.000000	0.000000	0.00	0.00	0.000	16.8209	blind	0	0	ends_differ	ends_differ
62703.170	1280	567	0.000000	0.000000	0.00	0.00	0.000	16.8160	blind	0	0	ends_differ	ends_differ
62719.909	1280	567	0.000000	0.000000	0.00	0.00	0.000	16.6437	blind	0	0	ends_differ	ends_differ
62736.706	1280	567	0.000000	0.000000	0.00	0.00	0.000	16.9310	blind	0	0	ends_differ	ends_differ
62753.433	1280	567	0.000000	0.000000	0.00	0.00	0.000	16.5042	blind	0	0	ends_differ	ends_differ
62770.511	1280	567	0.000000	0.000000	0.00	0.00	0.000	17.6334	blind	0	0	ends_differ	ends_differ
62787.047	1280	567	0.000000	0.000000	0.00	0.00	0.000	15.4188	blind	0	0	ends_differ	ends_differ
62803.152	1280	567	0.000000	0.000000	0.00	0.00	0.000	16.7711	blind	0	0	ends_differ	ends_differ
62819.782	1280	567	0.000000	0.000000	0.00	0.00	0.000	16.4702	blind	0	0	ends_differ	ends_differ
62836.261	1280	567	0.000000	0.000000	0.00	0.00	0.000	16.4686	blind	0	0	ends_differ	ends_differ
62853.367	1280	567	0.000000	0.000000	0.00	0.00	0.000	17.7253	blind	0	0	ends_differ	ends_differ
62870.300	1280	567	0.000000	0.000000	0.00	0.00	0.000	16.1225	blind	0	0	ends_differ	ends_differ
62887.562	1280	567	0.000000	0.000000	0.00	0.00	0.000	18.3825	blind	0	0	ends_differ	ends_differ
62904.296	1280	567	0.000000	0.000000	0.00	0.00	0.000	15.0699	blind	0	0	ends_differ	ends_differ
62920.619	1280	567	0.000000	0.000000	0.00	0.00	0.000	17.5568	blind	0	0	ends_differ	ends_differ
62938.897	1280	567	0.000000	0.000000	0.00	0.00	0.000	18.9846	blind	0	0	ends_differ	ends_differ
62952.648	1280	567	0.000000	0.000000	0.00	0.00	0.000	8.4995	blind	0	0	ends_differ	ends_differ
62968.336	1280	567	0.000000	0.000000	0.00	0.00	0.000	22.8631	blind	0	0	ends_differ	ends_differ
62988.474	1280	567	0.500521	0.000000	10.50	0.00	0.000	17.3922	x_only	4	0	ok	ends_differ
63002.194	1280	567	0.500521	0.000000	10.50	0.00	0.000	9.9723	x_only	4	0	ok	ends_differ
63018.871	1280	567	0.500521	0.000000	10.50	0.00	0.000	23.3642	x_only	4	0	ok	ends_differ
63038.534	1280	567	0.500521	0.000000	10.50	0.00	0.000	15.9424	x_only	4	0	ok	ends_differ
63054.859	1280	567	0.500521	0.000000	10.50	0.00	0.000	16.6864	x_only	4	0	ok	ends_differ
63071.414	1280	567	0.500521	0.000000	10.50	0.00	0.000	16.4031	x_only	4	0	ok	ends_differ
63088.108	1280	567	0.500521	0.000000	10.50	0.00	0.000	16.9626	x_only	4	0	ok	ends_differ
63104.960	1280	567	0.500521	0.000000	10.50	0.00	0.000	16.7211	x_only	4	0	ok	ends_differ
63121.614	1280	567	0.500521	0.000000	10.50	0.00	0.000	16.5670	x_only	4	0	ok	ends_differ
63138.677	1280	567	0.500521	0.000000	10.50	0.00	0.000	17.5408	x_only	4	0	ok	ends_differ
63155.390	1280	567	0.500521	0.000000	10.50	0.00	0.000	15.8706	x_only	4	0	ok	ends_differ
63171.553	1280	567	0.500521	0.000000	10.50	0.00	0.000	16.4343	x_only	4	0	ok	ends_differ
63188.225	1280	567	0.500521	0.000000	10.50	0.00	0.000	16.8905	x_only	4	0	ok	ends_differ
63204.929	1280	567	0.500521	0.000000	10.50	0.00	0.000	16.4989	x_only	4	0	ok	ends_differ
63221.691	1280	567	0.500521	0.000000	10.50	0.00	0.000	17.0014	x_only	4	0	ok	ends_differ
63238.257	1280	567	0.500521	0.000000	10.50	0.00	0.000	16.1122	x_only	4	0	ok	ends_differ
63254.774	1280	567	0.500521	0.000000	10.50	0.00	0.000	16.8872	x_only	4	0	ok	ends_differ
63271.523	1280	567	0.500521	0.000000	10.50	0.00	0.000	16.5920	x_only	4	0	ok	ends_differ
63288.317	1280	567	0.500521	0.000000	10.50	0.00	0.000	16.9748	x_only	4	0	ok	ends_differ
63305.031	1280	567	0.500521	0.000000	10.50	0.00	0.000	16.3988	x_only	4	0	ok	ends_differ
63321.418	1280	567	0.500521	0.000000	10.50	0.00	0.000	16.3551	x_only	4	0	ok	ends_differ
63338.150	1280	567	0.500521	0.000000	10.50	0.00	0.000	17.0885	x_only	4	0	ok	ends_differ
63354.980	1280	567	0.500521	0.000000	10.50	0.00	0.000	16.5516	x_only	4	0	ok	ends_differ
63372.074	1280	567	0.500521	0.000000	10.50	0.00	0.000	17.6163	x_only	4	0	ok	ends_differ
63388.975	1280	567	0.500521	0.000000	10.50	0.00	0.000	16.1714	x_only	4	0	ok	ends_differ
63405.265	1280	567	0.500521	0.000000	10.50	0.00	0.000	16.3959	x_only	4	0	ok	ends_differ
63421.672	1280	567	0.500521	0.000000	10.50	0.00	0.000	16.3993	x_only	4	0	ok	ends_differ
63438.388	1280	567	0.500521	0.000000	10.50	0.00	0.000	17.0213	x_only	4	0	ok	ends_differ
63454.979	1280	567	0.500521	0.000000	10.50	0.00	0.000	16.1408	x_only	4	0	ok	ends_differ
63471.630	1280	567	0.500521	0.000000	10.50	0.00	0.000	17.1286	x_only	4	0	ok	ends_differ
63488.158	1280	567	0.500521	0.000000	10.50	0.00	0.000	15.9067	x_only	4	0	ok	ends_differ
63504.866	1280	567	0.500521	0.000000	10.50	0.00	0.000	17.4874	x_only	4	0	ok	ends_differ
63521.838	1280	567	0.500521	0.000000	10.50	0.00	0.000	16.4369	x_only	4	0	ok	ends_differ
63538.295	1280	567	0.500521	0.000000	10.50	0.00	0.000	16.4569	x_only	4	0	ok	ends_differ
63554.823	1280	567	0.500521	0.000000	10.50	0.00	0.000	16.5798	x_only	4	0	ok	ends_differ
63571.423	1280	567	0.500521	0.000000	10.50	0.00	0.000	16.6008	x_only	4	0	ok	ends_differ
63588.337	1280	567	0.500521	0.000000	10.50	0.00	0.000	17.2069	x_only	4	0	ok	ends_differ
63605.148	1280	567	0.500521	0.000000	10.50	0.00	0.000	16.3944	x_only	4	0	ok	ends_differ
63621.470	1280	567	0.500521	0.000000	10.50	0.00	0.000	16.2300	x_only	4	0	ok	ends_differ
63638.221	1280	567	0.500521	0.000000	10.50	0.00	0.000	17.2505	x_only	4	0	ok	ends_differ
63655.089	1280	567	0.500521	0.000000	10.50	0.00	0.000	16.4677	x_only	4	0	ok	ends_differ
63671.732	1280	567	0.500521	0.000000	10.50	0.00	0.000	16.7895	x_only	4	0	ok	ends_differ
63688.475	1280	567	0.500521	0.000000	10.50	0.00	0.000	16.6704	x_only	4	0	ok	ends_differ
63705.223	1280	567	0.500521	0.000000	10.50	0.00	0.000	16.8045	x_only	4	0	ok	ends_differ
63721.867	1280	567	0.500521	0.000000	10.50	0.00	0.000	16.4621	x_only	4	0	ok	ends_differ
63738.521	1280	567	0.500521	0.000000	10.50	0.00	0.000	16.8274	x_only	4	0	ok	ends_differ
63755.731	1280	567	0.500521	0.000000	10.50	0.00	0.000	17.5713	x_only	4	0	ok	ends_differ
63772.332	1280	567	0.500521	0.000000	10.50	0.00	0.000	15.6111	x_only	4	0	ok	ends_differ
63788.377	1280	567	0.500521	0.000000	10.50	0.00	0.000	16.4035	x_only	4	0	ok	ends_differ
63804.957	1280	567	0.500521	0.000000	10.50	0.00	0.000	16.7424	x_only	4	0	ok	ends_differ
63821.522	1280	567	0.500521	0.000000	10.50	0.00	0.000	16.3677	x_only	4	0	ok	ends_differ
63838.284	1280	567	0.500521	0.000000	10.50	0.00	0.000	17.1435	x_only	4	0	ok	ends_differ
63855.064	1280	567	0.500521	0.000000	10.50	0.00	0.000	16.3878	x_only	4	0	ok	ends_differ
63871.857	1280	567	0.500521	0.000000	10.50	0.00	0.000	17.1774	x_only	4	0	ok	ends_differ
63888.549	1280	567	0.500521	0.000000	10.50	0.00	0.000	16.1914	x_only	4	0	ok	ends_differ
63905.284	1280	567	0.500521	0.000000	10.50	0.00	0.000	17.2638	x_only	4	0	ok	ends_differ
63922.156	1280	567	0.500521	0.000000	10.50	0.00	0.000	16.4583	x_only	4	0	ok	ends_differ
63938.766	1280	567	0.500521	0.000000	10.50	0.00	0.000	16.7419	x_only	4	0	ok	ends_differ
63955.447	1280	567	0.500521	0.000000	10.50	0.00	0.000	16.6011	x_only	4	0	ok	ends_differ
63972.018	1280	567	0.500521	0.000000	10.50	0.00	0.000	16.5220	x_only	4	0	ok	ends_differ
63988.553	1280	567	0.500521	0.000000	10.50	0.00	0.000	16.5289	x_only	4	0	ok	ends_differ
64005.496	1280	567	0.500521	0.000000	10.50	0.00	0.000	17.3374	x_only	4	0	ok	ends_differ
64021.958	1280	567	0.500521	0.000000	10.50	0.00	0.000	15.5644	x_only	4	0	ok	ends_differ
64038.410	1280	567	0.500521	0.000000	10.50	0.00	0.000	17.3189	x_only	4	0	ok	ends_differ
64055.268	1280	567	0.500521	0.000000	10.50	0.00	0.000	16.3760	x_only	4	0	ok	ends_differ
64072.010	1280	567	0.500521	0.000000	10.50	0.00	0.000	17.0866	x_only	4	0	ok	ends_differ
64088.828	1280	567	0.500521	0.000000	10.50	0.00	0.000	16.5293	x_only	4	0	ok	ends_differ
64105.322	1280	567	0.500521	0.000000	10.50	0.00	0.000	16.4386	x_only	4	0	ok	ends_differ
64121.833	1280	567	0.500521	0.000000	10.50	0.00	0.000	16.5647	x_only	4	0	ok	ends_differ
64138.718	1280	567	0.500521	0.000000	10.50	0.00	0.000	17.1848	x_only	4	0	ok	ends_differ
64155.515	1280	567	0.500521	0.000000	10.50	0.00	0.000	16.3896	x_only	4	0	ok	ends_differ
64171.918	1280	567	0.500521	0.000000	10.50	0.00	0.000	16.3969	x_only	4	0	ok	ends_differ
64188.648	1280	567	0.500521	0.000000	10.50	0.00	0.000	17.0499	x_only	4	0	ok	ends_differ
64205.404	1280	567	0.500521	0.000000	10.50	0.00	0.000	16.4409	x_only	4	0	ok	ends_differ
64221.951	1280	567	0.500521	0.000000	10.50	0.00	0.000	16.6366	x_only	4	0	ok	ends_differ
64238.767	1280	567	0.500521	0.000000	10.50	0.00	0.000	16.9775	x_only	4	0	ok	ends_differ
64255.339	1280	567	0.500521	0.000000	10.50	0.00	0.000	16.1455	x_only	4	0	ok	ends_differ
64271.741	1280	567	0.500521	0.000000	10.50	0.00	0.000	16.6402	x_only	4	0	ok	ends_differ
64288.533	1280	567	0.500521	0.000000	10.50	0.00	0.000	16.9234	x_only	4	0	ok	ends_differ
64305.331	1280	567	0.500521	0.000000	10.50	0.00	0.000	16.6530	x_only	4	0	ok	ends_differ
64321.777	1280	567	0.500521	0.000000	10.50	0.00	0.000	16.2177	x_only	4	0	ok	ends_differ
64338.680	1280	567	0.500521	0.000000	10.50	0.00	0.000	17.5691	x_only	4	0	ok	ends_differ
64355.611	1280	567	0.500521	0.000000	10.50	0.00	0.000	16.2690	x_only	4	0	ok	ends_differ
64371.982	1280	567	0.500521	0.000000	10.50	0.00	0.000	16.4538	x_only	4	0	ok	ends_differ
64389.504	1280	567	0.500521	0.000000	10.50	0.00	0.000	18.5694	x_only	4	0	ok	ends_differ
64403.028	1280	567	0.500521	0.000000	10.50	0.00	0.000	8.4581	x_only	4	0	ok	ends_differ
64418.685	1280	567	0.500521	0.000000	10.50	0.00	0.000	22.8400	x_only	4	0	ok	ends_differ
64438.609	1280	567	0.500521	0.000000	10.50	0.00	0.000	16.9760	x_only	4	0	ok	ends_differ
64455.433	1280	567	0.500521	0.000000	10.50	0.00	0.000	16.6524	x_only	4	0	ok	ends_differ
64472.029	1280	567	0.500521	0.000000	10.50	0.00	0.000	16.5164	x_only	4	0	ok	ends_differ
64488.647	1280	567	0.500521	0.000000	10.50	0.00	0.000	16.7000	x_only	4	0	ok	ends_differ
64505.216	1280	567	0.500521	0.000000	10.50	0.00	0.000	16.4158	x_only	4	0	ok	ends_differ
64521.640	1280	567	0.500521	0.000000	10.50	0.00	0.000	16.4127	x_only	4	0	ok	ends_differ
64538.334	1280	567	0.500521	0.000000	10.50	0.00	0.000	16.9547	x_only	4	0	ok	ends_differ
64555.320	1280	567	0.500521	0.000000	10.50	0.00	0.000	16.9437	x_only	4	0	ok	ends_differ
64572.338	1280	567	0.500521	0.000000	10.50	0.00	0.000	17.0712	x_only	4	0	ok	ends_differ
64585.819	1280	567	0.500521	0.000000	10.50	0.00	0.000	9.8689	x_only	4	0	ok	ends_differ
64602.258	1280	567	0.500521	0.000000	10.50	0.00	0.000	22.9935	x_only	4	0	ok	ends_differ
64621.818	1280	567	0.500521	0.000000	10.50	0.00	0.000	16.1077	x_only	4	0	ok	ends_differ
64638.899	1280	567	0.500521	0.000000	10.50	0.00	0.000	18.0400	x_only	4	0	ok	ends_differ
64652.570	1280	567	0.500521	0.000000	10.50	0.00	0.000	9.2875	x_only	4	0	ok	ends_differ
64668.767	1280	567	0.500521	0.000000	10.50	0.00	0.000	23.0901	x_only	4	0	ok	ends_differ
64688.722	1280	567	0.500521	0.000000	10.50	0.00	0.000	16.8025	x_only	4	0	ok	ends_differ
64705.288	1280	567	0.500521	0.000000	10.50	0.00	0.000	16.3101	x_only	4	0	ok	ends_differ
64721.796	1280	567	0.500521	0.000000	10.50	0.00	0.000	16.6880	x_only	4	0	ok	ends_differ
64738.632	1280	567	0.500521	0.000000	10.50	0.00	0.000	16.9633	x_only	4	0	ok	ends_differ
64755.602	1280	567	0.500521	0.000000	10.50	0.00	0.000	16.9554	x_only	4	0	ok	ends_differ
64772.424	1280	567	0.500521	0.000000	10.50	0.00	0.000	16.6685	x_only	4	0	ok	ends_differ
64789.523	1280	567	0.500521	0.000000	10.50	0.00	0.000	17.5090	x_only	4	0	ok	ends_differ
64806.108	1280	567	0.500521	0.000000	10.50	0.00	0.000	15.6404	x_only	4	0	ok	ends_differ
64822.171	1280	567	0.500521	0.000000	10.50	0.00	0.000	16.4648	x_only	4	0	ok	ends_differ
64838.743	1280	567	0.500521	0.000000	10.50	0.00	0.000	16.6540	x_only	4	0	ok	ends_differ
64855.399	1280	567	0.500521	0.000000	10.50	0.00	0.000	16.6361	x_only	4	0	ok	ends_differ
64871.940	1280	567	0.500521	0.000000	10.50	0.00	0.000	16.4237	x_only	4	0	ok	ends_differ
64889.155	1280	567	0.500521	0.000000	10.50	0.00	0.000	17.9924	x_only	4	0	ok	ends_differ
64905.792	1280	567	0.500521	0.000000	10.50	0.00	0.000	15.2449	x_only	4	0	ok	ends_differ
64921.976	1280	567	0.500521	0.000000	10.50	0.00	0.000	17.1035	x_only	4	0	ok	ends_differ
64938.774	1280	567	0.500521	0.000000	10.50	0.00	0.000	16.4708	x_only	4	0	ok	ends_differ
64955.223	1280	567	0.500521	0.000000	10.50	0.00	0.000	16.4083	x_only	4	0	ok	ends_differ
64971.968	1280	567	0.500521	0.000000	10.50	0.00	0.000	17.0622	x_only	4	0	ok	ends_differ
64988.734	1280	567	0.500521	0.000000	10.50	0.00	0.000	16.4486	x_only	4	0	ok	ends_differ
65005.264	1280	567	0.500521	0.000000	10.50	0.00	0.000	16.5917	x_only	4	0	ok	ends_differ
65022.003	1280	567	0.500521	0.000000	10.50	0.00	0.000	16.8667	x_only	4	0	ok	ends_differ
