# onion skin A3e/A3f paint log
# comp	1920	1080
# stale_ms	100.0
t_ms	src_t_ms	tx	ty	sx	have_stale	stale_t_ms	stale_tx	stale_ty	paint_ms	trust
5045.238					0				0.0	hidden
5084.562	5067.330	295.33	125.67	0.334028	0	-9999.000	-9999.00	-9999.00	2.2522	ok
5102.399	5086.071	295.33	125.67	0.334028	0	-9999.000	-9999.00	-9999.00	1.3553	ok
5123.833	5102.927	295.33	125.67	0.334028	0	-9999.000	-9999.00	-9999.00	1.0842	ok
5139.344	5122.888	295.33	125.67	0.334028	0	-9999.000	-9999.00	-9999.00	1.0830	ok
5171.404	5155.578	295.33	125.67	0.334028	1	5067.330	295.33	125.67	1.0038	ok
5201.280	5189.128	295.33	125.67	0.334028	1	5086.071	295.33	125.67	1.0361	ok
5218.078	5206.412	295.33	125.67	0.334028	1	5102.927	295.33	125.67	1.0331	ok
5251.366	5238.949	295.33	125.67	0.334028	1	5138.971	295.33	125.67	1.0957	ok
5267.523	5256.029	295.33	125.67	0.334028	1	5155.578	295.33	125.67	1.0057	ok
5299.480	5289.035	295.33	125.67	0.334028	1	5189.128	295.33	125.67	0.9595	ok
5332.028	5322.461	295.33	125.67	0.334028	1	5222.774	295.33	125.67	0.9971	ok
5348.173	5322.461	295.33	125.67	0.334028	1	5238.949	295.33	125.67	0.9491	ok
5372.996	5353.052	295.33	125.67	0.334028	1	5272.681	295.33	125.67	1.0947	ok
5389.069	5369.267	295.33	125.67	0.334028	1	5289.035	295.33	125.67	1.2431	ok
5428.132	5405.889	295.33	125.67	0.334028	1	5322.461	295.33	125.67	1.1124	ok
5451.340	5438.919	295.33	125.67	0.334028	1	5339.523	295.33	125.67	1.0723	ok
5467.932	5455.673	295.33	125.67	0.334028	1	5353.052	295.33	125.67	0.9976	ok
5501.293	5489.458	295.33	125.67	0.334028	1	5389.089	295.33	125.67	1.0622	ok
5523.528	5502.887	295.33	125.67	0.334028	1	5422.457	295.33	125.67	1.1273	ok
5555.370	5535.970	295.33	125.67	0.334028	1	5438.919	295.33	125.67	1.1555	ok
5576.289	5552.437	295.33	125.67	0.334028	1	5472.454	295.33	125.67	1.0453	ok
5592.380	5572.279	295.33	125.67	0.334028	1	5489.458	295.33	125.67	1.1158	ok
5624.412	5602.931	295.33	125.67	0.334028	1	5519.399	295.33	125.67	1.1466	ok
5640.308	5619.087	295.33	125.67	0.334028	1	5535.970	295.33	125.67	1.1551	ok
5671.220	5652.769	295.33	125.67	0.334028	1	5552.437	295.33	125.67	0.9636	ok
5701.200	5688.945	295.33	125.67	0.334028	1	5589.417	295.33	125.67	1.1478	ok
5718.158	5706.144	295.33	125.67	0.334028	1	5602.931	295.33	125.67	1.0037	ok
5750.193	5739.070	295.33	125.67	0.334028	1	5639.327	295.33	125.67	1.0027	ok
5767.929	5755.808	295.33	125.67	0.334028	1	5652.769	295.33	125.67	1.5742	ok
5795.342	5772.368	295.33	125.67	0.334028	1	5688.945	295.33	125.67	1.1177	ok
5827.350	5805.460	295.33	125.67	0.334028	1	5722.773	295.33	125.67	1.1166	ok
5843.542	5822.237	295.33	125.67	0.334028	1	5739.070	295.33	125.67	1.3429	ok
5875.280	5856.133	295.33	125.67	0.334028	1	5772.368	295.33	125.67	1.1571	ok
5891.905	5872.612	295.33	125.67	0.334028	1	5788.863	295.33	125.67	1.0919	ok
5922.522	5906.034	295.33	125.67	0.334028	1	5822.237	295.33	125.67	1.1561	ok
5951.283	5939.033	295.33	125.67	0.334028	1	5839.169	295.33	125.67	1.2344	ok
5968.184	5955.759	295.33	125.67	0.334028	1	5856.133	295.33	125.67	1.4797	ok
6000.365	5989.130	295.33	125.67	0.334028	1	5889.151	295.33	125.67	0.9636	ok
6016.316	6005.885	295.33	125.67	0.334028	1	5906.034	295.33	125.67	0.9855	ok
6048.371	6038.972	295.33	125.67	0.334028	1	5939.033	295.33	125.67	1.2867	ok
6078.980	6055.889	295.33	125.67	0.334028	1	5972.303	295.33	125.67	1.1269	ok
6095.158	6072.637	295.33	125.67	0.334028	1	5989.130	295.33	125.67	1.0822	ok
6123.465	6106.259	295.33	125.67	0.334028	1	6022.190	295.33	125.67	1.0769	ok
6142.058	6124.223	295.33	125.67	0.334028	1	6038.972	295.33	125.67	1.2109	ok
6173.130	6156.405	295.33	125.67	0.334028	1	6072.637	295.33	125.67	1.1192	ok
6201.246	6188.888	295.33	125.67	0.334028	1	6089.281	295.33	125.67	1.0579	ok
6218.119	6206.057	295.33	125.67	0.334028	1	6106.259	295.33	125.67	1.0132	ok
6250.336	6238.957	295.33	125.67	0.334028	1	6140.895	295.33	125.67	1.2461	ok
6266.268	6255.457	295.33	125.67	0.334028	1	6156.405	295.33	125.67	0.9946	ok
6297.355	6272.335	295.33	125.67	0.334028	1	6188.888	295.33	125.67	0.9843	ok
6328.258	6305.950	295.33	125.67	0.334028	1	6222.857	295.33	125.67	1.0335	ok
6344.533	6322.581	295.33	125.67	0.334028	1	6238.957	295.33	125.67	1.1035	ok
6376.529	6356.109	295.33	125.67	0.334028	1	6272.335	295.33	125.67	1.1876	ok
6392.103	6372.520	295.33	125.67	0.334028	1	6289.237	295.33	125.67	1.0335	ok
6419.911	6402.721	295.33	125.67	0.334028	1	6305.950	295.33	125.67	0.9579	ok
6451.743	6439.028	295.33	125.67	0.334028	1	6339.357	295.33	125.67	0.9631	ok
6468.015	6455.562	295.33	125.67	0.334028	1	6356.109	295.33	125.67	0.9682	ok
6500.080	6489.316	295.33	125.67	0.334028	1	6389.044	295.33	125.67	1.0962	ok
6516.057	6505.828	295.33	125.67	0.334028	1	6402.721	295.33	125.67	0.9448	ok
6547.176	6538.949	295.33	125.67	0.334028	1	6439.028	295.33	125.67	1.1226	ok
6579.331	6555.624	295.33	125.67	0.334028	1	6472.588	295.33	125.67	1.1680	ok
6595.533	6586.006	295.33	125.67	0.334028	1	6489.316	295.33	125.67	1.4653	ok
6626.511	6602.444	295.33	125.67	0.334028	1	6522.556	295.33	125.67	1.2237	ok
6643.564	6622.313	295.33	125.67	0.334028	1	6538.949	295.33	125.67	1.2705	ok
6674.087	6656.212	295.33	125.67	0.334028	1	6572.653	295.33	125.67	1.0941	ok
6701.249	6685.967	295.33	125.67	0.334028	1	6586.006	295.33	125.67	0.9779	ok
6718.052	6706.280	295.33	125.67	0.334028	1	6602.444	295.33	125.67	1.0117	ok
6750.997	6738.861	295.33	125.67	0.334028	1	6639.209	295.33	125.67	0.9876	ok
6767.382	6755.652	295.33	125.67	0.334028	1	6656.212	295.33	125.67	0.9888	ok
6798.167	6789.255	295.33	125.67	0.334028	1	6685.967	295.33	125.67	0.9379	ok
6828.999	6805.489	295.33	125.67	0.334028	1	6722.745	295.33	125.67	1.2440	ok
6845.068	6822.035	295.33	125.67	0.334028	1	6738.861	295.33	125.67	1.1129	ok
6877.179	6855.758	295.33	125.67	0.334028	1	6772.660	295.33	125.67	1.2124	ok
6894.133	6872.516	295.33	125.67	0.334028	1	6789.255	295.33	125.67	1.1600	ok
6924.543	6919.313	295.33	125.67	0.334028	1	6822.035	295.33	125.67	1.5486	ok
6951.213	6935.747	295.33	125.67	0.334028	1	6838.858	295.33	125.67	1.6047	ok
6967.946	6955.958	295.33	125.67	0.334028	1	6855.758	295.33	125.67	0.9611	ok
7001.299	6988.950	295.33	125.67	0.334028	1	6889.163	295.33	125.67	1.0417	ok
7017.877	7005.661	295.33	125.67	0.334028	1	6906.001	295.33	125.67	0.9682	ok
7050.232	7039.143	295.33	125.67	0.334028	1	6935.747	295.33	125.67	0.9965	ok
7081.423	7072.217	295.33	125.67	0.334028	1	6972.594	295.33	125.67	0.9581	ok
7097.694	7072.217	295.33	125.67	0.334028	1	6988.950	295.33	125.67	1.1694	ok
7123.535	7105.795	295.33	125.67	0.334028	1	7022.497	295.33	125.67	1.1695	ok
7140.190	7122.285	295.33	125.67	0.334028	1	7039.143	295.33	125.67	1.2049	ok
7171.262	7155.940	295.33	125.67	0.334028	1	7055.666	295.33	125.67	0.9818	ok
7201.227	7189.019	295.33	125.67	0.334028	1	7089.087	295.33	125.67	1.8401	ok
7218.023	7205.525	295.33	125.67	0.334028	1	7105.795	295.33	125.67	1.0588	ok
7250.239	7239.487	295.33	125.67	0.334028	1	7139.254	295.33	125.67	1.0145	ok
7268.442	7255.683	295.33	125.67	0.334028	1	7155.940	295.33	125.67	1.6429	ok
7297.042	7272.264	295.33	125.67	0.334028	1	7189.019	295.33	125.67	0.9752	ok
7328.131	7305.860	295.33	125.67	0.334028	1	7222.742	295.33	125.67	1.1657	ok
7343.270	7322.436	295.33	125.67	0.334028	1	7239.487	295.33	125.67	1.1718	ok
7375.324	7355.914	295.33	125.67	0.334028	1	7272.264	295.33	125.67	1.4005	ok
7390.030	7372.566	295.33	125.67	0.334028	1	7288.879	295.33	125.67	1.2157	ok
7421.822	7402.802	295.33	125.67	0.334028	1	7305.860	295.33	125.67	0.9949	ok
7451.250	7438.916	295.33	125.67	0.334028	1	7338.988	295.33	125.67	1.4915	ok
7467.998	7455.674	295.33	125.67	0.334028	1	7355.914	295.33	125.67	1.0350	ok
7499.378	7488.814	295.33	125.67	0.334028	1	7389.269	295.33	125.67	0.9491	ok
7515.391	7505.833	295.33	125.67	0.334028	1	7402.802	295.33	125.67	0.9878	ok
7546.093	7522.771	295.33	125.67	0.334028	1	7438.916	295.33	125.67	1.0473	ok
7577.376	7555.666	295.33	125.67	0.334028	1	7472.149	295.33	125.67	1.0698	ok
7592.185	7572.427	295.33	125.67	0.334028	1	7488.814	295.33	125.67	1.0765	ok
7623.572	7605.582	295.33	125.67	0.334028	1	7522.771	295.33	125.67	1.0765	ok
7644.305	7636.145	295.33	125.67	0.334028	1	7539.289	295.33	125.67	1.1152	ok
7670.792	7652.479	295.33	125.67	0.334028	1	7555.666	295.33	125.67	0.9602	ok
7701.301	7688.818	295.33	125.67	0.334028	1	7589.041	295.33	125.67	1.0549	ok
7717.294	7705.759	295.33	125.67	0.334028	1	7605.582	295.33	125.67	1.1200	ok
7749.373	7739.596	295.33	125.67	0.334028	1	7636.145	295.33	125.67	0.9679	ok
7767.940	7756.075	295.33	125.67	0.334028	1	7652.479	295.33	125.67	0.9710	ok
7795.434	7772.265	295.33	125.67	0.334028	1	7688.818	295.33	125.67	1.1773	ok
7827.260	7805.692	295.33	125.67	0.334028	1	7722.596	295.33	125.67	1.2192	ok
7843.441	7822.222	295.33	125.67	0.334028	1	7739.596	295.33	125.67	1.3811	ok
7875.519	7855.747	295.33	125.67	0.334028	1	7772.265	295.33	125.67	1.1862	ok
7891.689	7872.556	295.33	125.67	0.334028	1	7788.997	295.33	125.67	1.1038	ok
7920.986	7905.752	295.33	125.67	0.334028	1	7805.692	295.33	125.67	0.9981	ok
7951.247	7938.857	295.33	125.67	0.334028	1	7838.895	295.33	125.67	1.7624	ok
7968.003	7955.540	295.33	125.67	0.334028	1	7855.747	295.33	125.67	1.2242	ok
7998.041	7988.705	295.33	125.67	0.334028	1	7889.154	295.33	125.67	0.9426	ok
8014.066	8005.312	295.33	125.67	0.334028	1	7905.752	295.33	125.67	1.0172	ok
8046.230	8022.291	295.33	125.67	0.334028	1	7938.857	295.33	125.67	1.2228	ok
8077.478	8055.860	295.33	125.67	0.334028	1	7972.094	295.33	125.67	1.1400	ok
8093.498	8072.590	295.33	125.67	0.334028	1	7988.705	295.33	125.67	1.0669	ok
8125.031	8106.234	295.33	125.67	0.334028	1	8022.291	295.33	125.67	1.1092	ok
8141.883	8122.650	295.33	125.67	0.334028	1	8039.320	295.33	125.67	1.0442	ok
8172.052	8155.769	295.33	125.67	0.334028	1	8055.860	295.33	125.67	0.9931	ok
8201.237	8189.286	295.33	125.67	0.334028	1	8089.622	295.33	125.67	1.3500	ok
8218.006	8206.018	295.33	125.67	0.334028	1	8106.234	295.33	125.67	0.9827	ok
8249.638	8238.884	295.33	125.67	0.334028	1	8139.219	295.33	125.67	1.0103	ok
8264.138	8238.884	295.33	125.67	0.334028	1	8155.769	295.33	125.67	1.2162	ok
8295.330	8272.960	295.33	125.67	0.334028	1	8189.286	295.33	125.67	1.2975	ok
8327.273	8305.948	295.33	125.67	0.334028	1	8222.594	295.33	125.67	1.0592	ok
8343.550	8322.662	295.33	125.67	0.334028	1	8238.884	295.33	125.67	1.0405	ok
8375.365	8356.211	295.33	125.67	0.334028	1	8272.960	295.33	125.67	1.1413	ok
8394.744	8372.538	295.33	125.67	0.334028	1	8289.140	295.33	125.67	1.2776	ok
8419.924	8405.403	295.33	125.67	0.334028	1	8305.948	295.33	125.67	1.0283	ok
8451.630	8439.018	295.33	125.67	0.334028	1	8339.526	295.33	125.67	1.0352	ok
8467.557	8455.967	295.33	125.67	0.334028	1	8356.211	295.33	125.67	1.4216	ok
8499.484	8486.034	295.33	125.67	0.334028	1	8388.868	295.33	125.67	0.9781	ok
8515.502	8505.465	295.33	125.67	0.334028	1	8405.403	295.33	125.67	0.9443	ok
8546.423	8522.565	295.33	125.67	0.334028	1	8439.018	295.33	125.67	1.0860	ok
8577.123	8555.819	295.33	125.67	0.334028	1	8469.803	295.33	125.67	1.0639	ok
8592.299	8572.166	295.33	125.67	0.334028	1	8486.034	295.33	125.67	1.1231	ok
8627.298	8619.199	295.33	125.67	0.334028	1	8522.565	295.33	125.67	0.9505	ok
8644.154	8619.199	295.33	125.67	0.334028	1	8539.508	295.33	125.67	1.0817	ok
8670.026	8655.920	295.33	125.67	0.334028	1	8555.819	295.33	125.67	0.9968	ok
8701.347	8688.932	295.33	125.67	0.334028	1	8588.912	295.33	125.67	0.9992	ok
8717.867	8705.549	295.33	125.67	0.334028	1	8605.951	295.33	125.67	1.1739	ok
8747.922	8739.184	295.33	125.67	0.334028	1	8635.594	295.33	125.67	0.9404	ok
8767.873	8755.978	295.33	125.67	0.334028	1	8655.920	295.33	125.67	1.2733	ok
8796.156	8773.145	295.33	125.67	0.334028	1	8688.932	295.33	125.67	1.0747	ok
8827.347	8805.681	295.33	125.67	0.334028	1	8722.410	295.33	125.67	1.0953	ok
8843.110	8822.573	295.33	125.67	0.334028	1	8739.184	295.33	125.67	1.3131	ok
8874.703	8855.912	295.33	125.67	0.334028	1	8773.145	295.33	125.67	1.2410	ok
8890.227	8872.688	295.33	125.67	0.334028	1	8789.542	295.33	125.67	1.4127	ok
8921.557	8902.457	295.33	125.67	0.334028	1	8805.681	295.33	125.67	0.9980	ok
8951.172	8938.927	295.33	125.67	0.334028	1	8839.382	295.33	125.67	1.0196	ok
8968.161	8955.681	295.33	125.67	0.334028	1	8855.912	295.33	125.67	1.1898	ok
8999.207	8988.953	295.33	125.67	0.334028	1	8886.071	295.33	125.67	0.9469	ok
9015.261	9005.733	295.33	125.67	0.334028	1	8902.457	295.33	125.67	0.9756	ok
9047.333	9022.726	295.33	125.67	0.334028	1	8938.927	295.33	125.67	0.9924	ok
9078.382	9056.117	295.33	125.67	0.334028	1	8972.378	295.33	125.67	1.6220	ok
9094.466	9072.532	295.33	125.67	0.334028	1	8988.953	295.33	125.67	1.0630	ok
9123.983	9106.070	295.33	125.67	0.334028	1	9022.726	295.33	125.67	1.1531	ok
9140.025	9122.723	295.33	125.67	0.334028	1	9039.547	295.33	125.67	1.1581	ok
9171.255	9156.205	295.33	125.67	0.334028	1	9056.117	295.33	125.67	1.0926	ok
9201.263	9189.154	295.33	125.67	0.334028	1	9089.246	295.33	125.67	1.8697	ok
9218.075	9206.039	295.33	125.67	0.334028	1	9106.070	295.33	125.67	1.3946	ok
9251.395	9239.220	295.33	125.67	0.334028	1	9139.421	295.33	125.67	1.2328	ok
9268.000	9255.829	295.33	125.67	0.334028	1	9156.205	295.33	125.67	1.1407	ok
9297.178	9289.821	295.33	125.67	0.334028	1	9189.154	295.33	125.67	0.9503	ok
9329.336	9305.765	295.33	125.67	0.334028	1	9222.679	295.33	125.67	1.2382	ok
9345.366	9322.781	295.33	125.67	0.334028	1	9239.220	295.33	125.67	1.1932	ok
9377.313	9355.840	295.33	125.67	0.334028	1	9273.454	295.33	125.67	1.0974	ok
9393.308	9372.717	295.33	125.67	0.334028	1	9289.821	295.33	125.67	1.3688	ok
9425.007	9405.891	295.33	125.67	0.334028	1	9322.781	295.33	125.67	1.1726	ok
9456.330	9436.597	295.33	125.67	0.334028	1	9355.840	295.33	125.67	1.0926	ok
9467.933	9452.675	295.33	125.67	0.334028	1	9355.840	295.33	125.67	1.6537	ok
9501.277	9489.004	295.33	125.67	0.334028	1	9389.386	295.33	125.67	1.0601	ok
9517.900	9505.558	295.33	125.67	0.334028	1	9405.891	295.33	125.67	1.0828	ok
9551.517	9536.260	295.33	125.67	0.334028	1	9436.597	295.33	125.67	1.3760	ok
9582.150	9572.696	295.33	125.67	0.334028	1	9472.400	295.33	125.67	0.9726	ok
9597.213	9572.696	295.33	125.67	0.334028	1	9489.004	295.33	125.67	0.9409	ok
9627.328	9605.764	295.33	125.67	0.334028	1	9522.813	295.33	125.67	1.0476	ok
9645.058	9622.306	295.33	125.67	0.334028	1	9536.260	295.33	125.67	1.0451	ok
9675.435	9656.241	295.33	125.67	0.334028	1	9572.696	295.33	125.67	1.1764	ok
9701.180	9689.142	295.33	125.67	0.334028	1	9589.181	295.33	125.67	1.0836	ok
9718.113	9705.853	295.33	125.67	0.334028	1	9605.764	295.33	125.67	1.0641	ok
9748.093	9739.121	295.33	125.67	0.334028	1	9639.221	295.33	125.67	0.9344	ok
9767.912	9755.628	295.33	125.67	0.334028	1	9656.241	295.33	125.67	1.1152	ok
9795.307	9772.927	295.33	125.67	0.334028	1	9689.142	295.33	125.67	1.1605	ok
9828.115	9805.855	295.33	125.67	0.334028	1	9722.674	295.33	125.67	1.1722	ok
9843.314	9822.366	295.33	125.67	0.334028	1	9739.121	295.33	125.67	1.3279	ok
9876.032	9856.045	295.33	125.67	0.334028	1	9772.927	295.33	125.67	1.1868	ok
9892.063	9872.553	295.33	125.67	0.334028	1	9789.627	295.33	125.67	1.0621	ok
9923.594	9905.871	295.33	125.67	0.334028	1	9822.366	295.33	125.67	1.3129	ok
9951.244	9939.521	295.33	125.67	0.334028	1	9839.035	295.33	125.67	1.0485	ok
9967.947	9956.347	295.33	125.67	0.334028	1	9856.045	295.33	125.67	1.0491	ok
10001.234	9989.054	295.33	125.67	0.334028	1	9889.213	295.33	125.67	1.0224	ok
10018.089	10005.851	295.33	125.67	0.334028	1	9905.871	295.33	125.67	1.6615	ok
10049.144	10039.123	295.33	125.67	0.334028	1	9939.521	295.33	125.67	0.9966	ok
10080.037	10055.954	295.33	125.67	0.334028	1	9972.668	295.33	125.67	1.0807	ok
10096.166	10072.727	295.33	125.67	0.334028	1	9989.054	295.33	125.67	1.1259	ok
10127.326	10106.040	295.33	125.67	0.334028	1	10022.575	295.33	125.67	1.0322	ok
10143.362	10122.799	295.33	125.67	0.334028	1	10039.123	295.33	125.67	1.4244	ok
10175.318	10156.129	295.33	125.67	0.334028	1	10072.727	295.33	125.67	1.1375	ok
10206.397	10186.292	295.33	125.67	0.334028	1	10106.040	295.33	125.67	1.1576	ok
10218.042	10202.740	295.33	125.67	0.334028	1	10106.040	295.33	125.67	0.9748	ok
10251.262	10239.138	295.33	125.67	0.334028	1	10139.471	295.33	125.67	1.4258	ok
10267.933	10255.726	295.33	125.67	0.334028	1	10156.129	295.33	125.67	1.3188	ok
10300.043	10290.055	295.33	125.67	0.334028	1	10186.292	295.33	125.67	0.9956	ok
10332.160	10319.304	295.33	125.67	0.334028	1	10222.612	295.33	125.67	0.9747	ok
10347.381	10339.082	295.33	125.67	0.334028	1	10239.138	295.33	125.67	0.9300	ok
10379.420	10355.583	295.33	125.67	0.334028	1	10272.475	295.33	125.67	1.1238	ok
10394.164	10372.314	295.33	125.67	0.334028	1	10290.055	295.33	125.67	1.1079	ok
10419.980	10406.403	295.33	125.67	0.334028	1	10319.304	295.33	125.67	1.0248	ok
10451.459	10439.376	295.33	125.67	0.334028	1	10339.082	295.33	125.67	0.9393	ok
10468.063	10456.075	295.33	125.67	0.334028	1	10355.583	295.33	125.67	1.3895	ok
10500.153	10489.403	295.33	125.67	0.334028	1	10389.423	295.33	125.67	0.9602	ok
10515.197	10505.578	295.33	125.67	0.334028	1	10406.403	295.33	125.67	0.9856	ok
10547.280	10538.873	295.33	125.67	0.334028	1	10439.376	295.33	125.67	0.9297	ok
10579.285	10555.458	295.33	125.67	0.334028	1	10472.936	295.33	125.67	1.1238	ok
10595.377	10572.284	295.33	125.67	0.334028	1	10489.403	295.33	125.67	1.1660	ok
10627.376	10605.747	295.33	125.67	0.334028	1	10522.277	295.33	125.67	1.0860	ok
10643.175	10622.281	295.33	125.67	0.334028	1	10538.873	295.33	125.67	1.0519	ok
10675.209	10655.898	295.33	125.67	0.334028	1	10572.284	295.33	125.67	1.0587	ok
10701.264	10689.008	295.33	125.67	0.334028	1	10589.082	295.33	125.67	1.1539	ok
10717.960	10705.773	295.33	125.67	0.334028	1	10605.747	295.33	125.67	0.9926	ok
10751.299	10738.995	295.33	125.67	0.334028	1	10639.177	295.33	125.67	1.4837	ok
10767.970	10755.804	295.33	125.67	0.334028	1	10655.898	295.33	125.67	0.9438	ok
10801.257	10789.639	295.33	125.67	0.334028	1	10689.008	295.33	125.67	1.1474	ok
10834.599	10819.074	295.33	125.67	0.334028	1	10722.580	295.33	125.67	1.1608	ok
10851.319	10839.231	295.33	125.67	0.334028	1	10738.995	295.33	125.67	0.9977	ok
10884.736	10872.686	295.33	125.67	0.334028	1	10772.507	295.33	125.67	1.5307	ok
10899.307	10889.098	295.33	125.67	0.334028	1	10789.639	295.33	125.67	1.1302	ok
10930.336	10905.780	295.33	125.67	0.334028	1	10819.074	295.33	125.67	1.0006	ok
10951.194	10939.370	295.33	125.67	0.334028	1	10839.231	295.33	125.67	1.5695	ok
10967.980	10956.138	295.33	125.67	0.334028	1	10856.149	295.33	125.67	1.0047	ok
11001.250	10989.335	295.33	125.67	0.334028	1	10889.098	295.33	125.67	1.1375	ok
11018.016	11005.761	295.33	125.67	0.334028	1	10905.780	295.33	125.67	1.6281	ok
11051.291	11040.394	295.33	125.67	0.334028	1	10939.370	295.33	125.67	1.4577	ok
11084.604	11069.191	295.33	125.67	0.334028	1	10972.895	295.33	125.67	1.2232	ok
11101.353	11089.291	295.33	125.67	0.334028	1	10989.335	295.33	125.67	0.9806	ok
11123.793	11105.802	295.33	125.67	0.334028	1	11022.631	295.33	125.67	1.1841	ok
11139.208	11122.187	295.33	125.67	0.334028	1	11022.631	295.33	125.67	1.1597	ok
11172.075	11155.667	295.33	125.67	0.334028	1	11069.191	295.33	125.67	1.0643	ok
11201.236	11189.297	295.33	125.67	0.334028	1	11089.291	295.33	125.67	1.0251	ok
11219.463	11206.158	295.33	125.67	0.334028	1	11105.802	295.33	125.67	1.0669	ok
11251.388	11239.167	295.33	125.67	0.334028	1	11139.052	295.33	125.67	1.1707	ok
11267.437	11255.805	295.33	125.67	0.334028	1	11155.667	295.33	125.67	1.0056	ok
11299.423	11286.142	295.33	125.67	0.334028	1	11189.297	295.33	125.67	0.9712	ok
11331.432	11322.848	295.33	125.67	0.334028	1	11222.448	295.33	125.67	1.0310	ok
11347.586	11339.189	295.33	125.67	0.334028	1	11239.167	295.33	125.67	0.9721	ok
11380.001	11356.092	295.33	125.67	0.334028	1	11272.890	295.33	125.67	1.0375	ok
11389.869	11372.875	295.33	125.67	0.334028	1	11286.142	295.33	125.67	1.1052	ok
11427.176	11406.028	295.33	125.67	0.334028	1	11322.848	295.33	125.67	1.0342	ok
11460.154	11438.747	295.33	125.67	0.334028	1	11356.092	295.33	125.67	1.2125	ok
11467.898	11455.442	295.33	125.67	0.334028	1	11356.092	295.33	125.67	0.9719	ok
11501.262	11489.140	295.33	125.67	0.334028	1	11389.363	295.33	125.67	1.1520	ok
11517.950	11505.885	295.33	125.67	0.334028	1	11406.028	295.33	125.67	0.9921	ok
11551.318	11539.566	295.33	125.67	0.334028	1	11438.747	295.33	125.67	1.1713	ok
11584.532	11569.292	295.33	125.67	0.334028	1	11472.316	295.33	125.67	1.0259	ok
11601.362	11589.361	295.33	125.67	0.334028	1	11489.140	295.33	125.67	1.2693	ok
11634.615	11622.881	295.33	125.67	0.334028	1	11522.788	295.33	125.67	1.0886	ok
11651.621	11636.533	295.33	125.67	0.334028	1	11539.566	295.33	125.67	0.9930	ok
11682.321	11672.553	295.33	125.67	0.334028	1	11569.292	295.33	125.67	0.9328	ok
11714.958	11705.574	295.33	125.67	0.334028	1	11606.047	295.33	125.67	0.9328	ok
11717.867	11705.574	295.33	125.67	0.334028	1	11606.047	295.33	125.67	1.0452	ok
11751.200	11739.467	295.33	125.67	0.334028	1	11636.533	295.33	125.67	1.2804	ok
11767.835	11755.917	295.33	125.67	0.334028	1	11653.003	295.33	125.67	0.9830	ok
11795.930	11772.456	295.33	125.67	0.334028	1	11689.073	295.33	125.67	1.1547	ok
11827.326	11806.566	295.33	125.67	0.334028	1	11722.478	295.33	125.67	1.1104	ok
11843.464	11822.989	295.33	125.67	0.334028	1	11739.467	295.33	125.67	1.0481	ok
11875.352	11856.097	295.33	125.67	0.334028	1	11772.456	295.33	125.67	1.1249	ok
11891.377	11872.532	295.33	125.67	0.334028	1	11789.280	295.33	125.67	1.0906	ok
11920.366	11905.839	295.33	125.67	0.334028	1	11806.566	295.33	125.67	1.0051	ok
11953.001	11936.085	295.33	125.67	0.334028	1	11839.241	295.33	125.67	1.2043	ok
11968.083	11952.659	295.33	125.67	0.334028	1	11856.097	295.33	125.67	1.0098	ok
11998.504	11989.196	295.33	125.67	0.334028	1	11889.142	295.33	125.67	0.9461	ok
12014.191	11989.196	295.33	125.67	0.334028	1	11905.839	295.33	125.67	1.0266	ok
12046.366	12022.621	295.33	125.67	0.334028	1	11936.085	295.33	125.67	1.3701	ok
12078.053	12069.496	295.33	125.67	0.334028	1	11972.664	295.33	125.67	0.9608	ok
12093.591	12069.496	295.33	125.67	0.334028	1	11989.196	295.33	125.67	1.0302	ok
12124.570	12105.780	295.33	125.67	0.334028	1	12022.621	295.33	125.67	1.3271	ok
12141.011	12122.429	295.33	125.67	0.334028	1	12039.071	295.33	125.67	1.0074	ok
12171.173	12152.548	295.33	125.67	0.334028	1	12069.496	295.33	125.67	0.9958	ok
12201.146	12188.862	295.33	125.67	0.334028	1	12085.692	295.33	125.67	1.2240	ok
12217.948	12205.880	295.33	125.67	0.334028	1	12105.780	295.33	125.67	1.6549	ok
12251.294	12239.346	295.33	125.67	0.334028	1	12135.997	295.33	125.67	0.9945	ok
12267.933	12256.222	295.33	125.67	0.334028	1	12152.548	295.33	125.67	1.0214	ok
12294.899	12272.916	295.33	125.67	0.334028	1	12188.862	295.33	125.67	1.1437	ok
12334.513	12322.695	295.33	125.67	0.334028	1	12222.607	295.33	125.67	1.0193	ok
12351.389	12339.408	295.33	125.67	0.334028	1	12239.346	295.33	125.67	0.9961	ok
12384.513	12372.185	295.33	125.67	0.334028	1	12272.916	295.33	125.67	0.9778	ok
12401.478	12388.964	295.33	125.67	0.334028	1	12289.303	295.33	125.67	0.9866	ok
12434.531	12423.068	295.33	125.67	0.334028	1	12322.695	295.33	125.67	1.6415	ok
12451.400	12436.027	295.33	125.67	0.334028	1	12339.408	295.33	125.67	0.9623	ok
12467.130	12452.245	295.33	125.67	0.334028	1	12355.809	295.33	125.67	1.1462	ok
12498.538	12489.298	295.33	125.67	0.334028	1	12388.964	295.33	125.67	0.9736	ok
12515.246	12503.154	295.33	125.67	0.334028	1	12406.174	295.33	125.67	1.0453	ok
12546.402	12519.742	295.33	125.67	0.334028	1	12436.027	295.33	125.67	1.0907	ok
12577.464	12555.653	295.33	125.67	0.334028	1	12472.305	295.33	125.67	1.2636	ok
12593.183	12572.249	295.33	125.67	0.334028	1	12489.298	295.33	125.67	1.3619	ok
12624.718	12606.242	295.33	125.67	0.334028	1	12519.742	295.33	125.67	1.2233	ok
12643.525	12635.923	295.33	125.67	0.334028	1	12539.260	295.33	125.67	0.9635	ok
12671.263	12652.578	295.33	125.67	0.334028	1	12555.653	295.33	125.67	1.1247	ok
12701.191	12689.044	295.33	125.67	0.334028	1	12589.290	295.33	125.67	0.9830	ok
12718.010	12705.589	295.33	125.67	0.334028	1	12606.242	295.33	125.67	1.4467	ok
12750.149	12739.398	295.33	125.67	0.334028	1	12635.923	295.33	125.67	0.9719	ok
12765.228	12756.097	295.33	125.67	0.334028	1	12652.578	295.33	125.67	1.1288	ok
12797.191	12772.690	295.33	125.67	0.334028	1	12689.044	295.33	125.67	0.9403	ok
12831.197	12805.765	295.33	125.67	0.334028	1	12722.182	295.33	125.67	1.0440	ok
12845.227	12822.718	295.33	125.67	0.334028	1	12739.398	295.33	125.67	1.3698	ok
12875.856	12856.439	295.33	125.67	0.334028	1	12772.690	295.33	125.67	1.0751	ok
12894.030	12886.179	295.33	125.67	0.334028	1	12789.405	295.33	125.67	0.9327	ok
12922.181	12902.546	295.33	125.67	0.334028	1	12805.765	295.33	125.67	1.0022	ok
12951.281	12938.983	295.33	125.67	0.334028	1	12839.923	295.33	125.67	1.1871	ok
12967.964	12955.584	295.33	125.67	0.334028	1	12856.439	295.33	125.67	1.2621	ok
13001.266	12989.111	295.33	125.67	0.334028	1	12886.179	295.33	125.67	1.1643	ok
13021.220	13002.745	295.33	125.67	0.334028	1	12902.546	295.33	125.67	0.9924	ok
13049.439	13039.204	295.33	125.67	0.334028	1	12938.983	295.33	125.67	0.9675	ok
13081.296	13072.481	295.33	125.67	0.334028	1	12972.232	295.33	125.67	0.9335	ok
13097.519	13089.200	295.33	125.67	0.334028	1	12989.111	295.33	125.67	0.9664	ok
13123.434	13105.969	295.33	125.67	0.334028	1	13019.174	295.33	125.67	1.1085	ok
13139.552	13122.765	295.33	125.67	0.334028	1	13039.204	295.33	125.67	1.3609	ok
13172.024	13156.631	295.33	125.67	0.334028	1	13055.877	295.33	125.67	0.9852	ok
13203.978	13173.336	295.33	125.67	0.334028	1	13089.200	295.33	125.67	1.0779	ok
13217.939	13173.336	295.33	125.67	0.334028	1	13105.969	295.33	125.67	1.0111	ok
13251.229	13222.727	295.33	125.67	0.334028	1	13141.646	295.33	125.67	1.2268	ok
13268.160	13239.495	295.33	125.67	0.334028	1	13156.631	295.33	125.67	1.3484	ok
13299.390	13269.507	295.33	125.67	0.334028	1	13173.336	295.33	125.67	1.2996	ok
13331.728	13320.256	295.33	125.67	0.334028	1	13222.727	295.33	125.67	1.0985	ok
13347.243	13335.230	295.33	125.67	0.334028	1	13239.495	295.33	125.67	0.9865	ok
13379.165	13370.319	295.33	125.67	0.334028	1	13269.507	295.33	125.67	1.0529	ok
13395.169	13370.319	295.33	125.67	0.334028	1	13269.507	295.33	125.67	1.1005	ok
13427.472	13403.810	295.33	125.67	0.334028	1	13320.256	295.33	125.67	1.2056	ok
13451.285	13437.049	295.33	125.67	0.334028	1	13335.230	295.33	125.67	1.3243	ok
13468.011	13453.618	295.33	125.67	0.334028	1	13354.290	295.33	125.67	1.0102	ok
13501.289	13486.984	295.33	125.67	0.334028	1	13387.032	295.33	125.67	0.9786	ok
13517.932	13503.757	295.33	125.67	0.334028	1	13403.810	295.33	125.67	1.1751	ok
13551.231	13536.716	295.33	125.67	0.334028	1	13437.049	295.33	125.67	1.0462	ok
13582.424	13570.341	295.33	125.67	0.334028	1	13470.558	295.33	125.67	0.9635	ok
13598.558	13586.851	295.33	125.67	0.334028	1	13486.984	295.33	125.67	0.9599	ok
13630.496	13620.290	295.33	125.67	0.334028	1	13520.638	295.33	125.67	0.9614	ok
13644.062	13620.290	295.33	125.67	0.334028	1	13536.716	295.33	125.67	1.0505	ok
13677.188	13653.883	295.33	125.67	0.334028	1	13570.341	295.33	125.67	1.1974	ok
13708.722	13687.226	295.33	125.67	0.334028	1	13603.781	295.33	125.67	1.1364	ok
13717.951	13703.799	295.33	125.67	0.334028	1	13603.781	295.33	125.67	1.1178	ok
13755.616	13737.807	295.33	125.67	0.334028	1	13653.883	295.33	125.67	1.1964	ok
13767.884	13753.733	295.33	125.67	0.334028	1	13653.883	295.33	125.67	1.0498	ok
13795.432	13786.802	295.33	125.67	0.334028	1	13687.226	295.33	125.67	1.0061	ok
13827.371	13803.718	295.33	125.67	0.334028	1	13721.312	295.33	125.67	1.0951	ok
13843.431	13820.574	295.33	125.67	0.334028	1	13737.807	295.33	125.67	1.0576	ok
13875.261	13854.371	295.33	125.67	0.334028	1	13770.561	295.33	125.67	1.2877	ok
13891.377	13870.722	295.33	125.67	0.334028	1	13786.802	295.33	125.67	1.0878	ok
13923.235	13903.951	295.33	125.67	0.334028	1	13820.574	295.33	125.67	1.0943	ok
13951.231	13937.028	295.33	125.67	0.334028	1	13837.085	295.33	125.67	0.9985	ok
13968.098	13953.847	295.33	125.67	0.334028	1	13854.371	295.33	125.67	1.0211	ok
14001.380	13987.013	295.33	125.67	0.334028	1	13886.783	295.33	125.67	1.1019	ok
14017.974	14004.036	295.33	125.67	0.334028	1	13903.951	295.33	125.67	1.0758	ok
14051.261	14036.685	295.33	125.67	0.334028	1	13937.028	295.33	125.67	1.4702	ok
14083.519	14070.199	295.33	125.67	0.334028	1	13970.365	295.33	125.67	0.9839	ok
14099.554	14087.230	295.33	125.67	0.334028	1	13987.013	295.33	125.67	0.9323	ok
14131.235	14120.266	295.33	125.67	0.334028	1	14020.454	295.33	125.67	1.0024	ok
14147.140	14136.965	295.33	125.67	0.334028	1	14036.685	295.33	125.67	0.9916	ok
14179.157	14170.446	295.33	125.67	0.334028	1	14070.199	295.33	125.67	1.0355	ok
14201.193	14187.114	295.33	125.67	0.334028	1	14087.230	295.33	125.67	0.9852	ok
14218.011	14204.480	295.33	125.67	0.334028	1	14103.888	295.33	125.67	1.0040	ok
14251.281	14237.003	295.33	125.67	0.334028	1	14136.965	295.33	125.67	0.9683	ok
14268.015	14253.877	295.33	125.67	0.334028	1	14153.799	295.33	125.67	0.9958	ok
14301.240	14287.725	295.33	125.67	0.334028	1	14187.114	295.33	125.67	1.4787	ok
14334.605	14320.167	295.33	125.67	0.334028	1	14221.074	295.33	125.67	1.1715	ok
14351.264	14336.759	295.33	125.67	0.334028	1	14237.003	295.33	125.67	1.1701	ok
14383.468	14371.297	295.33	125.67	0.334028	1	14270.908	295.33	125.67	0.9881	ok
14397.197	14386.922	295.33	125.67	0.334028	1	14287.725	295.33	125.67	1.1151	ok
14429.206	14420.292	295.33	125.67	0.334028	1	14320.167	295.33	125.67	0.9465	ok
14451.226	14437.055	295.33	125.67	0.334028	1	14336.759	295.33	125.67	1.0410	ok
14467.194	14453.826	295.33	125.67	0.334028	1	14354.626	295.33	125.67	1.4819	ok
14500.049	14487.036	295.33	125.67	0.334028	1	14386.922	295.33	125.67	0.9697	ok
14515.976	14504.174	295.33	125.67	0.334028	1	14403.733	295.33	125.67	1.0243	ok
14547.248	14537.047	295.33	125.67	0.334028	1	14437.055	295.33	125.67	0.9801	ok
14579.984	14570.461	295.33	125.67	0.334028	1	14470.530	295.33	125.67	0.9497	ok
14596.039	14587.018	295.33	125.67	0.334028	1	14487.036	295.33	125.67	1.0181	ok
14627.234	14603.754	295.33	125.67	0.334028	1	14521.098	295.33	125.67	1.0549	ok
14643.447	14620.268	295.33	125.67	0.334028	1	14537.047	295.33	125.67	1.0637	ok
14675.367	14653.925	295.33	125.67	0.334028	1	14570.461	295.33	125.67	1.2728	ok
14708.129	14687.478	295.33	125.67	0.334028	1	14603.754	295.33	125.67	1.0538	ok
14717.974	14704.701	295.33	125.67	0.334028	1	14603.754	295.33	125.67	0.9877	ok
14751.201	14737.144	295.33	125.67	0.334028	1	14636.979	295.33	125.67	1.1480	ok
14767.867	14753.713	295.33	125.67	0.334028	1	14653.925	295.33	125.67	0.9658	ok
14801.191	14787.354	295.33	125.67	0.334028	1	14687.478	295.33	125.67	0.9725	ok
14834.614	14820.378	295.33	125.67	0.334028	1	14720.985	295.33	125.67	1.0309	ok
14851.317	14837.053	295.33	125.67	0.334028	1	14737.144	295.33	125.67	1.4748	ok
14882.434	14870.745	295.33	125.67	0.334028	1	14770.528	295.33	125.67	0.9976	ok
14893.300	14870.745	295.33	125.67	0.334028	1	14787.354	295.33	125.67	1.1720	ok
14930.176	14920.570	295.33	125.67	0.334028	1	14820.378	295.33	125.67	0.9571	ok
14951.185	14937.082	295.33	125.67	0.334028	1	14837.053	295.33	125.67	0.9846	ok
14968.081	14953.771	295.33	125.67	0.334028	1	14853.723	295.33	125.67	1.0361	ok
15007.254	14987.673	295.33	125.67	0.334028	1	14903.922	295.33	125.67	1.1166	ok
15017.999	15004.164	295.33	125.67	0.334028	1	14903.922	295.33	125.67	1.0296	ok
15051.212	15037.449	295.33	125.67	0.334028	1	14937.082	295.33	125.67	1.1955	ok
15084.487	15070.412	295.33	125.67	0.334028	1	14971.202	295.33	125.67	1.1108	ok
15101.307	15087.440	295.33	125.67	0.334028	1	14987.673	295.33	125.67	1.0194	ok
15124.022	15104.098	295.33	125.67	0.334028	1	15021.181	295.33	125.67	1.0648	ok
15140.251	15120.764	295.33	125.67	0.334028	1	15037.449	295.33	125.67	1.7206	ok
15171.264	15153.088	295.33	125.67	0.334028	1	15070.412	295.33	125.67	1.0339	ok
15201.275	15188.773	295.33	125.67	0.334028	1	15087.440	295.33	125.67	1.0951	ok
15217.938	15205.266	295.33	125.67	0.334028	1	15104.098	295.33	125.67	0.9389	ok
15251.242	15239.233	295.33	125.67	0.334028	1	15138.977	295.33	125.67	1.1854	ok
15267.975	15255.507	295.33	125.67	0.334028	1	15153.088	295.33	125.67	1.3664	ok
15300.057	15288.637	295.33	125.67	0.334028	1	15188.773	295.33	125.67	0.9711	ok
15331.159	15322.054	295.33	125.67	0.334028	1	15222.438	295.33	125.67	0.9608	ok
15347.264	15338.784	295.33	125.67	0.334028	1	15239.233	295.33	125.67	0.9505	ok
15379.924	15355.521	295.33	125.67	0.334028	1	15272.099	295.33	125.67	1.0846	ok
15395.347	15372.551	295.33	125.67	0.334028	1	15288.637	295.33	125.67	1.1215	ok
15427.248	15405.408	295.33	125.67	0.334028	1	15322.054	295.33	125.67	1.1534	ok
15451.306	15438.813	295.33	125.67	0.334028	1	15338.784	295.33	125.67	1.0090	ok
15467.972	15455.551	295.33	125.67	0.334028	1	15355.521	295.33	125.67	1.0085	ok
15501.361	15488.466	295.33	125.67	0.334028	1	15389.115	295.33	125.67	1.0412	ok
15517.898	15505.256	295.33	125.67	0.334028	1	15405.408	295.33	125.67	1.0866	ok
15551.153	15538.515	295.33	125.67	0.334028	1	15438.813	295.33	125.67	1.0363	ok
15583.023	15571.974	295.33	125.67	0.334028	1	15471.944	295.33	125.67	0.9721	ok
15598.285	15588.973	295.33	125.67	0.334028	1	15488.466	295.33	125.67	0.9384	ok
15630.541	15621.968	295.33	125.67	0.334028	1	15522.088	295.33	125.67	0.9323	ok
15643.620	15621.968	295.33	125.67	0.334028	1	15538.515	295.33	125.67	1.0486	ok
15677.189	15655.596	295.33	125.67	0.334028	1	15571.974	295.33	125.67	1.1070	ok
15701.253	15688.708	295.33	125.67	0.334028	1	15588.973	295.33	125.67	0.9638	ok
15718.107	15705.360	295.33	125.67	0.334028	1	15605.762	295.33	125.67	1.0101	ok
15748.056	15738.863	295.33	125.67	0.334028	1	15638.811	295.33	125.67	0.9844	ok
15763.983	15755.116	295.33	125.67	0.334028	1	15655.596	295.33	125.67	0.9750	ok
15796.041	15772.085	295.33	125.67	0.334028	1	15688.708	295.33	125.67	1.0305	ok
15828.048	15805.274	295.33	125.67	0.334028	1	15722.306	295.33	125.67	1.1520	ok
15844.102	15822.037	295.33	125.67	0.334028	1	15738.863	295.33	125.67	1.1490	ok
15875.675	15855.212	295.33	125.67	0.334028	1	15772.085	295.33	125.67	1.2746	ok
15892.251	15872.676	295.33	125.67	0.334028	1	15788.671	295.33	125.67	1.2580	ok
15923.258	15906.415	295.33	125.67	0.334028	1	15822.037	295.33	125.67	1.2106	ok
15955.526	15936.233	295.33	125.67	0.334028	1	15855.212	295.33	125.67	1.4628	ok
15968.002	15952.698	295.33	125.67	0.334028	1	15855.212	295.33	125.67	0.9625	ok
16001.278	15989.366	295.33	125.67	0.334028	1	15890.096	295.33	125.67	1.0081	ok
16017.891	16005.629	295.33	125.67	0.334028	1	15906.415	295.33	125.67	0.9749	ok
16050.359	16036.304	295.33	125.67	0.334028	1	15936.233	295.33	125.67	1.1738	ok
16081.588	16072.570	295.33	125.67	0.334028	1	15972.891	295.33	125.67	0.9646	ok
16097.368	16072.570	295.33	125.67	0.334028	1	15989.366	295.33	125.67	0.9690	ok
16128.986	16106.014	295.33	125.67	0.334028	1	16022.892	295.33	125.67	1.3253	ok
16144.906	16122.553	295.33	125.67	0.334028	1	16036.304	295.33	125.67	1.1311	ok
16176.351	16152.884	295.33	125.67	0.334028	1	16072.570	295.33	125.67	1.0747	ok
16201.239	16188.986	295.33	125.67	0.334028	1	16089.214	295.33	125.67	1.0309	ok
16217.975	16205.605	295.33	125.67	0.334028	1	16106.014	295.33	125.67	1.4388	ok
16251.239	16239.096	295.33	125.67	0.334028	1	16139.181	295.33	125.67	1.3406	ok
16267.891	16255.751	295.33	125.67	0.334028	1	16152.884	295.33	125.67	1.2470	ok
16301.202	16288.822	295.33	125.67	0.334028	1	16188.986	295.33	125.67	1.2658	ok
16333.450	16322.418	295.33	125.67	0.334028	1	16222.146	295.33	125.67	0.9924	ok
16349.633	16335.930	295.33	125.67	0.334028	1	16239.096	295.33	125.67	0.9674	ok
16381.378	16372.025	295.33	125.67	0.334028	1	16272.233	295.33	125.67	0.9740	ok
16394.932	16372.025	295.33	125.67	0.334028	1	16288.822	295.33	125.67	1.4598	ok
16428.416	16405.965	295.33	125.67	0.334028	1	16322.418	295.33	125.67	1.1070	ok
16451.540	16438.992	295.33	125.67	0.334028	1	16335.930	295.33	125.67	0.9415	ok
16467.990	16455.722	295.33	125.67	0.334028	1	16352.390	295.33	125.67	1.0400	ok
16500.172	16489.227	295.33	125.67	0.334028	1	16388.672	295.33	125.67	0.9990	ok
16515.963	16502.661	295.33	125.67	0.334028	1	16405.965	295.33	125.67	1.4290	ok
16547.262	16538.700	295.33	125.67	0.334028	1	16438.992	295.33	125.67	0.9722	ok
16579.173	16555.437	295.33	125.67	0.334028	1	16472.370	295.33	125.67	1.1029	ok
16595.477	16572.202	295.33	125.67	0.334028	1	16489.227	295.33	125.67	1.1602	ok
16627.440	16605.438	295.33	125.67	0.334028	1	16518.988	295.33	125.67	1.0444	ok
16643.153	16622.199	295.33	125.67	0.334028	1	16538.700	295.33	125.67	1.6311	ok
16675.258	16655.655	295.33	125.67	0.334028	1	16572.202	295.33	125.67	1.0817	ok
16701.239	16689.324	295.33	125.67	0.334028	1	16588.702	295.33	125.67	1.0556	ok
16717.940	16706.159	295.33	125.67	0.334028	1	16605.438	295.33	125.67	0.9719	ok
16751.233	16739.519	295.33	125.67	0.334028	1	16638.946	295.33	125.67	1.1252	ok
16772.128	16752.626	295.33	125.67	0.334028	1	16655.655	295.33	125.67	1.0085	ok
16801.194	16788.742	295.33	125.67	0.334028	1	16689.324	295.33	125.67	1.1014	ok
16834.581	16822.085	295.33	125.67	0.334028	1	16722.713	295.33	125.67	2.2354	ok
16851.275	16838.729	295.33	125.67	0.334028	1	16739.519	295.33	125.67	1.3850	ok
16883.407	16872.191	295.33	125.67	0.334028	1	16768.902	295.33	125.67	1.0707	ok
16899.292	16888.882	295.33	125.67	0.334028	1	16788.742	295.33	125.67	1.1874	ok
16931.435	16922.592	295.33	125.67	0.334028	1	16822.085	295.33	125.67	0.9995	ok
16951.587	16938.864	295.33	125.67	0.334028	1	16838.729	295.33	125.67	1.4189	ok
16967.899	16955.641	295.33	125.67	0.334028	1	16855.577	295.33	125.67	1.0930	ok
17001.248	16989.338	261.25	99.67	0.375781	1	16888.882	295.33	125.67	1.0341	ok
17017.861	17005.691	261.25	99.67	0.375781	1	16906.003	295.33	125.67	1.5635	ok
17051.208	17038.828	261.25	99.67	0.375781	1	16938.864	295.33	125.67	0.9410	ok
17084.598	17072.040	261.25	99.67	0.375781	1	16972.586	261.25	99.67	1.0690	ok
17101.361	17088.846	261.25	99.67	0.375781	1	16989.338	261.25	99.67	1.5958	ok
17123.909	17105.506	261.25	99.67	0.375781	1	17022.179	261.25	99.67	1.2270	ok
17139.412	17122.327	261.25	99.67	0.375781	1	17038.828	261.25	99.67	1.2471	ok
17171.464	17155.548	261.25	99.67	0.375781	1	17055.461	261.25	99.67	1.0480	ok
17203.851	17188.757	224.20	70.67	0.422708	1	17088.846	261.25	99.67	1.0467	ok
17218.008	17205.194	224.20	70.67	0.422708	1	17105.506	261.25	99.67	1.0379	ok
17251.350	17238.713	224.20	70.67	0.422708	1	17139.142	261.25	99.67	1.2001	ok
17267.294	17255.451	224.20	70.67	0.422708	1	17155.548	261.25	99.67	1.3782	ok
17299.322	17288.801	224.20	70.67	0.422708	1	17188.757	224.20	70.67	1.2680	ok
17331.356	17322.129	224.20	70.67	0.422708	1	17221.918	224.20	70.67	1.0080	ok
17348.054	17338.617	224.20	70.67	0.422708	1	17238.713	224.20	70.67	0.9680	ok
17379.959	17355.264	224.20	70.67	0.422708	1	17272.282	224.20	70.67	1.0799	ok
17396.035	17372.094	224.20	70.67	0.422708	1	17288.801	224.20	70.67	1.0901	ok
17427.155	17405.996	161.20	24.00	0.500833	1	17322.129	224.20	70.67	1.1054	ok
17451.285	17438.746	161.20	24.00	0.500833	1	17338.617	224.20	70.67	1.7212	ok
17467.999	17455.320	161.20	24.00	0.500833	1	17355.264	224.20	70.67	1.0340	ok
17501.315	17488.939	161.20	24.00	0.500833	1	17389.013	161.20	24.00	1.0578	ok
17517.899	17505.343	161.20	24.00	0.500833	1	17405.996	161.20	24.00	1.0595	ok
17555.430	17535.727	161.20	24.00	0.500833	1	17455.320	161.20	24.00	1.1700	ok
17584.511	17572.263	161.20	24.00	0.500833	1	17472.047	161.20	24.00	1.6483	ok
17601.360	17588.694	161.20	24.00	0.500833	1	17488.939	161.20	24.00	1.2859	ok
17634.619	17622.064	161.20	24.00	0.500833	1	17522.235	161.20	24.00	1.0424	ok
17650.312	17639.165	161.20	24.00	0.500833	1	17535.727	161.20	24.00	1.1577	ok
17681.210	17672.213	161.20	24.00	0.500833	1	17572.263	161.20	24.00	0.9920	ok
17701.256	17688.925	161.20	24.00	0.500833	1	17588.694	161.20	24.00	1.1056	ok
17717.942	17705.772	161.20	24.00	0.500833	1	17605.193	161.20	24.00	1.0368	ok
17751.390	17738.909	161.20	24.00	0.500833	1	17639.165	161.20	24.00	1.0228	ok
17763.756	17738.909	161.20	24.00	0.500833	1	17655.824	161.20	24.00	1.0760	ok
17795.368	17772.310	161.20	24.00	0.500833	1	17688.925	161.20	24.00	1.1589	ok
17827.852	17805.643	161.20	24.00	0.500833	1	17722.468	161.20	24.00	1.1310	ok
17843.419	17822.261	161.20	24.00	0.500833	1	17738.909	161.20	24.00	1.3578	ok
17875.413	17855.654	161.20	24.00	0.500833	1	17772.310	161.20	24.00	1.1388	ok
17891.358	17872.331	161.20	24.00	0.500833	1	17788.951	161.20	24.00	1.2441	ok
17924.390	17903.107	111.60	24.00	0.562917	1	17822.261	161.20	24.00	1.2978	ok
17955.530	17939.404	111.60	24.00	0.562917	1	17839.082	161.20	24.00	1.1209	ok
17968.191	17955.290	111.60	24.00	0.562917	1	17855.654	161.20	24.00	1.7268	ok
18001.234	17988.875	111.60	24.00	0.562917	1	17889.899	111.60	24.00	1.0216	ok
18017.948	18005.423	111.60	24.00	0.562917	1	17903.107	111.60	24.00	1.0625	ok
18051.220	18038.731	111.60	24.00	0.562917	1	17939.404	111.60	24.00	1.0524	ok
18083.275	18072.590	111.60	24.00	0.562917	1	17971.992	111.60	24.00	1.0396	ok
18099.439	18086.157	111.60	24.00	0.562917	1	17988.875	111.60	24.00	0.9727	ok
18131.927	18122.150	111.60	24.00	0.562917	1	18022.056	111.60	24.00	0.9521	stale
18147.432	18138.827	111.60	24.00	0.562917	1	18038.731	111.60	24.00	0.9982	stale
18179.395	18155.529	111.60	24.00	0.562917	1	18072.590	111.60	24.00	1.1813	stale
18211.390	18185.981	111.60	24.00	0.562917	1	18102.431	111.60	24.00	1.1142	stale
18217.958	18202.364	111.60	24.00	0.562917	1	18102.431	111.60	24.00	1.1232	stale
18260.196	18235.875	55.60	24.00	0.633229	1	18155.529	111.60	24.00	1.2822	stale
18267.885	18252.180	55.60	24.00	0.633229	1	18155.529	111.60	24.00	0.9990	stale
18301.241	18288.790	55.60	24.00	0.633229	1	18185.981	111.60	24.00	1.0246	stale
18334.607	18322.139	55.60	24.00	0.633229	1	18222.384	111.60	24.00	1.6700	stale
18351.475	18338.645	55.60	24.00	0.633229	1	18235.875	55.60	24.00	1.3885	stale
18384.481	18372.022	55.60	24.00	0.633229	1	18272.148	55.60	24.00	1.0743	stale
18401.360	18388.889	55.60	24.00	0.633229	1	18288.790	55.60	24.00	1.0402	stale
18432.370	18421.965	55.60	24.00	0.633229	1	18322.139	55.60	24.00	0.9888	stale
18451.360	18439.274	55.60	24.00	0.633229	1	18338.645	55.60	24.00	1.2218	stale
18467.218	18456.169	55.60	24.00	0.633229	1	18355.325	55.60	24.00	1.6410	stale
18499.316	18485.574	55.60	24.00	0.633229	1	18388.889	55.60	24.00	0.9843	stale
18515.920	18502.189	55.60	24.00	0.633229	1	18405.593	55.60	24.00	0.9858	stale
18548.044	18538.954	55.60	24.00	0.633229	1	18439.274	55.60	24.00	0.9819	stale
18580.121	18555.578	55.60	24.00	0.633229	1	18472.377	55.60	24.00	1.0437	stale
18596.363	18572.092	55.60	24.00	0.633229	1	18485.574	55.60	24.00	1.0670	stale
18627.606	18605.650	55.60	24.00	0.633229	1	18522.142	55.60	24.00	1.1141	stale
18643.368	18622.149	55.60	24.00	0.633229	1	18538.954	55.60	24.00	1.0773	stale
18675.527	18655.513	55.60	24.00	0.633229	1	18572.092	55.60	24.00	1.1328	stale
18707.357	18688.971	55.60	24.00	0.633229	1	18605.650	55.60	24.00	1.1747	stale
18717.980	18705.582	55.60	24.00	0.633229	1	18605.650	55.60	24.00	1.2043	stale
18751.241	18738.640	55.60	24.00	0.633229	1	18638.766	55.60	24.00	1.1105	stale
18767.945	18755.209	55.60	24.00	0.633229	1	18655.513	55.60	24.00	0.9911	stale
18801.275	18788.978	55.60	24.00	0.633229	1	18688.971	55.60	24.00	1.0343	stale
18834.611	18822.770	55.60	24.00	0.633229	1	18722.112	55.60	24.00	1.0534	stale
18851.482	18822.770	55.60	24.00	0.633229	1	18738.640	55.60	24.00	1.4229	stale
18883.357	18822.770	55.60	24.00	0.633229	1	18772.099	55.60	24.00	0.9756	stale
18894.046	18822.770	55.60	24.00	0.633229	1	18788.978	55.60	24.00	1.0847	stale
18929.435	18822.770	55.60	24.00	0.633229	1	18822.770	55.60	24.00	1.0005	stale
18951.230	18822.770	55.60	24.00	0.633229	1	18822.770	55.60	24.00	1.0310	stale
18967.969	18822.770	55.60	24.00	0.633229	1	18822.770	55.60	24.00	1.0336	stale
19001.198	18822.770	55.60	24.00	0.633229	1	18822.770	55.60	24.00	1.0601	stale
19017.857	18822.770	55.60	24.00	0.633229	1	18822.770	55.60	24.00	1.5154	stale
19051.346	18822.770	55.60	24.00	0.633229	1	18822.770	55.60	24.00	1.9032	stale
19076.111	18822.770	55.60	24.00	0.633229	1	18822.770	55.60	24.00	1.1230	stale
19092.175	18822.770	55.60	24.00	0.633229	1	18822.770	55.60	24.00	1.0557	stale
19123.336	18822.770	55.60	24.00	0.633229	1	18822.770	55.60	24.00	1.1383	stale
19139.334	18822.770	55.60	24.00	0.633229	1	18822.770	55.60	24.00	1.1235	stale
19172.125	18822.770	55.60	24.00	0.633229	1	18822.770	55.60	24.00	1.0581	stale
19201.217	18822.770	55.60	24.00	0.633229	1	18822.770	55.60	24.00	1.3174	stale
19217.953	18822.770	55.60	24.00	0.633229	1	18822.770	55.60	24.00	1.0149	stale
19251.188	18822.770	55.60	24.00	0.633229	1	18822.770	55.60	24.00	1.4217	stale
19267.151	18822.770	55.60	24.00	0.633229	1	18822.770	55.60	24.00	0.9746	stale
19299.302	18822.770	55.60	24.00	0.633229	1	18822.770	55.60	24.00	1.1188	stale
19331.733					0				0.0	hidden
19347.311					0				0.0	hidden
19379.398					0				0.0	hidden
19395.381					0				0.0	hidden
19427.326					0				0.0	hidden
19451.196					0				0.0	hidden
19467.964					0				0.0	hidden
19501.271					0				0.0	hidden
19517.919					0				0.0	hidden
19551.230					0				0.0	hidden
19584.578					0				0.0	hidden
19601.267					0				0.0	hidden
19634.413					0				0.0	hidden
19644.362					0				0.0	hidden
19682.198					0				0.0	hidden
19701.239					0				0.0	hidden
19717.975					0				0.0	hidden
19751.221					0				0.0	hidden
19763.690					0				0.0	hidden
19795.517					0				0.0	hidden
19827.295					0				0.0	hidden
19843.576					0				0.0	hidden
19876.083					0				0.0	hidden
19892.299					0				0.0	hidden
19923.577					0				0.0	hidden
19955.370					0				0.0	hidden
19967.915					0				0.0	hidden
20001.268					0				0.0	hidden
20017.887					0				0.0	hidden
20051.328					0				0.0	hidden
20083.349					0				0.0	hidden
20099.258					0				0.0	hidden
20131.411	20121.927	63.60	24.00	0.623333	1	18822.770	55.60	24.00	1.7957	stale
20147.347	20138.491	63.60	24.00	0.623333	1	18822.770	55.60	24.00	0.9763	stale
20179.382	20155.061	63.60	24.00	0.623333	1	18822.770	55.60	24.00	1.0560	stale
20211.392	20188.701	63.60	24.00	0.623333	1	20105.698	63.60	24.00	1.1277	stale
20217.906	20205.396	63.60	24.00	0.623333	1	20105.698	63.60	24.00	0.9993	stale
20251.242	20238.885	63.60	24.00	0.623333	1	20138.491	63.60	24.00	0.9985	stale
20267.990	20255.433	63.60	24.00	0.623333	1	20155.061	63.60	24.00	1.1642	stale
20301.224	20289.026	63.60	24.00	0.623333	1	20188.701	63.60	24.00	1.1496	stale
20334.524	20321.983	63.60	24.00	0.623333	1	20222.166	63.60	24.00	1.2702	stale
20351.259	20338.690	63.60	24.00	0.623333	1	20238.885	63.60	24.00	1.0925	stale
20384.616	20372.305	63.60	24.00	0.623333	1	20272.339	63.60	24.00	1.1209	stale
20401.179	20389.180	63.60	24.00	0.623333	1	20289.026	63.60	24.00	1.1106	stale
20432.749	20421.789	63.60	24.00	0.623333	1	20321.983	63.60	24.00	0.9667	stale
20451.352	20438.720	63.60	24.00	0.623333	1	20338.690	63.60	24.00	1.0639	stale
20467.544	20455.611	63.60	24.00	0.623333	1	20355.508	63.60	24.00	0.9752	stale
20499.401	20489.634	63.60	24.00	0.623333	1	20389.180	63.60	24.00	1.0822	stale
20515.550	20503.676	63.60	24.00	0.623333	1	20405.537	63.60	24.00	1.1593	stale
20548.175	20538.767	125.60	24.00	0.545312	1	20438.720	63.60	24.00	0.9933	stale
20579.146	20555.407	125.60	24.00	0.545312	1	20472.185	63.60	24.00	1.0758	stale
20595.182	20572.073	125.60	24.00	0.545312	1	20489.634	63.60	24.00	1.1421	stale
20627.103	20605.565	125.60	24.00	0.545312	1	20519.519	125.60	24.00	1.0672	stale
20643.429	20622.019	125.60	24.00	0.545312	1	20538.767	125.60	24.00	1.3032	stale
20675.462	20655.464	125.60	24.00	0.545312	1	20572.073	125.60	24.00	1.2498	stale
20701.211	20688.786	125.60	24.00	0.545312	1	20588.836	125.60	24.00	1.2406	stale
20718.077	20705.623	125.60	24.00	0.545312	1	20605.565	125.60	24.00	0.9845	stale
20751.357	20738.824	125.60	24.00	0.545312	1	20638.563	125.60	24.00	1.7551	stale
20767.963	20755.556	125.60	24.00	0.545312	1	20655.464	125.60	24.00	1.0159	stale
20801.143	20788.685	125.60	24.00	0.545312	1	20688.786	125.60	24.00	0.9969	stale
20834.664	20822.070	125.60	24.00	0.545312	1	20722.270	125.60	24.00	1.4425	stale
20851.498	20839.243	125.60	24.00	0.545312	1	20738.824	125.60	24.00	0.9898	stale
20883.549	20868.884	161.20	24.00	0.500833	1	20772.358	125.60	24.00	1.0133	ok
20899.573	20889.052	161.20	24.00	0.500833	1	20788.685	125.60	24.00	1.1596	ok
20931.737	20921.856	161.20	24.00	0.500833	1	20822.070	125.60	24.00	1.1817	ok
20963.340	20938.851	161.20	24.00	0.500833	1	20852.806	161.20	24.00	1.0572	ok
20967.941	20955.580	161.20	24.00	0.500833	1	20852.806	161.20	24.00	1.0225	ok
21001.209	20989.332	161.20	24.00	0.500833	1	20889.052	161.20	24.00	1.0188	ok
21017.917	21006.015	161.20	24.00	0.500833	1	20905.619	161.20	24.00	1.4450	ok
21051.188	21039.295	161.20	24.00	0.500833	1	20938.851	161.20	24.00	1.0393	ok
21084.542	21072.340	161.20	24.00	0.500833	1	20972.160	161.20	24.00	0.9899	ok
21101.285	21089.115	161.20	24.00	0.500833	1	20989.332	161.20	24.00	1.0821	ok
21123.369	21105.577	161.20	24.00	0.500833	1	21022.345	161.20	24.00	1.1005	ok
21139.398	21122.273	161.20	24.00	0.500833	1	21039.295	161.20	24.00	1.1268	ok
21171.496	21155.562	161.20	24.00	0.500833	1	21055.727	161.20	24.00	1.0819	ok
21201.271	21188.873	161.20	24.00	0.500833	1	21089.115	161.20	24.00	1.3819	ok
21217.943	21206.294	161.20	24.00	0.500833	1	21105.577	161.20	24.00	1.1368	ok
21251.285	21238.958	211.20	61.50	0.438333	1	21138.971	161.20	24.00	1.0389	ok
21267.995	21255.478	211.20	61.50	0.438333	1	21155.562	161.20	24.00	1.0300	ok
21299.316	21288.498	211.20	61.50	0.438333	1	21188.873	161.20	24.00	0.9988	ok
21331.906	21321.827	211.20	61.50	0.438333	1	21222.946	211.20	61.50	0.9891	ok
21347.436	21338.620	211.20	61.50	0.438333	1	21238.958	211.20	61.50	0.9892	ok
21379.977	21355.560	211.20	61.50	0.438333	1	21272.060	211.20	61.50	1.0051	ok
21396.236	21372.245	211.20	61.50	0.438333	1	21288.498	211.20	61.50	1.0690	ok
21428.687	21405.469	211.20	61.50	0.438333	1	21321.827	211.20	61.50	1.2227	ok
21451.158	21439.231	211.20	61.50	0.438333	1	21338.620	211.20	61.50	1.1818	ok
21468.036	21455.911	211.20	61.50	0.438333	1	21355.560	211.20	61.50	0.9906	ok
21501.202	21489.186	211.20	61.50	0.438333	1	21388.792	211.20	61.50	1.3273	ok
21517.876	21506.086	211.20	61.50	0.438333	1	21405.469	211.20	61.50	0.9845	ok
21555.252	21536.130	211.20	61.50	0.438333	1	21439.231	211.20	61.50	1.0702	ok
21584.534	21572.451	211.20	61.50	0.438333	1	21472.548	211.20	61.50	1.1272	ok
21601.282	21589.208	211.20	61.50	0.438333	1	21489.186	211.20	61.50	1.0450	ok
21634.731	21622.396	211.20	61.50	0.438333	1	21523.217	211.20	61.50	1.0827	ok
21650.111	21639.110	211.20	61.50	0.438333	1	21536.130	211.20	61.50	0.9834	ok
21681.056	21672.277	211.20	61.50	0.438333	1	21572.451	211.20	61.50	1.0133	ok
21711.038	21686.180	219.20	54.00	0.438333	1	21605.885	211.20	61.50	1.1677	ok
21718.097	21702.933	223.20	51.00	0.438333	1	21605.885	211.20	61.50	1.0875	ok
21748.141	21735.940	232.20	46.00	0.438333	1	21639.110	211.20	61.50	1.2293	ok
21764.062	21752.961	234.20	44.00	0.438333	1	21655.612	211.20	61.50	1.2461	ok
21795.197	21769.699	238.20	41.00	0.438333	1	21686.180	219.20	54.00	1.3263	ok
21827.296	21805.649	243.40	37.00	0.438125	1	21719.397	228.20	49.00	1.2133	ok
21843.295	21822.485	246.40	35.00	0.438125	1	21735.940	232.20	46.00	1.1335	ok
21875.298	21869.603	257.50	26.00	0.438021	1	21769.699	238.20	41.00	1.1132	ok
21891.219	21869.603	257.50	26.00	0.438021	1	21789.055	241.40	39.00	1.4343	ok
21923.308	21902.719	266.50	18.00	0.438021	1	21822.485	246.40	35.00	1.2835	ok
21955.220	21935.719	278.50	9.67	0.438021	1	21839.224	249.40	33.00	1.7930	ok
21967.984	21951.805	285.50	3.67	0.438021	1	21856.142	252.50	29.00	1.1303	ok
22001.240	21987.404	296.50	3.67	0.438021	1	21886.190	262.50	22.00	1.3188	ok
22017.958	22004.035	299.50	3.67	0.438021	1	21902.719	266.50	18.00	1.0611	ok
22051.389	22037.414	305.50	3.67	0.438021	1	21935.719	278.50	9.67	1.0934	ok
22083.481	22070.461	315.25	3.67	0.438281	1	21970.990	289.50	3.67	0.9855	ok
22099.430	22087.716	315.25	3.67	0.438281	1	21987.404	296.50	3.67	1.0471	ok
22132.023	22120.346	332.25	3.67	0.438281	1	22021.184	299.50	3.67	1.0623	ok
22147.252	22136.732	334.25	3.67	0.438281	1	22037.414	305.50	3.67	0.9696	ok
22179.256	22170.378	335.25	3.67	0.438281	1	22070.461	315.25	3.67	0.9849	ok
22201.237	22186.762	335.25	3.67	0.438281	1	22087.716	315.25	3.67	1.4342	ok
22218.155	22203.656	335.25	3.67	0.438281	1	22104.628	325.25	3.67	1.1958	stale
22251.304	22236.847	335.25	3.67	0.438281	1	22136.732	334.25	3.67	1.0160	stale
22267.929	22253.501	335.25	3.67	0.438281	1	22153.983	335.25	3.67	0.9844	stale
22301.321	22286.898	335.25	3.67	0.438281	1	22186.762	335.25	3.67	1.0112	stale
22334.589	22320.017	335.25	3.67	0.438281	1	22220.175	335.25	3.67	1.0373	stale
22351.390	22337.076	335.25	3.67	0.438281	1	22236.847	335.25	3.67	1.0041	stale
22384.093	22369.955	335.25	3.67	0.438281	1	22270.196	335.25	3.67	1.0214	stale
22393.997	22369.955	335.25	3.67	0.438281	1	22286.898	335.25	3.67	1.0642	stale
22420.120	22403.803	335.25	3.67	0.438281	1	22320.017	335.25	3.67	1.0710	stale
22451.445	22436.827	335.25	3.67	0.438281	1	22337.076	335.25	3.67	1.1125	stale
22467.449	22453.659	335.25	3.67	0.438281	1	22353.880	335.25	3.67	1.1810	stale
22499.408	22486.871	335.25	3.67	0.438281	1	22387.145	335.25	3.67	0.9534	stale
22515.428	22503.298	335.25	3.67	0.438281	1	22403.803	335.25	3.67	1.0258	stale
22548.110	22537.600	335.25	3.67	0.438281	1	22436.827	335.25	3.67	0.9518	stale
22580.082	22570.046	335.25	3.67	0.438281	1	22470.402	335.25	3.67	0.9689	stale
22596.075	22586.618	335.25	3.67	0.438281	1	22486.871	335.25	3.67	1.0848	stale
22628.085	22603.562	335.25	3.67	0.438281	1	22520.758	335.25	3.67	1.0980	stale
22643.835	22620.417	335.25	3.67	0.438281	1	22537.600	335.25	3.67	1.0501	stale
22675.358	22653.710	335.25	3.67	0.438281	1	22570.046	335.25	3.67	1.1679	stale
22707.366	22686.467	334.25	3.67	0.438281	1	22603.562	335.25	3.67	1.0551	stale
22718.060	22703.427	334.25	3.67	0.438281	1	22603.562	335.25	3.67	1.4021	stale
22751.252	22736.926	333.25	3.67	0.438281	1	22637.073	335.25	3.67	1.4829	stale
22767.915	22754.044	332.25	3.67	0.438281	1	22653.710	335.25	3.67	1.0484	stale
22801.326	22787.331	329.25	3.67	0.438281	1	22686.467	334.25	3.67	1.0049	stale
22834.592	22820.408	324.25	3.67	0.438281	1	22720.371	334.25	3.67	1.3378	stale
22851.305	22836.860	319.25	3.67	0.438281	1	22736.926	333.25	3.67	1.1372	stale
22883.334	22871.113	308.25	3.67	0.438281	1	22771.160	330.25	3.67	1.0622	stale
22899.499	22887.465	303.50	3.67	0.438021	1	22787.331	329.25	3.67	0.9990	stale
22930.812	22920.422	292.50	3.67	0.438021	1	22820.408	324.25	3.67	0.9790	stale
22951.244	22936.937	287.50	3.67	0.438021	1	22836.860	319.25	3.67	1.2708	stale
22967.986	22954.002	283.50	3.67	0.438021	1	22853.907	313.25	3.67	0.9952	stale
23001.238	22987.067	274.50	3.67	0.438021	1	22887.465	303.50	3.67	1.1565	stale
23017.893	23003.891	270.50	3.67	0.438021	1	22903.817	297.50	3.67	0.9979	stale
23051.168	23037.765	263.50	3.67	0.438021	1	22936.937	287.50	3.67	0.9821	stale
23084.627	23070.486	256.50	3.67	0.438021	1	22970.707	278.50	3.67	1.0120	stale
23101.296	23087.104	252.50	3.67	0.438021	1	22987.067	274.50	3.67	1.0013	stale
23123.278	23103.983	247.50	3.67	0.438021	1	23020.708	267.50	3.67	1.1736	stale
23139.281	23120.731	242.50	3.67	0.438021	1	23037.765	263.50	3.67	1.4609	stale
23171.645	23154.013	229.50	3.67	0.438021	1	23070.486	256.50	3.67	1.2276	stale
23201.226	23187.250	216.50	3.67	0.438021	1	23087.104	252.50	3.67	1.1462	stale
23217.961	23204.065	209.25	3.67	0.438281	1	23103.983	247.50	3.67	0.9824	stale
23251.390	23237.028	192.25	3.67	0.438281	1	23137.402	237.50	3.67	1.0276	stale
23267.446	23253.730	183.25	3.67	0.438281	1	23154.013	229.50	3.67	0.9981	stale
23299.405	23287.118	164.25	3.67	0.438281	1	23187.250	216.50	3.67	0.9677	stale
23331.859	23320.754	149.25	3.67	0.438281	1	23220.686	200.25	3.67	1.0504	stale
23347.470	23337.218	143.25	3.67	0.438281	1	23237.028	192.25	3.67	0.9746	stale
23379.446	23370.564	134.25	3.67	0.438281	1	23270.507	172.25	3.67	1.0237	stale
23395.619	23370.564	134.25	3.67	0.438281	1	23287.118	164.25	3.67	1.1115	stale
23427.632	23404.055	123.25	3.67	0.438281	1	23320.754	149.25	3.67	1.1489	stale
23451.252	23437.580	109.25	3.67	0.438281	1	23337.218	143.25	3.67	1.0702	stale
23468.091	23454.039	101.25	3.67	0.438281	1	23353.965	139.25	3.67	0.9944	stale
23501.279	23486.933	88.25	3.67	0.438281	1	23387.369	129.25	3.67	1.0500	stale
23517.867	23503.711	82.25	3.67	0.438281	1	23404.055	123.25	3.67	1.0224	stale
23551.238	23537.036	73.50	3.67	0.438021	1	23437.580	109.25	3.67	1.0336	stale
23584.744	23570.993	67.50	3.67	0.438021	1	23470.659	94.25	3.67	1.2523	stale
23601.324	23586.897	65.50	3.67	0.438021	1	23486.933	88.25	3.67	1.1326	stale
23634.627	23620.332	61.50	3.67	0.438021	1	23520.454	77.50	3.67	1.1804	stale
23650.199	23637.026	60.50	3.67	0.438021	1	23537.036	73.50	3.67	1.6156	stale
23680.185	23670.063	58.50	3.67	0.438021	1	23570.993	67.50	3.67	1.0002	stale
23712.308	23703.382	54.50	3.67	0.438021	1	23603.950	63.50	3.67	1.0104	stale
23717.983	23703.382	54.50	3.67	0.438021	1	23603.950	63.50	3.67	1.0408	stale
23751.205	23737.193	51.50	3.67	0.438021	1	23637.026	60.50	3.67	0.9999	stale
23774.280	23753.826	51.50	3.67	0.438021	1	23670.063	58.50	3.67	1.2008	stale
23796.150	23787.446	49.50	3.67	0.438021	1	23686.706	56.50	3.67	1.1058	stale
23828.084	23803.797	47.50	3.67	0.438021	1	23720.149	52.50	3.67	1.0234	stale
23844.266	23820.372	46.50	3.67	0.438021	1	23737.193	51.50	3.67	1.2561	stale
23875.148	23854.181	43.50	3.67	0.438021	1	23770.708	50.50	3.67	1.2793	stale
23891.284	23870.813	42.50	3.67	0.438021	1	23787.446	49.50	3.67	1.2080	stale
23923.256	23903.770	42.50	3.67	0.438021	1	23820.372	46.50	3.67	1.0989	stale
23955.421	23936.754	41.50	3.67	0.438021	1	23854.181	43.50	3.67	1.1939	stale
23967.962	23953.601	40.50	3.67	0.438021	1	23854.181	43.50	3.67	1.4457	stale
24001.283	23986.877	39.50	3.67	0.438021	1	23887.481	42.50	3.67	1.2194	stale
24017.936	24003.501	39.50	3.67	0.438021	1	23903.770	42.50	3.67	1.4103	stale
24052.104	24037.189	39.50	3.67	0.438021	1	23936.754	41.50	3.67	1.2138	stale
24084.126	24070.646	39.50	3.67	0.438021	1	23970.235	40.50	3.67	1.1852	stale
24099.343	24087.307	39.50	3.67	0.438021	1	23986.877	39.50	3.67	0.9992	stale
24132.012	24120.115	39.50	3.67	0.438021	1	24020.597	39.50	3.67	0.9947	stale
24142.800	24120.115	39.50	3.67	0.438021	1	24037.189	39.50	3.67	1.0994	stale
24179.194	24170.113	39.50	3.67	0.438021	1	24070.646	39.50	3.67	0.9590	stale
24201.243	24186.852	39.50	3.67	0.438021	1	24087.307	39.50	3.67	1.0491	stale
24218.153	24203.743	39.50	3.67	0.438021	1	24103.438	39.50	3.67	1.0664	stale
24256.598	24237.355	39.50	3.67	0.438021	1	24153.664	39.50	3.67	1.3491	stale
24267.987	24253.917	39.50	3.67	0.438021	1	24153.664	39.50	3.67	0.9827	stale
24301.335	24286.786	39.50	3.67	0.438021	1	24186.852	39.50	3.67	0.9979	stale
24334.682	24320.130	39.50	3.67	0.438021	1	24220.668	39.50	3.67	1.0199	stale
24350.483	24336.648	39.50	3.67	0.438021	1	24237.355	39.50	3.67	1.1277	stale
24381.462	24370.088	39.50	3.67	0.438021	1	24270.428	39.50	3.67	0.9393	stale
24397.467	24386.906	39.50	3.67	0.438021	1	24286.786	39.50	3.67	1.0140	stale
24428.466	24404.007	39.50	3.67	0.438021	1	24320.130	39.50	3.67	1.1292	stale
24451.447	24436.922	39.50	3.67	0.438021	1	24336.648	39.50	3.67	1.1116	stale
24468.090	24453.515	39.50	3.67	0.438021	1	24353.585	39.50	3.67	1.4124	stale
24499.244	24486.923	39.50	3.67	0.438021	1	24386.906	39.50	3.67	0.9569	stale
24515.164	24503.880	39.50	3.67	0.438021	1	24404.007	39.50	3.67	1.0219	stale
24548.159	24537.331	39.50	3.67	0.438021	1	24436.922	39.50	3.67	0.9649	stale
24579.186	24569.969	39.50	3.67	0.438021	1	24470.270	39.50	3.67	1.0604	stale
24595.258	24569.969	39.50	3.67	0.438021	1	24486.923	39.50	3.67	1.0981	stale
24627.203	24604.242	39.50	3.67	0.438021	1	24520.958	39.50	3.67	1.1631	stale
24643.556	24620.227	39.50	3.67	0.438021	1	24537.331	39.50	3.67	1.2203	stale
24675.463	24653.311	39.50	3.67	0.438021	1	24569.969	39.50	3.67	1.1120	stale
24707.567	24686.814	39.50	3.67	0.438021	1	24604.242	39.50	3.67	1.1178	stale
24717.990	24703.996	39.50	3.67	0.438021	1	24604.242	39.50	3.67	1.0939	stale
24751.342	24737.359	43.50	3.67	0.438021	1	24636.820	39.50	3.67	1.2110	stale
24767.953	24754.101	45.50	3.67	0.438021	1	24653.311	39.50	3.67	1.1723	stale
24801.244	24787.293	54.50	3.67	0.438021	1	24686.814	39.50	3.67	1.4920	stale
24834.608	24820.847	63.50	3.67	0.438021	1	24720.930	41.50	3.67	1.0288	stale
24850.019	24837.745	68.50	3.67	0.438021	1	24737.359	43.50	3.67	1.0181	stale
24881.014	24870.545	78.50	3.67	0.438021	1	24770.833	48.50	3.67	1.0895	stale
24894.260	24870.545	78.50	3.67	0.438021	1	24787.293	54.50	3.67	1.0910	stale
24928.404	24903.937	88.50	3.67	0.438021	1	24820.847	63.50	3.67	1.1409	stale
24959.264	24938.051	101.50	3.67	0.438021	1	24854.286	72.50	3.67	1.1246	stale
24967.949	24954.004	108.50	3.67	0.438021	1	24854.286	72.50	3.67	1.1097	stale
25001.262	24987.749	121.50	3.67	0.438021	1	24887.362	83.50	3.67	1.0179	stale
25017.812	25004.055	129.50	3.67	0.438021	1	24903.937	88.50	3.67	1.0496	stale
25051.297	25037.830	146.50	3.67	0.438021	1	24938.051	101.50	3.67	1.0072	stale
25085.279	25070.927	166.50	3.67	0.438021	1	24970.888	114.50	3.67	1.0773	stale
25101.694	25087.521	175.50	3.67	0.438021	1	24987.749	121.50	3.67	1.7788	stale
25123.245	25104.895	185.50	3.67	0.438021	1	25021.269	137.50	3.67	1.1620	stale
25139.482	25120.863	196.50	3.67	0.438021	1	25037.830	146.50	3.67	1.2798	stale
25172.184	25154.063	216.50	3.67	0.438021	1	25070.927	166.50	3.67	1.3607	stale
25203.631	25187.279	236.50	3.67	0.438021	1	25087.521	175.50	3.67	1.1594	stale
25217.989	25203.902	244.50	3.67	0.438021	1	25104.895	185.50	3.67	0.9783	stale
25251.215	25237.556	262.50	3.67	0.438021	1	25137.104	207.50	3.67	1.1491	stale
25268.037	25254.001	273.50	3.67	0.438021	1	25154.063	216.50	3.67	1.5698	stale
25299.625	25287.343	290.50	3.67	0.438021	1	25187.279	236.50	3.67	1.0343	stale
25331.670	25320.388	305.50	3.67	0.438021	1	25220.712	254.50	3.67	0.9724	stale
25348.154	25337.808	311.50	3.67	0.438021	1	25237.556	262.50	3.67	0.9740	stale
25380.109	25370.413	322.50	3.67	0.438021	1	25270.724	282.50	3.67	1.0610	stale
25395.125	25370.413	322.50	3.67	0.438021	1	25287.343	290.50	3.67	1.0405	stale
25427.201	25403.928	329.25	3.67	0.438281	1	25320.388	305.50	3.67	1.1577	stale
25451.299	25437.403	339.25	3.67	0.438281	1	25337.808	311.50	3.67	0.9928	stale
25468.005	25454.279	345.25	3.67	0.438281	1	25354.530	316.50	3.67	0.9954	stale
25501.308	25488.421	357.25	3.67	0.438281	1	25387.236	325.25	3.67	0.9679	stale
25517.918	25504.077	364.50	3.67	0.438021	1	25403.928	329.25	3.67	1.1100	stale
25551.404	25537.123	374.50	3.67	0.438021	1	25437.403	339.25	3.67	1.7298	stale
25585.294	25570.776	381.50	7.50	0.438021	1	25471.720	351.25	3.67	1.4869	ok
25600.718	25586.868	382.50	9.50	0.438021	1	25488.421	357.25	3.67	1.0771	ok
25631.782	25620.807	384.50	10.50	0.438021	1	25520.706	369.50	3.67	1.0227	ok
25644.574	25620.807	384.50	10.50	0.438021	1	25537.123	374.50	3.67	1.0079	ok
25679.216	25669.912	384.50	12.50	0.438021	1	25570.776	381.50	7.50	1.0271	ok
25701.246	25687.027	384.50	13.50	0.438021	1	25586.868	382.50	9.50	1.3436	ok
25717.939	25704.146	384.50	13.50	0.438021	1	25603.821	383.50	10.50	1.0325	ok
25748.741	25737.669	382.50	15.50	0.438021	1	25637.548	384.50	11.50	1.0057	ok
25767.962	25754.694	381.50	16.50	0.438021	1	25653.705	384.50	12.50	1.0646	ok
25795.415	25787.445	378.50	17.50	0.438021	1	25687.027	384.50	13.50	1.0332	ok
25827.397	25803.552	375.50	17.50	0.438021	1	25720.593	383.50	14.50	1.1043	ok
25843.599	25820.401	371.50	18.50	0.438021	1	25737.669	382.50	15.50	1.1066	ok
25875.522	25854.499	365.50	20.50	0.438021	1	25771.482	379.50	16.50	1.1570	ok
25891.988	25870.404	362.50	20.50	0.438021	1	25787.445	378.50	17.50	1.0870	ok
25924.366	25904.002	356.50	21.50	0.438021	1	25820.401	371.50	18.50	1.3164	ok
25955.772	25937.591	348.50	24.50	0.438021	1	25854.499	365.50	20.50	1.2169	ok
25968.008	25954.108	344.50	24.50	0.438021	1	25854.499	365.50	20.50	1.1967	ok
26001.264	25987.572	336.50	26.50	0.438021	1	25887.306	359.50	20.50	1.4929	ok
26017.865	26003.558	332.50	26.50	0.438021	1	25904.002	356.50	21.50	1.0157	ok
26051.260	26036.973	324.50	28.50	0.438021	1	25937.591	348.50	24.50	1.1219	ok
26083.475	26070.705	315.50	28.50	0.438021	1	25971.250	340.50	25.50	0.9872	ok
26099.617	26087.485	311.50	29.50	0.438021	1	25987.572	336.50	26.50	1.1881	ok
26131.908	26120.784	299.60	31.50	0.437917	1	26020.345	328.50	28.50	1.0984	ok
26147.308	26137.556	292.60	31.67	0.437917	1	26036.973	324.50	28.50	1.0534	ok
26179.333	26170.753	278.40	32.67	0.438125	1	26070.705	315.50	28.50	1.1974	ok
26201.281	26187.380	270.40	33.00	0.438125	1	26087.485	311.50	29.50	1.3569	ok
26217.981	26204.340	262.40	33.00	0.438125	1	26104.119	305.50	30.50	1.0287	ok
26251.214	26237.359	242.40	33.00	0.438125	1	26137.556	292.60	31.67	1.0529	ok
26267.977	26253.888	230.40	33.00	0.438125	1	26154.285	284.40	32.67	1.5332	ok
26301.252	26287.345	204.40	32.50	0.438125	1	26187.380	270.40	33.00	1.0315	ok
26334.613	26320.635	174.40	32.50	0.438125	1	26220.892	253.40	33.00	1.4234	ok
26351.559	26337.256	160.40	32.50	0.438125	1	26237.359	242.40	33.00	1.2728	ok
26382.025	26370.536	131.40	32.50	0.438125	1	26270.445	218.40	33.00	1.0516	ok
26396.970	26387.335	119.40	32.50	0.438125	1	26287.345	204.40	32.50	0.9913	ok
26427.375	26404.269	108.40	32.50	0.438125	1	26320.635	174.40	32.50	1.0906	ok
26451.508	26437.535	86.40	35.50	0.438125	1	26337.256	160.40	32.50	1.3864	ok
26467.610	26454.164	77.40	39.50	0.438125	1	26353.968	145.40	32.50	1.1387	ok
26499.632	26487.580	61.20	46.00	0.438333	1	26387.335	119.40	32.50	0.9932	ok
26515.482	26504.157	55.20	49.00	0.438333	1	26404.269	108.40	32.50	1.0297	ok
26547.988	26537.755	44.20	56.00	0.438333	1	26437.535	86.40	35.50	1.0119	ok
26580.051	26570.731	36.20	63.00	0.438333	1	26470.848	68.20	42.75	1.0108	ok
26596.093	26587.309	33.20	68.00	0.438333	1	26487.580	61.20	46.00	1.0349	ok
26627.123	26604.048	29.20	74.00	0.438333	1	26520.945	49.20	53.00	1.1078	ok
26643.163	26620.625	27.40	79.00	0.438125	1	26537.755	44.20	56.00	1.2029	ok
26675.445	26654.752	23.40	89.00	0.438125	1	26570.731	36.20	63.00	1.5115	ok
26707.480	26686.814	20.50	89.00	0.438021	1	26604.048	29.20	74.00	1.2186	ok
26718.007	26703.965	19.50	89.00	0.438021	1	26604.048	29.20	74.00	1.5023	ok
26751.254	26737.305	18.50	89.00	0.438021	1	26637.706	24.40	84.00	1.0806	ok
26767.909	26754.177	17.50	89.00	0.438021	1	26654.752	23.40	89.00	1.0116	ok
26801.317	26787.002	15.50	89.00	0.438021	1	26686.814	20.50	89.00	1.0932	ok
26832.843	26820.354	14.50	89.00	0.438021	1	26720.816	19.50	89.00	0.9930	ok
26848.614	26837.118	13.50	89.00	0.438021	1	26737.305	18.50	89.00	1.0204	ok
26879.414	26870.363	11.50	89.00	0.438021	1	26770.616	16.50	89.00	1.0988	ok
26894.378	26870.363	11.50	89.00	0.438021	1	26787.002	15.50	89.00	1.2390	ok
26926.255	26904.459	10.50	89.00	0.438021	1	26820.354	14.50	89.00	1.0973	stale
26951.247	26937.465	7.50	89.00	0.438021	1	26837.118	13.50	89.00	1.3338	stale
26967.982	26954.179	6.50	89.00	0.438021	1	26853.898	12.50	89.00	1.0187	stale
27001.233	26987.619	3.50	89.00	0.438021	1	26887.501	11.50	89.00	1.2073	stale
27020.198	27004.366	3.00	89.00	0.437500	1	26904.459	10.50	89.00	1.0453	stale
27051.348	27004.366	3.00	89.00	0.437500	1	26937.465	7.50	89.00	1.1332	stale
27083.135	27004.366	3.00	89.00	0.437500	1	26970.590	4.50	89.00	1.0306	stale
27092.179	27004.366	3.00	89.00	0.437500	1	26987.619	3.50	89.00	1.1701	stale
27123.165	27004.366	3.00	89.00	0.437500	1	27004.366	3.00	89.00	1.2151	stale
27139.240	27004.366	3.00	89.00	0.437500	1	27004.366	3.00	89.00	1.2345	stale
27172.050	27004.366	3.00	89.00	0.437500	1	27004.366	3.00	89.00	1.2205	stale
27201.243	27004.366	3.00	89.00	0.437500	1	27004.366	3.00	89.00	1.5226	stale
27217.991	27004.366	3.00	89.00	0.437500	1	27004.366	3.00	89.00	1.0520	stale
27251.371	27004.366	3.00	89.00	0.437500	1	27004.366	3.00	89.00	1.1639	stale
27267.350	27004.366	3.00	89.00	0.437500	1	27004.366	3.00	89.00	1.0846	stale
27299.423	27004.366	3.00	89.00	0.437500	1	27004.366	3.00	89.00	0.9787	stale
27329.241	27004.366	3.00	89.00	0.437500	1	27004.366	3.00	89.00	1.0039	stale
27345.386	27004.366	3.00	89.00	0.437500	1	27004.366	3.00	89.00	0.9845	stale
27377.112	27004.366	3.00	89.00	0.437500	1	27004.366	3.00	89.00	1.1207	stale
27393.105	27004.366	3.00	89.00	0.437500	1	27004.366	3.00	89.00	1.1291	stale
27423.419	27004.366	3.00	89.00	0.437500	1	27004.366	3.00	89.00	1.1209	stale
27451.282	27004.366	3.00	89.00	0.437500	1	27004.366	3.00	89.00	1.0588	stale
27468.015	27004.366	3.00	89.00	0.437500	1	27004.366	3.00	89.00	0.9941	stale
27501.268	27004.366	3.00	89.00	0.437500	1	27004.366	3.00	89.00	1.0821	stale
27518.155					0				0.0	hidden
27549.402					0				0.0	hidden
27581.436					0				0.0	hidden
27597.484					0				0.0	hidden
27628.325					0				0.0	hidden
27647.506					0				0.0	hidden
27675.422					0				0.0	hidden
27707.384	27687.608	14.67	89.00	0.437847	1	27004.366	3.00	89.00	1.7038	stale
27717.927	27703.622	23.75	89.00	0.437760	1	27004.366	3.00	89.00	1.0632	stale
27747.972	27737.098	43.25	89.00	0.438281	1	27004.366	3.00	89.00	0.9727	stale
27767.857	27753.666	58.50	89.00	0.438021	1	27004.366	3.00	89.00	1.9792	stale
27795.406	27786.992	90.50	89.00	0.438021	1	27687.608	14.67	89.00	1.0439	stale
27827.431	27803.696	107.50	89.00	0.438021	1	27720.401	32.50	89.00	1.1385	stale
27844.357	27821.116	128.50	89.00	0.438021	1	27737.098	43.25	89.00	1.1700	stale
27876.117	27854.046	175.20	74.50	0.438333	1	27770.517	74.50	89.00	1.3730	ok
27891.585	27870.761	196.20	66.50	0.438333	1	27786.992	90.50	89.00	1.1482	ok
27923.898	27904.446	227.20	56.00	0.438333	1	27821.116	128.50	89.00	1.2359	ok
27951.305	27937.369	245.20	47.00	0.438333	1	27837.757	150.40	86.50	1.5435	ok
27968.047	27953.778	249.20	43.00	0.438333	1	27854.046	175.20	74.50	1.0696	ok
28001.235	27987.484	250.40	40.00	0.438125	1	27887.636	214.20	60.50	1.0399	ok
28017.942	28004.370	250.40	39.00	0.438125	1	27904.446	227.20	56.00	1.0760	ok
28051.333	28037.674	248.40	37.00	0.438125	1	27937.369	245.20	47.00	1.0650	ok
28082.461	28070.436	246.40	35.00	0.438125	1	27970.256	250.20	41.00	1.1233	ok
28097.326	28087.234	244.40	35.00	0.438125	1	27987.484	250.40	40.00	1.0412	ok
28128.349	28120.286	243.40	34.00	0.438125	1	28020.869	249.40	38.00	1.0377	ok
28143.157	28120.286	243.40	34.00	0.438125	1	28037.674	248.40	37.00	1.1056	ok
28174.191	28154.745	243.40	34.00	0.438125	1	28070.436	246.40	35.00	1.1152	ok
28205.417	28186.552	243.40	34.00	0.438125	1	28104.013	243.40	34.00	1.2518	ok
28217.984	28203.350	243.40	34.00	0.438125	1	28104.013	243.40	34.00	1.4013	ok
28251.221	28236.640	243.40	34.00	0.438125	1	28136.887	243.40	34.00	1.3520	ok
28267.896	28253.091	243.40	34.00	0.438125	1	28154.745	243.40	34.00	0.9723	ok
28297.168	28286.637	243.40	34.00	0.438125	1	28186.552	243.40	34.00	0.9783	ok
28328.363	28303.447	243.40	34.00	0.438125	1	28220.096	243.40	34.00	1.0296	ok
28344.617	28320.319	243.40	34.00	0.438125	1	28236.640	243.40	34.00	1.0188	ok
28375.114	28353.573	243.40	34.00	0.438125	1	28269.947	243.40	34.00	1.1173	ok
28394.697	28370.243	243.40	34.00	0.438125	1	28286.637	243.40	34.00	1.0530	ok
28421.661	28403.674	243.40	34.00	0.438125	1	28320.319	243.40	34.00	1.1909	ok
28451.436	28436.833	243.40	34.00	0.438125	1	28336.885	243.40	34.00	1.0062	ok
28467.449	28453.565	243.40	34.00	0.438125	1	28353.573	243.40	34.00	1.0954	ok
28499.407	28487.053	222.40	34.00	0.500625	1	28386.878	243.40	34.00	1.0076	ok
28515.381	28503.203	222.40	34.00	0.500625	1	28403.674	243.40	34.00	1.0495	ok
28547.155	28520.237	222.40	34.00	0.500625	1	28436.833	243.40	34.00	0.9940	ok
28578.362	28520.237	222.40	34.00	0.500625	1	28470.678	243.40	34.00	1.0425	ok
28594.108	28520.237	222.40	34.00	0.500625	1	28487.053	222.40	34.00	1.0579	ok
28625.336	28520.237	222.40	34.00	0.500625	1	28520.237	222.40	34.00	1.3963	ok
28644.090	28520.237	222.40	34.00	0.500625	1	28520.237	222.40	34.00	1.0999	ok
28671.511	28520.237	222.40	34.00	0.500625	1	28520.237	222.40	34.00	1.1314	ok
28701.155	28520.237	222.40	34.00	0.500625	1	28520.237	222.40	34.00	1.1069	ok
28718.279	28520.237	222.40	34.00	0.500625	1	28520.237	222.40	34.00	1.1153	ok
28750.182	28520.237	222.40	34.00	0.500625	1	28520.237	222.40	34.00	0.9699	stale
28768.579	28520.237	222.40	34.00	0.500625	1	28520.237	222.40	34.00	1.2339	stale
28796.307	28520.237	222.40	34.00	0.500625	1	28520.237	222.40	34.00	1.0331	stale
28827.303	28520.237	222.40	34.00	0.500625	1	28520.237	222.40	34.00	1.0091	stale
28843.344	28520.237	222.40	34.00	0.500625	1	28520.237	222.40	34.00	1.1670	stale
28874.693	28520.237	222.40	34.00	0.500625	1	28520.237	222.40	34.00	1.1281	stale
28890.515	28520.237	222.40	34.00	0.500625	1	28520.237	222.40	34.00	1.1347	stale
28921.418	28520.237	222.40	34.00	0.500625	1	28520.237	222.40	34.00	1.2576	stale
28951.592	28520.237	222.40	34.00	0.500625	1	28520.237	222.40	34.00	1.2543	stale
28967.946	28520.237	222.40	34.00	0.500625	1	28520.237	222.40	34.00	1.0184	stale
28999.163	28520.237	222.40	34.00	0.500625	1	28520.237	222.40	34.00	0.9577	stale
29014.240	28520.237	222.40	34.00	0.500625	1	28520.237	222.40	34.00	0.9181	stale
29045.466					0				0.0	hidden
29076.062					0				0.0	hidden
29092.091					0				0.0	hidden
29124.270					0				0.0	hidden
29139.340					0				0.0	hidden
29170.269					0				0.0	hidden
29201.225					0				0.0	hidden
29218.175					0				0.0	hidden
29249.402					0				0.0	hidden
29265.337					0				0.0	hidden
29296.985					0				0.0	hidden
29329.169					0				0.0	hidden
29344.267					0				0.0	hidden
29374.739					0				0.0	hidden
29390.146					0				0.0	hidden
29421.024					0				0.0	hidden
29451.173					0				0.0	hidden
29468.120					0				0.0	hidden
29499.166					0				0.0	hidden
29518.000					0				0.0	hidden
29547.315					0				0.0	hidden
29578.656					0				0.0	hidden
29594.050					0				0.0	hidden
29625.120					0				0.0	hidden
29641.289					0				0.0	hidden
29671.346					0				0.0	hidden
29703.282					0				0.0	hidden
29717.881					0				0.0	hidden
29750.434					0				0.0	hidden
29767.834					0				0.0	hidden
29796.029					0				0.0	hidden
29828.064					0				0.0	hidden
29843.418					0				0.0	hidden
29874.407					0				0.0	hidden
29890.107					0				0.0	hidden
29921.037					0				0.0	hidden
29951.155					0				0.0	hidden
29968.084					0				0.0	hidden
29999.407					0				0.0	hidden
30015.295					0				0.0	hidden
30047.093					0				0.0	hidden
30078.221					0				0.0	hidden
30094.244					0				0.0	hidden
30126.275					0				0.0	hidden
30141.395					0				0.0	hidden
30173.319					0				0.0	hidden
30201.302					0				0.0	hidden
30218.083					0				0.0	hidden
30250.350					0				0.0	hidden
30268.243					0				0.0	hidden
30298.215					0				0.0	hidden
30328.285					0				0.0	hidden
30343.586					0				0.0	hidden
30375.031					0				0.0	hidden
30391.132					0				0.0	hidden
30419.972					0				0.0	hidden
30451.201					0				0.0	hidden
30468.018					0				0.0	hidden
30499.040					0				0.0	hidden
30516.235					0				0.0	hidden
30546.914					0				0.0	hidden
30577.977					0				0.0	hidden
30593.314					0				0.0	hidden
30623.376					0				0.0	hidden
30643.369					0				0.0	hidden
30675.416					0				0.0	hidden
30701.391					0				0.0	hidden
30718.048					0				0.0	hidden
30748.087					0				0.0	hidden
30764.097					0				0.0	hidden
30795.724					0				0.0	hidden
30827.088					0				0.0	hidden
30843.188					0				0.0	hidden
30875.125					0				0.0	hidden
30893.382					0				0.0	hidden
30922.037					0				0.0	hidden
30951.177					0				0.0	hidden
30967.984					0				0.0	hidden
31000.256					0				0.0	hidden
31018.006					0				0.0	hidden
31047.309					0				0.0	hidden
31078.279					0				0.0	hidden
31094.185					0				0.0	hidden
31123.234					0				0.0	hidden
31139.433					0				0.0	hidden
31171.013					0				0.0	hidden
31201.339					0				0.0	hidden
31219.370					0				0.0	hidden
31251.342					0				0.0	hidden
31268.046					0				0.0	hidden
31300.115					0				0.0	hidden
31332.269					0				0.0	hidden
31345.534					0				0.0	hidden
31380.640					0				0.0	hidden
31391.109					0				0.0	hidden
31427.204					0				0.0	hidden
31459.324					0				0.0	hidden
31475.534					0				0.0	hidden
31501.117					0				0.0	hidden
31517.973					0				0.0	hidden
31551.171					0				0.0	hidden
31584.583					0				0.0	hidden
31601.241					0				0.0	hidden
31634.652					0				0.0	hidden
31651.461					0				0.0	hidden
31683.195					0				0.0	hidden
31701.168					0				0.0	hidden
31717.939					0				0.0	hidden
31751.463					0				0.0	hidden
31767.897					0				0.0	hidden
31795.383					0				0.0	hidden
31827.372					0				0.0	hidden
31844.108					0				0.0	hidden
31876.051					0				0.0	hidden
31891.998					0				0.0	hidden
31924.101					0				0.0	hidden
31955.374					0				0.0	hidden
31971.436					0				0.0	hidden
32001.269					0				0.0	hidden
32017.966					0				0.0	hidden
32051.363					0				0.0	hidden
32083.322	32071.617	944.00	34.00	0.050000	1	28520.237	222.40	34.00	1.4576	stale
32099.590	32071.617	944.00	34.00	0.050000	1	28520.237	222.40	34.00	0.9952	stale
32131.443	32071.617	944.00	34.00	0.050000	1	28520.237	222.40	34.00	0.9492	stale
32147.934	32071.617	944.00	34.00	0.050000	1	28520.237	222.40	34.00	1.0292	stale
32179.136	32071.617	944.00	34.00	0.050000	1	32071.617	944.00	34.00	0.9425	stale
32206.408	32071.617	944.00	34.00	0.050000	1	32071.617	944.00	34.00	1.6349	stale
32217.947	32071.617	944.00	34.00	0.050000	1	32071.617	944.00	34.00	0.9703	stale
32260.170	32071.617	944.00	34.00	0.050000	1	32071.617	944.00	34.00	5.3276	stale
32268.000	32071.617	944.00	34.00	0.050000	1	32071.617	944.00	34.00	1.1682	stale
32301.204	32071.617	944.00	34.00	0.050000	1	32071.617	944.00	34.00	0.9340	stale
32334.505	32071.617	944.00	34.00	0.050000	1	32071.617	944.00	34.00	0.9179	stale
32351.165	32071.617	944.00	34.00	0.050000	1	32071.617	944.00	34.00	1.1681	stale
32383.055	32071.617	944.00	34.00	0.050000	1	32071.617	944.00	34.00	0.9054	stale
32394.639	32071.617	944.00	34.00	0.050000	1	32071.617	944.00	34.00	0.9237	stale
32430.185	32071.617	944.00	34.00	0.050000	1	32071.617	944.00	34.00	0.8801	stale
32451.246	32071.617	944.00	34.00	0.050000	1	32071.617	944.00	34.00	0.9966	stale
32467.190	32071.617	944.00	34.00	0.050000	1	32071.617	944.00	34.00	0.8919	stale
32499.445	32071.617	944.00	34.00	0.050000	1	32071.617	944.00	34.00	0.9131	stale
32515.310	32071.617	944.00	34.00	0.050000	1	32071.617	944.00	34.00	0.9290	stale
32547.744	32071.617	944.00	34.00	0.050000	1	32071.617	944.00	34.00	0.9746	stale
32579.944					0				0.0	hidden
32595.321					0				0.0	hidden
32627.211					0				0.0	hidden
32643.307					0				0.0	hidden
32675.178					0				0.0	hidden
32701.206					0				0.0	hidden
32717.978					0				0.0	hidden
32751.191					0				0.0	hidden
32767.908					0				0.0	hidden
32801.274					0				0.0	hidden
32834.593					0				0.0	hidden
32851.314					0				0.0	hidden
32883.344					0				0.0	hidden
32894.144					0				0.0	hidden
32930.206					0				0.0	hidden
32951.221					0				0.0	hidden
32967.943					0				0.0	hidden
33001.130					0				0.0	hidden
33017.929					0				0.0	hidden
33051.246					0				0.0	hidden
33084.567					0				0.0	hidden
33101.278					0				0.0	hidden
33123.240					0				0.0	hidden
33139.639					0				0.0	hidden
33172.151					0				0.0	hidden
33201.311					0				0.0	hidden
33218.099					0				0.0	hidden
33251.323					0				0.0	hidden
33267.409					0				0.0	hidden
33299.428					0				0.0	hidden
33331.509					0				0.0	hidden
33347.342					0				0.0	hidden
33379.246					0				0.0	hidden
33395.848					0				0.0	hidden
33427.279					0				0.0	hidden
33459.385					0				0.0	hidden
33467.972					0				0.0	hidden
33501.247					0				0.0	hidden
33517.927					0				0.0	hidden
33551.274					0				0.0	hidden
33582.750					0				0.0	hidden
33598.594					0				0.0	hidden
33630.091					0				0.0	hidden
33644.764					0				0.0	hidden
33675.841					0				0.0	hidden
33701.164					0				0.0	hidden
33717.997					0				0.0	hidden
33751.248					0				0.0	hidden
33767.982					0				0.0	hidden
33796.293					0				0.0	hidden
33828.104					0				0.0	hidden
33844.080					0				0.0	hidden
33875.614					0				0.0	hidden
33891.163					0				0.0	hidden
33924.113					0				0.0	hidden
33951.198					0				0.0	hidden
33967.952					0				0.0	hidden
34001.304					0				0.0	hidden
34019.388					0				0.0	hidden
34050.555					0				0.0	hidden
34082.983					0				0.0	hidden
34099.238					0				0.0	hidden
34131.079					0				0.0	hidden
34147.090					0				0.0	hidden
34179.028					0				0.0	hidden
34201.317					0				0.0	hidden
34217.974					0				0.0	hidden
34251.186					0				0.0	hidden
34273.279					0				0.0	hidden
34301.233					0				0.0	hidden
34334.544					0				0.0	hidden
34351.365					0				0.0	hidden
34381.661	34368.769	53.40	34.00	0.586562	1	32071.617	944.00	34.00	1.4345	stale
34394.441	34368.769	53.40	34.00	0.586562	1	32071.617	944.00	34.00	1.2379	stale
34428.579	34403.319	137.40	34.00	0.500625	1	32071.617	944.00	34.00	1.0500	stale
34451.513	34438.542	137.40	34.00	0.500625	1	32071.617	944.00	34.00	0.9300	stale
34467.989	34455.587	137.40	34.00	0.500625	1	34352.820	53.40	34.00	1.0415	stale
34499.344	34485.870	137.40	34.00	0.500625	1	34389.471	53.40	34.00	0.9321	stale
34515.357	34505.469	137.40	34.00	0.500625	1	34403.319	137.40	34.00	1.0128	stale
34547.314	34538.710	137.40	34.00	0.500625	1	34438.542	137.40	34.00	0.9811	stale
34580.062	34569.288	137.40	34.00	0.500625	1	34469.443	137.40	34.00	1.2327	stale
34595.566	34569.288	137.40	34.00	0.500625	1	34485.870	137.40	34.00	1.1247	stale
34628.037	34605.318	137.40	34.00	0.500625	1	34522.153	137.40	34.00	1.1497	stale
34643.444	34622.060	137.40	34.00	0.500625	1	34538.710	137.40	34.00	1.7043	stale
34675.378	34655.832	137.40	34.00	0.500625	1	34569.288	137.40	34.00	1.2161	stale
34701.269	34689.043	137.40	34.00	0.500625	1	34585.545	137.40	34.00	1.2100	stale
34722.048	34702.552	137.40	34.00	0.500625	1	34605.318	137.40	34.00	1.0117	stale
34751.215	34738.872	137.40	34.00	0.500625	1	34639.161	137.40	34.00	1.2559	stale
34767.858	34755.577	137.40	34.00	0.500625	1	34655.832	137.40	34.00	1.0077	stale
34800.442	34789.022	137.40	34.00	0.500625	1	34689.043	137.40	34.00	0.9651	stale
34832.455	34819.304	137.40	34.00	0.500625	1	34719.060	137.40	34.00	0.9619	stale
34848.612	34839.206	137.40	34.00	0.500625	1	34738.872	137.40	34.00	0.9753	stale
34880.141	34855.454	137.40	34.00	0.500625	1	34772.243	137.40	34.00	0.9866	stale
34895.244	34872.161	137.40	34.00	0.500625	1	34789.022	137.40	34.00	1.2770	stale
34927.244	34905.449	137.40	34.00	0.500625	1	34819.304	137.40	34.00	1.0175	stale
34958.429	34938.950	137.40	34.00	0.500625	1	34855.454	137.40	34.00	1.1238	stale
34967.995	34955.681	198.50	34.00	0.438021	1	34855.454	137.40	34.00	1.0499	stale
35001.229	34988.890	198.50	34.00	0.438021	1	34888.929	137.40	34.00	0.9808	stale
35017.874	35005.344	198.50	34.00	0.438021	1	34905.449	137.40	34.00	0.9854	stale
35050.451	35038.602	198.50	34.00	0.438021	1	34938.950	137.40	34.00	1.1845	stale
35082.397	35072.195	198.50	34.00	0.438021	1	34972.354	198.50	34.00	0.9699	stale
35097.599	35088.965	198.50	34.00	0.438021	1	34988.890	198.50	34.00	0.9657	stale
35124.117	35105.626	198.50	34.00	0.438021	1	35022.024	198.50	34.00	1.1978	stale
35139.821	35122.201	198.50	34.00	0.438021	1	35038.602	198.50	34.00	1.2210	stale
35171.447	35155.682	198.50	34.00	0.438021	1	35055.441	198.50	34.00	0.9898	stale
35203.699	35188.907	198.50	34.00	0.438021	1	35088.965	198.50	34.00	0.9843	stale
35217.990	35205.825	198.50	34.00	0.438021	1	35105.626	198.50	34.00	1.6249	stale
35251.184	35235.584	198.50	34.00	0.438021	1	35139.089	198.50	34.00	1.1183	stale
35267.222	35255.517	198.50	34.00	0.438021	1	35155.682	198.50	34.00	0.9956	stale
35299.210	35288.845	198.50	34.00	0.438021	1	35188.907	198.50	34.00	0.9644	stale
35331.495	35322.224	198.50	34.00	0.438021	1	35219.289	198.50	34.00	0.9912	stale
35348.147	35339.174	198.50	34.00	0.438021	1	35235.584	198.50	34.00	0.9435	stale
35380.069	35355.635	198.50	34.00	0.438021	1	35272.379	198.50	34.00	0.9747	stale
35395.438	35372.150	198.50	34.00	0.438021	1	35288.845	198.50	34.00	1.1358	stale
35427.262	35405.670	198.50	34.00	0.438021	1	35322.224	198.50	34.00	1.2046	stale
35451.309	35439.071	198.50	34.00	0.438021	1	35339.174	198.50	34.00	1.3058	stale
35475.539	35452.647	198.50	34.00	0.438021	1	35372.150	198.50	34.00	1.1290	stale
35501.247	35489.787	198.50	34.00	0.438021	1	35388.911	198.50	34.00	1.0708	stale
35522.389	35503.666	198.50	34.00	0.438021	1	35422.060	198.50	34.00	1.0165	stale
35554.059	35536.900	198.40	34.00	0.438125	1	35452.647	198.50	34.00	1.0829	stale
35584.620	35572.327	198.40	79.50	0.438125	1	35469.373	198.50	34.00	1.1793	ok
35601.345	35589.220	198.20	73.50	0.438333	1	35489.787	198.50	34.00	1.0973	ok
35631.665	35619.479	198.20	59.50	0.438333	1	35520.146	198.40	34.00	1.0323	ok
35647.036	35619.479	198.20	59.50	0.438333	1	35536.900	198.40	34.00	1.1424	ok
35678.490	35653.134	198.20	49.50	0.438333	1	35572.327	198.40	79.50	1.1057	ok
35709.349	35702.713	198.20	41.50	0.438333	1	35603.082	198.20	66.50	1.0236	ok
35725.565	35702.713	198.20	41.50	0.438333	1	35619.479	198.20	59.50	1.1092	ok
35755.555	35735.991	198.40	37.50	0.438125	1	35653.134	198.20	49.50	1.3112	ok
35767.993	35751.715	198.40	35.50	0.438125	1	35653.134	198.20	49.50	1.0591	ok
35795.291	35787.161	198.50	28.50	0.438021	1	35689.355	198.20	43.50	1.1373	ok
35828.147	35820.076	198.50	25.50	0.438021	1	35719.278	198.40	39.50	1.0056	ok
35843.561	35820.076	198.50	25.50	0.438021	1	35735.991	198.40	37.50	1.0916	ok
35875.406	35853.890	198.50	25.50	0.438021	1	35770.967	198.60	31.50	1.2180	ok
35892.005	35870.023	198.50	25.50	0.438021	1	35787.161	198.50	28.50	1.1551	ok
35923.228	35903.510	198.50	25.50	0.438021	1	35820.076	198.50	25.50	1.1012	ok
35951.334	35936.729	198.50	25.50	0.438021	1	35837.057	198.50	25.50	1.0866	ok
35968.014	35953.505	198.50	25.50	0.438021	1	35853.890	198.50	25.50	1.1652	ok
36001.284	35987.057	198.50	25.50	0.438021	1	35886.773	198.50	25.50	1.0123	ok
36017.892	36003.601	198.50	25.50	0.438021	1	35903.510	198.50	25.50	1.0449	ok
36051.362	36036.806	198.50	25.50	0.438021	1	35936.729	198.50	25.50	1.3519	ok
36083.414	36070.421	198.50	25.50	0.438021	1	35970.272	198.50	25.50	1.1597	ok
36099.468	36086.641	198.50	25.50	0.438021	1	35987.057	198.50	25.50	1.0009	ok
36131.422	36120.158	198.50	25.50	0.438021	1	36020.162	198.50	25.50	0.9907	ok
36147.444	36136.864	198.50	25.50	0.438021	1	36036.806	198.50	25.50	1.0520	ok
36179.518	36170.045	198.50	25.50	0.438021	1	36070.421	198.50	25.50	1.0514	ok
36212.158	36187.091	198.50	26.50	0.438021	1	36103.578	198.50	25.50	1.0803	ok
36218.141	36204.336	199.50	27.50	0.438021	1	36103.578	198.50	25.50	1.0326	ok
36251.281	36237.104	200.50	27.50	0.438021	1	36136.864	198.50	25.50	1.0492	ok
36267.991	36253.573	200.50	27.50	0.438021	1	36153.742	198.50	25.50	0.9987	ok
36301.340	36286.990	201.50	27.50	0.438021	1	36187.091	198.50	26.50	1.0708	ok
36334.579	36320.145	201.50	27.50	0.438021	1	36220.925	199.50	27.50	1.4567	ok
36351.415	36337.686	201.50	28.50	0.438021	1	36237.104	200.50	27.50	1.0871	ok
36384.623	36370.878	198.50	30.50	0.438021	1	36270.583	201.50	27.50	1.4564	ok
36400.613	36387.238	196.50	30.50	0.438021	1	36286.990	201.50	27.50	1.0941	ok
36431.465	36420.393	167.40	32.50	0.438125	1	36320.145	201.50	27.50	0.9967	ok
36451.590	36437.976	142.40	32.50	0.438125	1	36337.686	201.50	28.50	1.0422	ok
36468.380	36454.884	113.40	32.50	0.438125	1	36355.036	200.50	29.50	1.0482	ok
36499.405	36488.058	72.40	32.50	0.438125	1	36387.238	196.50	30.50	1.0876	ok
36515.491	36503.955	60.40	33.00	0.438125	1	36404.053	185.40	32.50	1.0318	ok
36547.484	36536.720	50.40	33.00	0.438125	1	36437.976	142.40	32.50	1.0073	ok
36579.218	36570.137	49.40	33.00	0.438125	1	36471.456	88.40	32.50	1.0472	ok
36595.365	36570.137	49.40	33.00	0.438125	1	36488.058	72.40	32.50	1.0485	ok
36627.370	36603.857	49.40	33.00	0.438125	1	36520.478	53.40	33.00	1.0512	ok
36643.886	36620.402	49.40	33.00	0.438125	1	36536.720	50.40	33.00	1.0912	ok
36676.134	36653.424	49.40	33.00	0.438125	1	36570.137	49.40	33.00	1.0946	ok
36701.210	36686.912	50.40	35.00	0.438125	1	36587.027	49.40	33.00	1.4050	ok
36717.973	36703.873	51.40	36.00	0.438125	1	36603.857	49.40	33.00	1.0806	ok
36751.246	36737.791	54.40	39.00	0.438125	1	36636.937	49.40	33.00	1.0153	ok
36767.976	36754.311	55.20	41.00	0.438333	1	36653.424	49.40	33.00	0.9999	ok
36801.232	36787.815	60.20	44.00	0.438333	1	36686.912	50.40	35.00	1.0478	ok
36834.571	36820.740	70.20	50.50	0.438333	1	36721.076	51.40	36.00	1.0084	ok
36851.392	36837.124	77.20	53.50	0.438333	1	36737.791	54.40	39.00	1.6985	ok
36883.676	36871.017	92.20	58.50	0.438333	1	36771.173	56.20	42.00	1.0450	ok
36898.999	36887.155	99.20	60.50	0.438333	1	36787.815	60.20	44.00	1.0212	ok
36930.018	36920.499	115.20	60.50	0.438333	1	36820.740	70.20	50.50	1.0098	ok
36960.485	36937.050	122.20	61.50	0.438333	1	36854.578	84.20	56.50	1.1408	ok
36967.946	36953.825	128.20	61.50	0.438333	1	36854.578	84.20	56.50	1.0340	ok
37001.312	36987.342	140.20	61.50	0.438333	1	36887.155	99.20	60.50	1.0189	ok
37017.957	37004.025	146.20	61.50	0.438333	1	36904.193	107.20	60.50	1.0123	ok
37051.270	37037.210	156.20	62.50	0.438333	1	36937.050	122.20	61.50	1.0372	ok
37084.596	37070.447	166.20	62.50	0.438333	1	36970.556	134.20	61.50	1.0092	ok
37101.336	37087.122	170.20	62.50	0.438333	1	36987.342	140.20	61.50	1.0858	ok
37123.594	37103.841	175.20	62.50	0.438333	1	37020.855	151.20	62.50	1.2928	ok
37139.563	37120.747	180.20	62.50	0.438333	1	37037.210	156.20	62.50	1.8536	ok
37172.178	37154.084	191.20	62.50	0.438333	1	37070.447	166.20	62.50	1.2134	ok
37203.473	37187.235	202.20	62.50	0.438333	1	37087.122	170.20	62.50	1.1353	ok
37217.995	37203.863	207.20	62.50	0.438333	1	37103.841	175.20	62.50	0.9980	ok
37251.310	37236.942	214.20	62.50	0.438333	1	37137.707	184.20	62.50	1.2421	ok
37267.374	37254.312	220.20	63.00	0.438333	1	37154.084	191.20	62.50	1.4103	ok
37299.490	37287.283	225.20	63.00	0.438333	1	37187.235	202.20	62.50	1.0653	ok
37331.188	37320.670	233.20	63.00	0.438333	1	37220.191	207.20	62.50	1.0093	ok
37347.310	37336.949	236.20	63.00	0.438333	1	37236.942	214.20	62.50	1.0894	ok
37379.137	37353.930	240.20	63.00	0.438333	1	37270.972	222.20	63.00	1.0877	ok
37395.420	37370.811	244.20	63.00	0.438333	1	37287.283	225.20	63.00	1.1497	ok
37427.285	37404.023	250.20	63.00	0.438333	1	37320.670	233.20	63.00	1.0683	ok
37451.257	37436.866	256.20	63.00	0.438333	1	37336.949	236.20	63.00	1.0222	ok
37467.972	37453.622	257.20	63.00	0.438333	1	37353.930	240.20	63.00	1.1100	ok
37501.394	37487.398	257.20	63.00	0.438333	1	37387.312	247.20	63.00	1.2013	ok
37517.979	37503.953	257.20	63.00	0.438333	1	37404.023	250.20	63.00	0.9943	ok
37551.295	37536.730	257.20	63.00	0.438333	1	37436.866	256.20	63.00	1.0589	ok
37584.192	37570.186	257.20	63.00	0.438333	1	37470.451	257.20	63.00	1.0198	ok
37599.299	37586.613	257.20	63.00	0.438333	1	37487.398	257.20	63.00	1.4335	ok
37630.365	37619.768	257.20	63.00	0.438333	1	37520.292	257.20	63.00	0.9635	ok
37643.989	37619.768	257.20	63.00	0.438333	1	37536.730	257.20	63.00	1.0410	ok
37678.039	37653.395	257.20	63.00	0.438333	1	37570.186	257.20	63.00	1.0513	ok
37701.242	37686.742	257.20	63.00	0.438333	1	37586.613	257.20	63.00	1.5009	ok
37717.950	37703.315	257.20	63.00	0.438333	1	37603.282	257.20	63.00	1.0490	ok
37755.241	37736.934	257.20	63.00	0.438333	1	37653.395	257.20	63.00	1.2901	ok
37767.947	37753.135	257.20	63.00	0.438333	1	37653.395	257.20	63.00	1.0374	ok
37795.423	37787.041	257.20	63.00	0.438333	1	37686.742	257.20	63.00	1.0388	ok
37827.513	37803.259	257.20	63.00	0.438333	1	37720.436	257.20	63.00	0.9904	ok
37843.641	37819.768	257.20	63.00	0.438333	1	37736.934	257.20	63.00	1.1815	ok
37876.187	37853.455	257.20	63.00	0.438333	1	37770.337	257.20	63.00	1.0984	ok
37892.244	37869.927	257.20	63.00	0.438333	1	37787.041	257.20	63.00	1.1149	ok
37924.147	37903.860	257.20	63.00	0.438333	1	37819.768	257.20	63.00	1.0784	ok
37951.224	37937.088	257.20	63.00	0.438333	1	37836.548	257.20	63.00	1.0425	ok
37971.537	37953.863	257.20	63.00	0.438333	1	37869.927	257.20	63.00	1.1698	ok
38001.316	37986.657	257.20	63.00	0.438333	1	37887.045	257.20	63.00	1.1208	ok
38017.879	38003.461	257.20	63.00	0.438333	1	37903.860	257.20	63.00	1.0430	ok
38051.201	38036.429	257.20	63.00	0.438333	1	37937.088	257.20	63.00	1.1184	ok
38083.235	38069.834	257.20	63.00	0.438333	1	37969.974	257.20	63.00	0.9700	ok
38099.288	38086.667	257.20	63.00	0.438333	1	37986.657	257.20	63.00	1.0081	ok
38132.148	38119.884	257.20	63.00	0.438333	1	38020.082	257.20	63.00	1.1984	ok
38148.129	38136.829	257.20	63.00	0.438333	1	38036.429	257.20	63.00	1.0127	ok
38179.078	38170.003	257.20	63.00	0.438333	1	38069.834	257.20	63.00	0.9883	ok
38201.213	38186.698	257.20	63.00	0.438333	1	38086.667	257.20	63.00	1.0291	ok
38217.986	38203.522	257.20	63.00	0.438333	1	38103.531	257.20	63.00	0.9935	ok
38251.233	38236.618	257.20	63.00	0.438333	1	38136.829	257.20	63.00	0.9879	ok
38268.042	38253.540	257.20	63.00	0.438333	1	38153.768	257.20	63.00	1.0598	ok
38301.298	38286.502	257.20	63.00	0.438333	1	38186.698	257.20	63.00	1.0935	ok
38334.175	38319.812	257.20	63.00	0.438333	1	38220.077	257.20	63.00	1.0414	ok
38349.488	38336.465	257.20	63.00	0.438333	1	38236.618	257.20	63.00	0.9752	ok
38380.177	38369.809	257.20	63.00	0.438333	1	38270.232	257.20	63.00	0.9692	ok
38394.420	38369.809	257.20	63.00	0.438333	1	38286.502	257.20	63.00	1.2165	ok
38425.330	38404.193	257.20	63.00	0.438333	1	38319.812	257.20	63.00	1.1231	ok
38451.589	38436.730	257.20	63.00	0.438333	1	38336.465	257.20	63.00	1.1100	ok
38468.075	38453.532	257.20	63.00	0.438333	1	38353.351	257.20	63.00	0.9888	ok
38499.309	38486.853	257.20	63.00	0.438333	1	38386.721	257.20	63.00	1.0089	ok
38515.251	38503.249	257.20	63.00	0.438333	1	38404.193	257.20	63.00	0.9605	ok
38547.448	38536.810	257.20	63.00	0.438333	1	38436.730	257.20	63.00	0.9772	ok
38579.153	38569.914	257.20	63.00	0.438333	1	38470.448	257.20	63.00	1.1900	ok
38595.349	38586.603	257.20	63.00	0.438333	1	38486.853	257.20	63.00	1.0470	ok
38627.380	38603.304	257.20	63.00	0.438333	1	38519.993	257.20	63.00	1.0973	ok
38643.119	38619.924	257.20	63.00	0.438333	1	38536.810	257.20	63.00	1.1379	ok
38674.216	38654.054	257.20	63.00	0.438333	1	38569.914	257.20	63.00	1.1765	ok
38701.204	38687.064	257.20	63.00	0.438333	1	38586.603	257.20	63.00	0.9997	ok
38717.946	38703.667	257.20	63.00	0.438333	1	38603.304	257.20	63.00	1.0510	ok
38751.267	38736.629	257.20	63.00	0.438333	1	38637.234	257.20	63.00	1.0674	ok
38767.943	38753.212	257.20	63.00	0.438333	1	38654.054	257.20	63.00	1.2072	ok
38799.404	38786.396	257.20	63.00	0.438333	1	38687.064	257.20	63.00	0.9860	ok
38830.420	38820.483	257.20	63.00	0.438333	1	38720.309	257.20	63.00	1.0028	ok
38845.003	38820.483	257.20	63.00	0.438333	1	38736.629	257.20	63.00	1.0692	ok
38876.433	38854.050	257.20	63.00	0.438333	1	38769.987	257.20	63.00	1.1737	ok
38894.315	38870.563	257.20	63.00	0.438333	1	38786.396	257.20	63.00	1.3868	ok
38922.633	38904.890	257.20	63.00	0.438333	1	38820.483	257.20	63.00	1.2052	ok
38954.177	38937.228	257.20	63.00	0.438333	1	38854.050	257.20	63.00	1.2162	ok
38968.016	38953.896	257.20	63.00	0.438333	1	38854.050	257.20	63.00	1.0336	ok
39000.259	38986.682	257.20	63.00	0.438333	1	38887.742	257.20	63.00	0.9788	ok
39015.101	39003.575	257.20	63.00	0.438333	1	38904.890	257.20	63.00	0.9760	ok
39047.136	39036.683	257.20	63.00	0.438333	1	38937.228	257.20	63.00	0.9848	ok
39078.340	39070.090	257.20	63.00	0.438333	1	38970.264	257.20	63.00	0.9814	ok
39094.272	39070.090	257.20	63.00	0.438333	1	38986.682	257.20	63.00	1.3521	ok
39123.235	39104.625	257.20	63.00	0.438333	1	39020.282	257.20	63.00	1.1623	ok
39139.872	39121.418	257.20	63.00	0.438333	1	39036.683	257.20	63.00	1.3981	ok
39171.262	39155.326	257.20	63.00	0.438333	1	39070.090	257.20	63.00	1.0410	ok
39201.264	39188.426	257.20	63.00	0.438333	1	39087.465	257.20	63.00	1.1712	ok
39217.595	39205.522	257.20	63.00	0.438333	1	39104.625	257.20	63.00	1.6793	ok
39248.591	39238.342	257.20	63.00	0.438333	1	39138.669	257.20	63.00	0.9997	ok
39267.233	39255.067	257.20	63.00	0.438333	1	39155.326	257.20	63.00	1.0163	ok
39299.374	39288.431	257.20	63.00	0.438333	1	39188.426	257.20	63.00	1.0194	ok
39326.124	39319.263	257.20	63.00	0.438333	1	39221.963	257.20	63.00	1.2414	ok
39348.266	39335.213	257.20	63.00	0.438333	1	39238.342	257.20	63.00	1.0384	ok
39373.292	39355.060	257.20	63.00	0.438333	1	39271.931	257.20	63.00	1.6052	ok
39396.364	39371.702	257.20	63.00	0.438333	1	39288.431	257.20	63.00	1.0601	ok
39420.431	39405.044	257.20	63.00	0.438333	1	39319.263	257.20	63.00	1.0318	ok
39451.492	39439.027	257.20	63.00	0.438333	1	39335.213	257.20	63.00	1.0013	ok
39467.537	39452.536	257.20	63.00	0.438333	1	39355.060	257.20	63.00	1.2518	ok
39499.211	39488.104	257.20	63.00	0.438333	1	39388.373	257.20	63.00	0.9932	ok
39515.287	39504.854	257.20	63.00	0.438333	1	39405.044	257.20	63.00	1.0144	ok
39547.490	39538.436	257.20	63.00	0.438333	1	39439.027	257.20	63.00	1.0519	ok
39579.423	39555.087	257.20	63.00	0.438333	1	39468.835	257.20	63.00	1.1340	ok
39595.539	39571.706	257.20	63.00	0.438333	1	39488.104	257.20	63.00	1.3916	ok
39627.437	39605.515	257.20	63.00	0.438333	1	39521.778	257.20	63.00	1.0850	ok
39644.889	39621.837	257.20	63.00	0.438333	1	39538.436	257.20	63.00	1.0746	ok
39673.756	39655.196	257.20	63.00	0.438333	1	39571.706	257.20	63.00	1.5572	ok
39704.462	39686.488	257.20	63.00	0.438333	1	39588.586	257.20	63.00	1.0114	ok
39718.002	39702.368	257.20	63.00	0.438333	1	39605.515	257.20	63.00	1.5279	ok
39750.476	39738.205	257.20	63.00	0.438333	1	39638.315	257.20	63.00	1.0484	ok
39764.245	39754.835	257.20	63.00	0.438333	1	39655.196	257.20	63.00	1.3222	ok
39796.180	39771.649	257.20	63.00	0.438333	1	39686.488	257.20	63.00	1.0640	ok
39827.349	39804.919	257.20	63.00	0.438333	1	39721.677	257.20	63.00	1.2262	ok
39844.152	39821.607	257.20	63.00	0.438333	1	39738.205	257.20	63.00	1.1114	ok
39875.613	39855.058	257.20	63.00	0.438333	1	39771.649	257.20	63.00	1.4349	ok
39891.599	39871.614	257.20	63.00	0.438333	1	39788.276	257.20	63.00	1.1077	ok
39924.076	39905.314	257.20	63.00	0.438333	1	39821.607	257.20	63.00	1.2129	ok
39955.728	39939.228	257.20	63.00	0.438333	1	39855.058	257.20	63.00	1.2245	ok
39967.990	39955.529	257.20	63.00	0.438333	1	39855.058	257.20	63.00	0.9783	ok
40001.313	39988.797	257.20	63.00	0.438333	1	39888.349	257.20	63.00	1.1022	ok
40018.209	40005.891	257.20	63.00	0.438333	1	39905.314	257.20	63.00	1.2918	ok
40050.302	40038.998	257.20	63.00	0.438333	1	39939.228	257.20	63.00	1.0161	ok
40081.274	40071.832	257.20	63.00	0.438333	1	39972.336	257.20	63.00	1.4006	ok
40097.292	40088.389	257.20	63.00	0.438333	1	39988.797	257.20	63.00	0.9945	ok
40128.340	40105.179	257.20	63.00	0.438333	1	40022.946	257.20	63.00	1.3723	ok
40143.838	40121.854	257.20	63.00	0.438333	1	40038.998	257.20	63.00	1.1602	ok
40175.039	40155.690	257.20	63.00	0.438333	1	40071.832	257.20	63.00	1.0731	ok
40206.008	40188.892	257.20	63.00	0.438333	1	40105.179	257.20	63.00	1.3016	ok
40218.047	40205.747	257.20	63.00	0.438333	1	40105.179	257.20	63.00	1.0071	ok
40251.357	40238.700	257.20	63.00	0.438333	1	40138.863	257.20	63.00	1.1221	ok
40267.515	40255.387	257.20	63.00	0.438333	1	40155.690	257.20	63.00	0.9927	ok
40299.479	40289.857	257.20	63.00	0.438333	1	40188.892	257.20	63.00	0.9885	ok
40331.129	40318.801	257.20	63.00	0.438333	1	40222.288	257.20	63.00	1.0029	ok
40347.414	40338.783	257.20	63.00	0.438333	1	40238.700	257.20	63.00	1.2446	ok
40378.387	40355.356	257.20	63.00	0.438333	1	40272.154	257.20	63.00	1.0769	ok
40393.947	40371.854	257.20	63.00	0.438333	1	40289.857	257.20	63.00	1.1395	ok
40425.399	40405.300	257.20	63.00	0.438333	1	40318.801	257.20	63.00	1.1005	ok
40451.250	40440.347	257.20	63.00	0.438333	1	40338.783	257.20	63.00	1.1219	ok
40467.473	40453.735	257.20	63.00	0.438333	1	40355.356	257.20	63.00	1.8910	ok
40499.284	40485.851	257.20	63.00	0.438333	1	40388.554	257.20	63.00	0.9777	ok
40515.287	40501.975	257.20	63.00	0.438333	1	40405.300	257.20	63.00	1.4090	ok
40547.320	40538.610	257.20	63.00	0.438333	1	40440.347	257.20	63.00	1.3391	ok
40580.215	40555.494	257.20	63.00	0.438333	1	40469.593	257.20	63.00	1.2519	ok
40595.577	40572.100	257.20	63.00	0.438333	1	40485.851	257.20	63.00	1.3346	ok
40626.750	40605.574	257.20	63.00	0.438333	1	40521.822	257.20	63.00	1.3110	ok
40643.776	40636.350	257.20	63.00	0.438333	1	40538.610	257.20	63.00	1.1483	ok
40672.878	40652.602	257.20	63.00	0.438333	1	40572.100	257.20	63.00	1.3524	ok
40704.566	40688.678	257.20	63.00	0.438333	1	40588.845	257.20	63.00	1.5224	ok
40717.952	40705.212	257.20	63.00	0.438333	1	40605.574	257.20	63.00	0.9950	ok
40750.653	40738.533	257.20	63.00	0.438333	1	40636.350	257.20	63.00	1.0170	ok
40767.908	40755.344	257.20	63.00	0.438333	1	40652.602	257.20	63.00	1.0245	ok
40796.398	40772.268	257.20	63.00	0.438333	1	40688.678	257.20	63.00	1.0339	ok
40828.439	40805.913	257.20	63.00	0.438333	1	40721.896	257.20	63.00	1.1343	ok
40843.897	40822.648	257.20	63.00	0.438333	1	40738.533	257.20	63.00	1.3243	ok
40875.292	40855.469	257.20	63.00	0.438333	1	40772.268	257.20	63.00	1.0950	ok
40891.029	40872.025	257.20	63.00	0.438333	1	40789.049	257.20	63.00	1.1983	ok
40921.624	40902.536	257.20	63.00	0.438333	1	40805.913	257.20	63.00	1.1671	ok
40951.215	40939.284	257.20	63.00	0.438333	1	40839.128	257.20	63.00	0.9893	ok
40967.903	40955.776	257.20	63.00	0.438333	1	40855.469	257.20	63.00	1.0397	ok
41000.232	40988.767	257.20	63.00	0.438333	1	40889.062	257.20	63.00	0.9858	ok
41018.031	41005.686	257.20	63.00	0.438333	1	40902.536	257.20	63.00	1.0120	ok
41048.357	41039.003	257.20	63.00	0.438333	1	40939.284	257.20	63.00	0.9789	ok
41080.332	41055.551	257.20	63.00	0.438333	1	40971.901	257.20	63.00	1.0621	ok
41095.371	41072.094	257.20	63.00	0.438333	1	40988.767	257.20	63.00	1.5108	ok
41123.333	41106.312	257.20	63.00	0.438333	1	41022.463	257.20	63.00	1.1138	ok
41139.377	41119.862	257.20	63.00	0.438333	1	41039.003	257.20	63.00	1.1336	ok
41171.379	41152.658	257.20	63.00	0.438333	1	41055.551	257.20	63.00	1.0760	ok
41201.313	41188.735	257.20	63.00	0.438333	1	41088.960	257.20	63.00	1.0483	ok
41218.066	41205.580	257.20	63.00	0.438333	1	41106.312	257.20	63.00	1.1025	ok
41250.629	41239.091	257.20	63.00	0.438333	1	41136.240	257.20	63.00	1.0322	ok
41266.580	41255.622	257.20	63.00	0.438333	1	41152.658	257.20	63.00	1.2486	ok
41297.270	41272.256	257.20	63.00	0.438333	1	41188.735	257.20	63.00	1.0061	ok
41328.603	41302.583	257.20	63.00	0.438333	1	41222.364	257.20	63.00	1.3784	ok
41344.314	41318.869	257.20	63.00	0.438333	1	41239.091	257.20	63.00	1.0365	ok
41375.365	41352.607	257.20	63.00	0.438333	1	41272.256	257.20	63.00	1.2754	ok
41390.483	41369.043	257.20	63.00	0.438333	1	41289.204	257.20	63.00	1.1387	ok
41422.039	41405.661	257.20	63.00	0.438333	1	41318.869	257.20	63.00	1.1060	ok
41451.267	41438.681	257.20	63.00	0.438333	1	41339.021	257.20	63.00	1.1274	ok
41467.949	41455.792	257.20	63.00	0.438333	1	41352.607	257.20	63.00	1.0444	ok
41500.576	41488.674	257.20	63.00	0.438333	1	41388.969	257.20	63.00	1.1045	ok
41518.123	41505.213	257.20	63.00	0.438333	1	41405.661	257.20	63.00	1.2366	ok
41547.262	41521.962	257.20	63.00	0.438333	1	41438.681	257.20	63.00	0.9893	ok
41578.115	41555.554	257.20	63.00	0.438333	1	41472.537	257.20	63.00	1.1942	ok
41594.321	41572.127	257.20	63.00	0.438333	1	41488.674	257.20	63.00	1.1095	ok
41626.037	41605.675	257.20	63.00	0.438333	1	41521.962	257.20	63.00	1.0944	ok
41641.325	41622.113	257.20	63.00	0.438333	1	41538.868	257.20	63.00	1.1077	ok
41672.087	41655.620	257.20	63.00	0.438333	1	41555.554	257.20	63.00	0.9836	ok
41701.194	41688.553	257.20	63.00	0.438333	1	41588.957	257.20	63.00	1.0069	ok
41717.940	41705.324	257.20	63.00	0.438333	1	41605.675	257.20	63.00	1.3387	ok
41748.039	41739.154	257.20	63.00	0.438333	1	41638.819	257.20	63.00	1.0234	ok
41764.058	41752.681	308.25	86.67	0.383594	1	41655.620	257.20	63.00	1.2750	ok
41796.127	41768.925	308.25	86.67	0.383594	1	41688.553	257.20	63.00	1.1995	ok
41827.156	41802.636	392.33	126.33	0.292187	1	41722.043	257.20	63.00	1.1297	ok
41843.472	41818.684	392.33	126.33	0.292187	1	41739.154	257.20	63.00	1.1494	ok
41875.815	41855.377	392.33	126.33	0.292187	1	41768.925	308.25	86.67	1.1213	ok
41892.039	41872.054	392.33	126.33	0.292187	1	41789.132	308.25	86.67	1.0001	ok
41923.019	41905.575	392.33	126.33	0.292187	1	41818.684	392.33	126.33	1.1324	ok
41954.701	41938.714	392.33	126.33	0.292187	1	41838.431	392.33	126.33	1.0121	ok
41967.944	41955.819	392.33	126.33	0.292187	1	41855.377	392.33	126.33	0.9925	ok
42001.211	41988.701	392.33	126.33	0.292187	1	41888.847	392.33	126.33	1.2686	ok
42018.118	42005.759	392.33	126.33	0.292187	1	41905.575	392.33	126.33	1.0950	ok
42049.130	42038.762	393.00	127.00	0.291146	1	41938.714	392.33	126.33	0.9656	ok
42081.128	42055.320	393.00	127.00	0.291146	1	41972.498	392.33	126.33	1.0268	ok
42096.141	42086.183	433.00	149.00	0.250000	1	41988.701	392.33	126.33	1.0958	ok
42128.117	42102.614	433.00	149.00	0.250000	1	42022.550	393.00	127.00	1.0566	ok
42144.010	42122.392	463.00	149.00	0.218750	1	42038.762	393.00	127.00	1.0085	ok
42175.395	42155.838	463.00	149.00	0.218750	1	42072.428	393.00	127.00	1.1935	ok
42201.218	42189.425	489.00	149.00	0.191146	1	42086.183	433.00	149.00	0.9964	ok
42218.006	42205.743	489.00	149.00	0.191146	1	42102.614	433.00	149.00	0.9512	ok
42251.258	42238.828	489.00	149.00	0.191146	1	42139.091	463.00	149.00	1.0190	ok
42268.014	42255.395	489.00	149.00	0.191146	1	42155.838	463.00	149.00	0.9722	ok
42300.062	42288.521	489.00	149.00	0.191146	1	42189.425	489.00	149.00	0.9941	ok
42331.507	42321.996	489.00	149.00	0.191146	1	42222.149	489.00	149.00	0.9911	ok
42347.595	42338.506	489.00	149.00	0.191146	1	42238.828	489.00	149.00	0.9440	ok
42379.000	42355.235	489.00	149.00	0.191146	1	42272.084	489.00	149.00	1.0603	stale
42395.118	42372.085	489.00	149.00	0.191146	1	42288.521	489.00	149.00	1.1225	stale
42426.331	42405.865	489.00	149.00	0.191146	1	42321.996	489.00	149.00	1.0915	stale
42451.292	42405.865	489.00	149.00	0.191146	1	42338.506	489.00	149.00	0.9992	stale
42468.074	42405.865	489.00	149.00	0.191146	1	42355.235	489.00	149.00	1.1223	stale
42499.199	42405.865	489.00	149.00	0.191146	1	42389.032	489.00	149.00	0.9536	stale
42515.242	42405.865	489.00	149.00	0.191146	1	42405.865	489.00	149.00	0.9737	stale
42547.613	42405.865	489.00	149.00	0.191146	1	42405.865	489.00	149.00	1.6032	stale
42579.389	42405.865	489.00	149.00	0.191146	1	42405.865	489.00	149.00	1.1839	stale
42595.495	42405.865	489.00	149.00	0.191146	1	42405.865	489.00	149.00	1.2590	stale
42627.381	42405.865	489.00	149.00	0.191146	1	42405.865	489.00	149.00	1.4414	stale
42644.023	42405.865	489.00	149.00	0.191146	1	42405.865	489.00	149.00	1.5191	stale
42675.450	42405.865	489.00	149.00	0.191146	1	42405.865	489.00	149.00	1.0771	stale
42707.261	42405.865	489.00	149.00	0.191146	1	42405.865	489.00	149.00	1.1020	stale
42718.076	42405.865	489.00	149.00	0.191146	1	42405.865	489.00	149.00	0.9983	stale
42751.299	42405.865	489.00	149.00	0.191146	1	42405.865	489.00	149.00	0.9458	stale
42767.955	42405.865	489.00	149.00	0.191146	1	42405.865	489.00	149.00	0.9698	stale
42801.397	42405.865	489.00	149.00	0.191146	1	42405.865	489.00	149.00	1.0350	stale
42833.272	42405.865	489.00	149.00	0.191146	1	42405.865	489.00	149.00	1.1201	stale
42849.498	42405.865	489.00	149.00	0.191146	1	42405.865	489.00	149.00	1.4237	stale
42880.978	42405.865	489.00	149.00	0.191146	1	42405.865	489.00	149.00	1.1383	stale
42894.417	42405.865	489.00	149.00	0.191146	1	42405.865	489.00	149.00	1.0117	stale
42929.193					0				0.0	hidden
42960.641					0				0.0	hidden
42967.889					0				0.0	hidden
43001.285					0				0.0	hidden
43017.988					0				0.0	hidden
43051.252					0				0.0	hidden
43084.525					0				0.0	hidden
43101.355					0				0.0	hidden
43123.537					0				0.0	hidden
43139.466					0				0.0	hidden
43171.313					0				0.0	hidden
43204.103					0				0.0	hidden
43218.093					0				0.0	hidden
43251.407					0				0.0	hidden
43267.515					0				0.0	hidden
43299.817					0				0.0	hidden
43331.384					0				0.0	hidden
43347.571					0				0.0	hidden
43379.512					0				0.0	hidden
43390.308					0				0.0	hidden
43427.474					0				0.0	hidden
43459.408					0				0.0	hidden
43475.575					0				0.0	hidden
43501.244					0				0.0	hidden
43517.880					0				0.0	hidden
43551.202					0				0.0	hidden
43584.576					0				0.0	hidden
43601.260					0				0.0	hidden
43634.547					0				0.0	hidden
43651.225					0				0.0	hidden
43683.275					0				0.0	hidden
43701.270					0				0.0	hidden
43717.896					0				0.0	hidden
43751.231					0				0.0	hidden
43768.079					0				0.0	hidden
43795.360					0				0.0	hidden
43827.341					0				0.0	hidden
43843.922					0				0.0	hidden
43875.528					0				0.0	hidden
43891.472					0				0.0	hidden
43923.437					0				0.0	hidden
43955.625					0				0.0	hidden
43971.534					0				0.0	hidden
44001.323					0				0.0	hidden
44017.889					0				0.0	hidden
44051.212					0				0.0	hidden
44083.524					0				0.0	hidden
44099.475					0				0.0	hidden
44131.355					0				0.0	hidden
44147.399					0				0.0	hidden
44179.411					0				0.0	hidden
44201.279					0				0.0	hidden
44217.986					0				0.0	hidden
44248.384					0				0.0	hidden
44264.287					0				0.0	hidden
44295.516					0				0.0	hidden
44327.418					0				0.0	hidden
44342.977					0				0.0	hidden
44374.058					0				0.0	hidden
44388.651					0				0.0	hidden
44421.179					0				0.0	hidden
44451.440					0				0.0	hidden
44467.370					0				0.0	hidden
44500.107					0				0.0	hidden
44516.187					0				0.0	hidden
44547.560					0				0.0	hidden
44579.047					0				0.0	hidden
44594.127					0				0.0	hidden
44625.132					0				0.0	hidden
44641.126					0				0.0	hidden
44672.213					0				0.0	hidden
44701.253					0				0.0	hidden
44717.954					0				0.0	hidden
44751.023					0				0.0	hidden
44767.145					0				0.0	hidden
44798.488					0				0.0	hidden
44829.954					0				0.0	hidden
44845.704					0				0.0	hidden
44877.249					0				0.0	hidden
44894.409					0				0.0	hidden
44924.485					0				0.0	hidden
44955.480					0				0.0	hidden
44968.330					0				0.0	hidden
45001.280					0				0.0	hidden
45018.123					0				0.0	hidden
45049.117					0				0.0	hidden
45080.136					0				0.0	hidden
45095.349					0				0.0	hidden
45123.320					0				0.0	hidden
45139.430					0				0.0	hidden
45171.217					0				0.0	hidden
45201.272					0				0.0	hidden
45217.999					0				0.0	hidden
45251.201					0				0.0	hidden
45267.461					0				0.0	hidden
45299.503					0				0.0	hidden
45331.412					0				0.0	hidden
45347.540					0				0.0	hidden
45379.465					0				0.0	hidden
45395.634					0				0.0	hidden
45426.976					0				0.0	hidden
45451.175					0				0.0	hidden
45467.931					0				0.0	hidden
45501.234					0				0.0	hidden
45523.248					0				0.0	hidden
45551.202					0				0.0	hidden
45584.553					0				0.0	hidden
45601.393					0				0.0	hidden
45632.555					0				0.0	hidden
45648.393					0				0.0	hidden
45679.256					0				0.0	hidden
45701.206					0				0.0	hidden
45717.938					0				0.0	hidden
45748.222					0				0.0	hidden
45767.961					0				0.0	hidden
45796.158					0				0.0	hidden
45827.064					0				0.0	hidden
45843.351					0				0.0	hidden
45875.442					0				0.0	hidden
45892.030					0				0.0	hidden
45923.308					0				0.0	hidden
45951.264					0				0.0	hidden
45967.907					0				0.0	hidden
46001.232					0				0.0	hidden
46017.862					0				0.0	hidden
46051.281					0				0.0	hidden
46083.921					0				0.0	hidden
46100.185					0				0.0	hidden
46131.439					0				0.0	hidden
46147.205					0				0.0	hidden
46179.385					0				0.0	hidden
46201.240					0				0.0	hidden
46217.909					0				0.0	hidden
46251.284					0				0.0	hidden
46267.868					0				0.0	hidden
46301.268					0				0.0	hidden
46339.294					0				0.0	hidden
46351.300					0				0.0	hidden
46384.757					0				0.0	hidden
46397.044					0				0.0	hidden
46419.950					0				0.0	hidden
46451.296					0				0.0	hidden
46467.601					0				0.0	hidden
46500.169					0				0.0	hidden
46515.314					0				0.0	hidden
46547.200					0				0.0	hidden
46579.406					0				0.0	hidden
46595.800					0				0.0	hidden
46627.360					0				0.0	hidden
46643.266					0				0.0	hidden
46675.622					0				0.0	hidden
46701.251					0				0.0	hidden
46717.921					0				0.0	hidden
46751.266					0				0.0	hidden
46767.958					0				0.0	hidden
46801.256					0				0.0	hidden
46834.563					0				0.0	hidden
46851.313					0				0.0	hidden
46883.418					0				0.0	hidden
46899.419					0				0.0	hidden
46931.338					0				0.0	hidden
46951.433					0				0.0	hidden
46967.485					0				0.0	hidden
46999.732					0				0.0	hidden
47017.859					0				0.0	hidden
47047.135					0				0.0	hidden
47079.331	47052.144	480.00	149.00	0.200000	1	42405.865	489.00	149.00	1.4154	stale
47091.886	47068.377	480.00	149.00	0.200000	1	42405.865	489.00	149.00	1.1454	stale
47123.313	47102.669	456.00	149.00	0.225000	1	42405.865	489.00	149.00	1.0828	stale
47139.290	47118.932	456.00	149.00	0.225000	1	42405.865	489.00	149.00	1.0633	stale
47170.340	47155.247	456.00	149.00	0.225000	1	47068.377	480.00	149.00	0.9664	stale
47201.331	47188.785	456.00	149.00	0.225000	1	47088.824	480.00	149.00	1.1074	stale
47217.818	47205.660	456.00	149.00	0.225000	1	47102.669	456.00	149.00	1.1566	stale
47248.611	47239.183	456.00	149.00	0.225000	1	47138.760	456.00	149.00	0.8948	stale
47264.533	47255.721	456.00	149.00	0.225000	1	47155.247	456.00	149.00	1.0083	stale
47300.182	47288.841	456.00	149.00	0.225000	1	47188.785	456.00	149.00	0.9098	stale
47326.187	47305.346	456.00	149.00	0.225000	1	47222.537	456.00	149.00	1.1957	stale
47347.454	47338.873	456.00	149.00	0.225000	1	47239.183	456.00	149.00	0.9037	stale
47373.379	47355.750	456.00	149.00	0.225000	1	47272.425	456.00	149.00	1.7046	stale
47389.368	47372.430	456.00	149.00	0.225000	1	47288.841	456.00	149.00	1.0428	stale
47420.139	47405.479	456.00	149.00	0.225000	1	47305.346	456.00	149.00	0.9207	stale
47452.115	47435.914	433.00	148.00	0.250000	1	47338.873	456.00	149.00	1.0825	ok
47467.956	47452.518	433.00	148.00	0.250000	1	47355.750	456.00	149.00	0.9835	ok
47498.918	47488.599	403.00	130.00	0.281250	1	47389.007	456.00	149.00	0.9311	ok
47517.861	47505.113	403.00	130.00	0.281250	1	47405.479	456.00	149.00	1.0672	ok
47545.342	47522.394	403.00	130.00	0.281250	1	47435.914	433.00	148.00	1.2617	ok
47576.231	47569.168	353.00	101.00	0.333333	1	47472.395	403.00	130.00	1.0036	ok
47601.309	47585.561	353.00	101.00	0.333333	1	47488.599	403.00	130.00	1.2549	ok
47623.023	47605.433	353.00	101.00	0.333333	1	47522.394	403.00	130.00	1.1551	ok
47651.356	47638.673	353.00	101.00	0.333333	1	47539.211	403.00	130.00	1.3737	ok
47683.574	47672.345	353.00	101.00	0.333333	1	47569.168	353.00	101.00	1.3335	ok
47715.516	47702.036	353.00	101.00	0.333333	1	47605.433	353.00	101.00	0.9854	ok
47717.888	47702.036	353.00	101.00	0.333333	1	47605.433	353.00	101.00	0.9099	ok
47751.252	47738.621	353.00	101.00	0.333333	1	47638.673	353.00	101.00	1.0752	ok
47767.916	47754.996	353.00	101.00	0.333333	1	47655.175	353.00	101.00	1.4876	ok
47795.139	47771.783	353.00	101.00	0.333333	1	47685.964	353.00	101.00	1.0461	ok
47827.651	47805.620	353.00	101.00	0.333333	1	47721.994	353.00	101.00	1.0993	ok
47844.105	47822.013	353.00	101.00	0.333333	1	47738.621	353.00	101.00	1.0987	ok
47875.305	47855.583	353.00	101.00	0.333333	1	47771.783	353.00	101.00	1.1019	ok
47891.332	47872.108	353.00	101.00	0.333333	1	47788.804	353.00	101.00	1.1125	ok
47920.371	47905.431	353.00	101.00	0.333333	1	47805.620	353.00	101.00	1.0322	ok
47951.261	47938.847	353.00	101.00	0.333333	1	47838.903	353.00	101.00	1.1044	ok
47967.438	47955.623	353.00	101.00	0.333333	1	47855.583	353.00	101.00	1.3446	ok
47998.393	47988.756	353.00	101.00	0.333333	1	47888.856	353.00	101.00	0.9448	ok
48014.222	48005.283	353.00	101.00	0.333333	1	47905.431	353.00	101.00	0.9763	ok
48045.243	48022.116	353.00	101.00	0.333333	1	47938.847	353.00	101.00	1.0529	ok
48083.504	48072.678	313.00	77.00	0.375000	1	47972.182	353.00	101.00	1.0023	ok
48099.654	48085.967	313.00	77.00	0.375000	1	47988.756	353.00	101.00	0.9619	ok
48123.341	48102.533	313.00	77.00	0.375000	1	48022.116	353.00	101.00	0.9942	ok
48142.298	48119.036	313.00	77.00	0.375000	1	48039.782	353.00	101.00	1.0675	ok
48170.475	48155.406	313.00	77.00	0.375000	1	48056.509	353.00	101.00	1.0525	ok
48201.264	48188.595	313.00	77.00	0.375000	1	48085.967	313.00	77.00	1.2069	ok
48217.855	48205.165	313.00	77.00	0.375000	1	48102.533	313.00	77.00	1.0264	ok
48248.630	48238.881	313.00	77.00	0.375000	1	48135.575	313.00	77.00	1.0112	ok
48264.487	48255.208	313.00	77.00	0.375000	1	48155.406	313.00	77.00	1.1850	ok
48295.356	48271.977	313.00	77.00	0.375000	1	48188.595	313.00	77.00	1.1978	ok
48334.635	48322.157	313.00	77.00	0.375000	1	48222.067	313.00	77.00	1.0621	ok
48351.330	48338.843	313.00	77.00	0.375000	1	48238.881	313.00	77.00	1.0700	ok
48384.663	48372.068	313.00	77.00	0.375000	1	48271.977	313.00	77.00	0.9759	ok
48388.459	48372.068	313.00	77.00	0.375000	1	48271.977	313.00	77.00	1.0023	ok
48434.260	48421.833	313.00	77.00	0.375000	1	48322.157	313.00	77.00	0.9728	ok
48451.196	48438.767	313.00	77.00	0.375000	1	48338.843	313.00	77.00	1.2832	ok
48467.273	48455.514	313.00	77.00	0.375000	1	48355.545	313.00	77.00	1.0167	ok
48498.322	48488.634	313.00	77.00	0.375000	1	48388.635	313.00	77.00	0.9807	ok
48515.096	48505.334	313.00	77.00	0.375000	1	48405.172	313.00	77.00	1.0747	ok
48547.197	48521.953	313.00	77.00	0.375000	1	48438.767	313.00	77.00	0.9855	ok
48579.945	48556.071	313.00	77.00	0.375000	1	48472.028	313.00	77.00	1.0033	ok
48595.394	48572.724	313.00	77.00	0.375000	1	48488.634	313.00	77.00	1.3476	ok
48623.264	48605.550	313.00	77.00	0.375000	1	48521.953	313.00	77.00	1.1290	ok
48643.509	48622.283	313.00	77.00	0.375000	1	48538.723	313.00	77.00	1.3544	ok
48670.332	48655.384	313.00	77.00	0.375000	1	48556.071	313.00	77.00	1.0302	ok
48701.715	48688.762	313.00	77.00	0.375000	1	48588.773	313.00	77.00	1.5257	ok
48717.956	48705.431	313.00	77.00	0.375000	1	48605.550	313.00	77.00	1.0065	ok
48751.180	48738.687	313.00	77.00	0.375000	1	48638.814	313.00	77.00	1.0716	ok
48768.016	48755.294	313.00	77.00	0.375000	1	48655.384	313.00	77.00	1.3488	ok
48801.226	48788.489	313.00	77.00	0.375000	1	48688.762	313.00	77.00	1.0450	ok
48826.428	48805.234	313.00	77.00	0.375000	1	48721.924	313.00	77.00	1.1605	ok
48842.494	48822.121	313.00	77.00	0.375000	1	48738.687	313.00	77.00	1.1190	ok
48874.130	48855.556	313.00	77.00	0.375000	1	48772.016	313.00	77.00	1.1916	ok
48894.224	48872.199	313.00	77.00	0.375000	1	48788.489	313.00	77.00	1.0949	ok
48921.433	48902.918	313.00	77.00	0.375000	1	48805.234	313.00	77.00	1.0453	ok
48951.716	48938.573	313.00	77.00	0.375000	1	48838.735	313.00	77.00	1.1889	ok
48967.282	48955.256	313.00	77.00	0.375000	1	48855.556	313.00	77.00	0.9527	ok
48999.280	48988.540	313.00	77.00	0.375000	1	48889.404	313.00	77.00	0.9985	ok
49017.953	49005.196	313.00	77.00	0.375000	1	48902.918	313.00	77.00	0.9743	ok
49045.481	49022.110	313.00	77.00	0.375000	1	48938.573	313.00	77.00	1.4710	ok
49077.260	49055.999	313.00	77.00	0.375000	1	48972.049	313.00	77.00	1.0438	ok
49092.298	49072.619	313.00	77.00	0.375000	1	48988.540	313.00	77.00	1.1562	ok
49123.484	49102.639	313.00	77.00	0.375000	1	49022.110	313.00	77.00	1.4560	ok
49139.394	49119.201	313.00	77.00	0.375000	1	49038.805	313.00	77.00	1.2689	ok
49171.353	49155.439	313.00	77.00	0.375000	1	49055.999	313.00	77.00	1.0139	ok
49201.172	49188.732	313.00	77.00	0.375000	1	49089.055	313.00	77.00	1.0306	ok
49218.054	49205.397	313.00	77.00	0.375000	1	49102.639	313.00	77.00	1.3896	ok
49251.351	49239.061	313.00	77.00	0.375000	1	49138.979	313.00	77.00	1.0274	ok
49267.301	49252.696	313.00	77.00	0.375000	1	49155.439	313.00	77.00	1.1066	ok
49299.430	49288.602	313.00	77.00	0.375000	1	49188.732	313.00	77.00	1.0054	ok
49332.131	49321.939	313.00	77.00	0.375000	1	49221.921	313.00	77.00	0.9713	ok
49348.255	49338.621	313.00	77.00	0.375000	1	49239.061	313.00	77.00	1.0141	ok
49380.105	49371.900	313.00	77.00	0.375000	1	49269.013	313.00	77.00	0.9711	ok
49396.142	49371.900	313.00	77.00	0.375000	1	49288.602	313.00	77.00	1.2188	ok
49427.207	49405.522	313.00	77.00	0.375000	1	49321.939	313.00	77.00	1.0705	ok
49459.454	49438.650	313.00	77.00	0.375000	1	49355.293	313.00	77.00	1.1460	ok
49467.971	49455.335	313.00	77.00	0.375000	1	49355.293	313.00	77.00	1.0108	ok
49501.204	49488.568	313.00	77.00	0.375000	1	49388.677	313.00	77.00	1.2021	ok
49517.942	49505.166	313.00	77.00	0.375000	1	49405.522	313.00	77.00	1.0072	ok
49555.513	49538.482	313.00	77.00	0.375000	1	49455.335	313.00	77.00	1.0510	ok
49584.592	49572.696	313.00	77.00	0.375000	1	49472.031	313.00	77.00	1.3739	ok
49601.261	49589.300	313.00	77.00	0.375000	1	49488.568	313.00	77.00	1.0046	ok
49634.510	49621.880	313.00	77.00	0.375000	1	49522.029	313.00	77.00	0.9832	ok
49651.221	49638.577	313.00	77.00	0.375000	1	49538.482	313.00	77.00	1.0876	ok
49682.917	49672.212	313.00	77.00	0.375000	1	49572.696	313.00	77.00	0.9505	ok
49714.384	49705.228	313.00	77.00	0.375000	1	49605.292	313.00	77.00	1.4305	ok
49717.961	49705.228	313.00	77.00	0.375000	1	49605.292	313.00	77.00	1.3148	ok
49761.426	49738.497	313.00	77.00	0.375000	1	49655.342	313.00	77.00	1.1510	ok
49767.832	49755.231	313.00	77.00	0.375000	1	49655.342	313.00	77.00	1.6350	ok
49795.476	49769.126	313.00	77.00	0.375000	1	49688.808	313.00	77.00	1.3603	ok
49827.335	49805.347	313.00	77.00	0.375000	1	49722.067	313.00	77.00	1.0953	ok
49843.668	49821.968	313.00	77.00	0.375000	1	49738.497	313.00	77.00	1.1496	ok
49875.711	49855.701	313.00	77.00	0.375000	1	49769.126	313.00	77.00	1.1026	ok
49891.506	49872.107	313.00	77.00	0.375000	1	49785.589	313.00	77.00	1.1116	ok
49923.440	49905.419	313.00	77.00	0.375000	1	49821.968	313.00	77.00	1.4351	ok
49955.477	49938.748	313.00	77.00	0.375000	1	49838.837	313.00	77.00	1.0549	ok
49967.933	49955.437	313.00	77.00	0.375000	1	49855.701	313.00	77.00	1.0129	ok
50001.257	49989.024	313.00	77.00	0.375000	1	49888.530	313.00	77.00	1.1673	ok
50019.768	50002.467	313.00	77.00	0.375000	1	49905.419	313.00	77.00	1.2729	ok
50051.426	50039.072	313.00	77.00	0.375000	1	49938.748	313.00	77.00	1.2206	ok
50076.700	50052.575	313.00	77.00	0.375000	1	49972.095	313.00	77.00	1.2300	ok
50099.620	50089.269	313.00	77.00	0.375000	1	49989.024	313.00	77.00	0.9508	ok
50131.640	50122.120	313.00	77.00	0.375000	1	50018.903	313.00	77.00	0.9679	ok
50142.027	50122.120	313.00	77.00	0.375000	1	50039.072	313.00	77.00	1.3938	ok
50179.274	50155.635	313.00	77.00	0.375000	1	50068.974	313.00	77.00	1.3309	ok
50201.266	50189.057	313.00	77.00	0.375000	1	50089.269	313.00	77.00	1.0370	ok
50218.039	50205.608	313.00	77.00	0.375000	1	50106.118	313.00	77.00	1.0682	ok
50251.281	50238.864	313.00	77.00	0.375000	1	50138.817	313.00	77.00	1.1359	ok
50268.046	50255.459	313.00	77.00	0.375000	1	50155.635	313.00	77.00	1.3322	ok
50301.211	50288.789	313.00	77.00	0.375000	1	50189.057	313.00	77.00	1.4331	ok
50326.578	50305.416	313.00	77.00	0.375000	1	50222.312	313.00	77.00	1.2666	ok
50342.556	50322.169	313.00	77.00	0.375000	1	50238.864	313.00	77.00	1.1418	ok
50374.561	50355.479	313.00	77.00	0.375000	1	50272.329	313.00	77.00	1.1092	ok
50394.240	50372.267	313.00	77.00	0.375000	1	50288.789	313.00	77.00	1.0663	ok
50422.361	50405.260	313.00	77.00	0.375000	1	50322.169	313.00	77.00	1.1002	ok
50451.516	50438.945	313.00	77.00	0.375000	1	50338.696	313.00	77.00	1.5865	ok
50467.518	50455.472	313.00	77.00	0.375000	1	50355.479	313.00	77.00	1.6627	ok
50499.724	50489.130	313.00	77.00	0.375000	1	50388.927	313.00	77.00	1.0995	ok
50515.324	50506.192	313.00	77.00	0.375000	1	50405.260	313.00	77.00	1.0906	ok
50547.952	50538.666	313.00	77.00	0.375000	1	50438.945	313.00	77.00	1.0261	ok
50579.291	50555.093	313.00	77.00	0.375000	1	50472.001	313.00	77.00	1.1174	ok
50595.443	50572.021	313.00	77.00	0.375000	1	50489.130	313.00	77.00	1.1592	ok
50627.391	50605.687	313.00	77.00	0.375000	1	50522.556	313.00	77.00	1.1281	ok
50643.450	50622.142	313.00	77.00	0.375000	1	50538.666	313.00	77.00	1.0784	ok
50676.197	50655.413	313.00	77.00	0.375000	1	50572.021	313.00	77.00	1.0777	ok
50701.271	50689.227	313.00	77.00	0.375000	1	50588.850	313.00	77.00	1.3466	ok
50723.442	50702.893	313.00	77.00	0.375000	1	50622.142	313.00	77.00	1.1083	ok
50751.180	50738.943	313.00	77.00	0.375000	1	50638.622	313.00	77.00	1.0106	ok
50767.859	50755.598	313.00	77.00	0.375000	1	50655.413	313.00	77.00	1.0906	ok
50801.253	50788.882	313.00	77.00	0.375000	1	50689.227	313.00	77.00	1.0684	ok
50834.634	50822.241	313.00	77.00	0.375000	1	50718.984	313.00	77.00	1.0165	ok
50851.298	50838.981	313.00	77.00	0.375000	1	50738.943	313.00	77.00	1.1940	ok
50883.600	50872.201	313.00	77.00	0.375000	1	50772.028	313.00	77.00	1.0072	ok
50899.262	50889.019	313.00	77.00	0.375000	1	50788.882	313.00	77.00	1.0000	ok
50931.403	50922.335	313.00	77.00	0.375000	1	50822.241	313.00	77.00	1.0426	ok
50964.141	50955.291	313.00	77.00	0.375000	1	50855.808	313.00	77.00	0.9612	ok
50967.965	50955.291	313.00	77.00	0.375000	1	50855.808	313.00	77.00	1.4982	ok
51001.268	50988.577	313.00	77.00	0.375000	1	50889.019	313.00	77.00	1.1593	ok
51017.918	51005.242	313.00	77.00	0.375000	1	50906.126	313.00	77.00	0.9889	ok
51051.203	51038.648	313.00	77.00	0.375000	1	50938.722	313.00	77.00	0.9994	ok
51076.029	51055.221	313.00	77.00	0.375000	1	50971.738	313.00	77.00	1.0854	ok
51101.240	51088.779	313.00	77.00	0.375000	1	50988.577	313.00	77.00	0.9682	ok
51123.361	51105.514	313.00	77.00	0.375000	1	51021.982	313.00	77.00	1.1198	ok
51139.381	51122.807	313.00	77.00	0.375000	1	51038.648	313.00	77.00	1.1462	ok
51171.409	51155.456	313.00	77.00	0.375000	1	51055.221	313.00	77.00	1.0170	ok
51203.504	51188.418	313.00	77.00	0.375000	1	51088.779	313.00	77.00	1.0418	ok
51219.452	51204.967	313.00	77.00	0.375000	1	51105.514	313.00	77.00	1.0370	ok
51251.593	51235.918	313.00	77.00	0.375000	1	51139.519	313.00	77.00	1.1640	ok
51267.957	51252.034	313.00	77.00	0.375000	1	51155.456	313.00	77.00	0.9693	ok
51299.235	51288.501	313.00	77.00	0.375000	1	51188.418	313.00	77.00	1.0103	ok
51331.251	51319.348	313.00	77.00	0.375000	1	51222.262	313.00	77.00	0.9435	ok
51347.852	51335.564	313.00	77.00	0.375000	1	51235.918	313.00	77.00	1.0193	ok
51379.233	51355.277	313.00	77.00	0.375000	1	51271.630	313.00	77.00	1.0915	ok
51395.351	51371.801	313.00	77.00	0.375000	1	51288.501	313.00	77.00	1.2768	ok
51427.214	51405.296	313.00	77.00	0.375000	1	51319.348	313.00	77.00	1.0912	ok
51460.186	51438.848	313.00	77.00	0.375000	1	51355.277	313.00	77.00	1.0172	ok
51467.897	51455.534	313.00	77.00	0.375000	1	51355.277	313.00	77.00	1.0093	ok
51501.206	51488.695	313.00	77.00	0.375000	1	51388.634	313.00	77.00	1.0194	ok
51517.855	51505.590	313.00	77.00	0.375000	1	51405.296	313.00	77.00	1.1380	ok
51551.257	51538.688	313.00	77.00	0.375000	1	51438.848	313.00	77.00	1.0804	ok
51584.583	51572.238	313.00	77.00	0.375000	1	51472.069	313.00	77.00	1.0283	ok
51601.237	51588.862	313.00	77.00	0.375000	1	51488.695	313.00	77.00	1.0610	ok
51634.993	51621.885	313.00	77.00	0.375000	1	51522.436	313.00	77.00	1.3201	ok
51644.953	51621.885	313.00	77.00	0.375000	1	51538.688	313.00	77.00	1.3265	ok
51681.083	51671.898	313.00	77.00	0.375000	1	51572.238	313.00	77.00	0.9783	ok
51701.161	51688.856	313.00	77.00	0.375000	1	51588.862	313.00	77.00	1.0106	ok
51717.947	51705.721	313.00	77.00	0.375000	1	51605.251	313.00	77.00	1.0468	ok
51751.332	51738.852	313.00	77.00	0.375000	1	51639.227	313.00	77.00	1.0879	ok
51767.911	51755.906	313.00	77.00	0.375000	1	51655.786	313.00	77.00	1.0615	ok
51795.153	51769.385	313.00	77.00	0.375000	1	51688.856	313.00	77.00	1.1205	ok
51827.116	51805.706	313.00	77.00	0.375000	1	51722.248	313.00	77.00	1.0416	ok
51843.116	51822.276	313.00	77.00	0.375000	1	51738.852	313.00	77.00	1.4679	ok
51875.218	51855.624	313.00	77.00	0.375000	1	51769.385	313.00	77.00	1.1146	ok
51891.673	51885.895	313.00	77.00	0.375000	1	51785.836	313.00	77.00	1.0280	ok
51923.398	51902.170	313.00	77.00	0.375000	1	51822.276	313.00	77.00	1.1418	ok
51955.833	51938.797	313.00	77.00	0.375000	1	51855.624	313.00	77.00	1.3157	ok
51967.922	51955.519	313.00	77.00	0.375000	1	51855.624	313.00	77.00	1.3162	ok
52001.282	51988.648	313.00	77.00	0.375000	1	51885.895	313.00	77.00	1.0244	ok
52017.897	52005.721	313.00	77.00	0.375000	1	51902.170	313.00	77.00	1.0206	ok
52051.260	52038.920	313.00	77.00	0.375000	1	51938.797	313.00	77.00	1.7612	ok
52084.100	52072.255	313.00	77.00	0.375000	1	51972.041	313.00	77.00	1.3312	ok
52099.626	52088.789	313.00	77.00	0.375000	1	51988.648	313.00	77.00	0.9879	ok
52131.412	52122.183	313.00	77.00	0.375000	1	52022.574	313.00	77.00	1.0161	ok
52148.108	52122.183	313.00	77.00	0.375000	1	52038.920	313.00	77.00	0.9916	ok
52180.026	52155.976	313.00	77.00	0.375000	1	52072.255	313.00	77.00	1.1052	ok
52201.371	52189.123	313.00	77.00	0.375000	1	52088.789	313.00	77.00	1.6223	ok
52228.158	52202.600	313.00	77.00	0.375000	1	52122.183	313.00	77.00	1.0525	ok
52251.233	52238.885	313.00	77.00	0.375000	1	52139.447	313.00	77.00	1.2247	ok
52267.877	52255.782	313.00	77.00	0.375000	1	52155.976	313.00	77.00	1.0991	ok
52301.301	52285.716	313.00	77.00	0.375000	1	52189.123	313.00	77.00	1.0729	ok
52334.556	52319.425	313.00	77.00	0.375000	1	52218.852	313.00	77.00	1.0465	ok
52355.649	52336.066	313.00	77.00	0.375000	1	52238.885	313.00	77.00	1.2622	ok
52384.632	52372.058	313.00	77.00	0.375000	1	52269.181	313.00	77.00	1.0313	ok
52401.291	52388.728	313.00	77.00	0.375000	1	52285.716	313.00	77.00	1.1108	ok
52434.586	52422.186	313.00	77.00	0.375000	1	52319.425	313.00	77.00	1.0835	ok
52451.587	52439.057	313.00	77.00	0.375000	1	52336.066	313.00	77.00	1.2196	ok
52468.060	52455.556	313.00	77.00	0.375000	1	52352.182	313.00	77.00	1.1599	ok
52499.484	52488.723	313.00	77.00	0.375000	1	52388.728	313.00	77.00	1.2798	ok
52515.407	52505.396	313.00	77.00	0.375000	1	52405.440	313.00	77.00	1.0061	ok
52548.014	52539.014	313.00	77.00	0.375000	1	52439.057	313.00	77.00	0.9616	ok
52579.883	52555.703	313.00	77.00	0.375000	1	52472.004	313.00	77.00	1.0244	ok
52595.840	52572.151	313.00	77.00	0.375000	1	52488.723	313.00	77.00	1.2535	ok
52627.351	52605.269	313.00	77.00	0.375000	1	52522.169	313.00	77.00	1.0621	ok
52643.444	52622.004	313.00	77.00	0.375000	1	52539.014	313.00	77.00	1.0843	ok
52675.267	52656.034	313.00	77.00	0.375000	1	52572.151	313.00	77.00	1.2346	ok
52701.345	52690.085	313.00	77.00	0.375000	1	52588.732	313.00	77.00	1.1455	ok
52723.211	52703.292	313.00	77.00	0.375000	1	52622.004	313.00	77.00	1.1918	ok
52755.783	52739.206	313.00	77.00	0.375000	1	52638.848	313.00	77.00	1.0056	ok
52767.992	52755.837	313.00	77.00	0.375000	1	52656.034	313.00	77.00	1.4130	ok
52801.321	52789.257	313.00	77.00	0.375000	1	52690.085	313.00	77.00	1.1832	ok
52830.211	52805.780	313.00	77.00	0.375000	1	52721.029	313.00	77.00	1.0081	ok
52842.320	52822.512	313.00	77.00	0.375000	1	52739.206	313.00	77.00	1.0814	ok
52883.969	52872.337	313.00	77.00	0.375000	1	52772.529	313.00	77.00	0.9565	ok
52899.261	52872.337	313.00	77.00	0.375000	1	52789.257	313.00	77.00	1.0819	ok
52931.307	52918.537	313.00	77.00	0.375000	1	52822.512	313.00	77.00	0.9362	ok
52951.302	52936.419	313.00	77.00	0.375000	1	52839.226	313.00	77.00	1.2722	ok
52967.938	52953.346	313.00	77.00	0.375000	1	52855.987	313.00	77.00	0.9667	ok
53001.226	52986.545	313.00	77.00	0.375000	1	52889.287	313.00	77.00	1.6534	ok
53017.889	53003.440	313.00	77.00	0.375000	1	52905.662	313.00	77.00	0.9458	ok
53051.230	53036.765	313.00	77.00	0.375000	1	52936.419	313.00	77.00	0.9982	ok
53076.195	53053.384	313.00	77.00	0.375000	1	52969.956	313.00	77.00	1.1013	ok
53092.298	53070.067	313.00	77.00	0.375000	1	52986.545	313.00	77.00	1.1651	ok
53123.375	53103.607	313.00	77.00	0.375000	1	53020.321	313.00	77.00	1.1268	ok
53139.266	53120.202	313.00	77.00	0.375000	1	53036.765	313.00	77.00	1.1652	ok
53171.401	53153.369	313.00	77.00	0.375000	1	53070.067	313.00	77.00	1.1422	ok
53203.297	53187.109	313.00	77.00	0.375000	1	53086.688	313.00	77.00	1.0795	ok
53217.959	53203.500	313.00	77.00	0.375000	1	53103.607	313.00	77.00	1.0195	ok
53251.381	53236.367	313.00	77.00	0.375000	1	53136.764	313.00	77.00	1.0085	ok
53267.329	53253.135	313.00	77.00	0.375000	1	53153.369	313.00	77.00	1.0033	ok
53300.224	53286.489	313.00	77.00	0.375000	1	53187.109	313.00	77.00	1.0193	ok
53332.000	53320.209	313.00	77.00	0.375000	1	53220.098	313.00	77.00	1.0071	ok
53348.667	53336.860	313.00	77.00	0.375000	1	53236.367	313.00	77.00	1.0777	ok
53379.217	53369.990	312.25	76.33	0.375781	1	53269.984	313.00	77.00	0.9725	ok
53389.008	53369.990	312.25	76.33	0.375781	1	53286.489	313.00	77.00	1.0563	ok
53427.206	53403.357	312.25	76.33	0.375781	1	53320.209	313.00	77.00	1.0856	ok
53459.197	53436.888	312.25	76.33	0.375781	1	53353.517	313.00	77.00	1.1004	ok
53467.925	53453.462	312.25	76.33	0.375781	1	53353.517	313.00	77.00	1.1361	ok
53501.212	53486.980	312.25	76.33	0.375781	1	53386.584	312.25	76.33	1.0218	ok
53518.087	53503.615	312.25	76.33	0.375781	1	53403.357	312.25	76.33	1.0045	ok
53551.257	53536.700	312.25	76.33	0.375781	1	53436.888	312.25	76.33	1.0187	ok
53584.544	53570.089	312.25	76.33	0.375781	1	53470.182	312.25	76.33	1.0232	ok
53601.273	53586.643	312.25	76.33	0.375781	1	53486.980	312.25	76.33	1.4869	ok
53634.700	53619.887	312.25	76.33	0.375781	1	53520.270	312.25	76.33	1.0715	ok
53651.364	53636.840	312.25	76.33	0.375781	1	53536.700	312.25	76.33	1.1933	ok
53683.860	53670.634	312.25	76.33	0.375781	1	53570.089	312.25	76.33	1.0840	ok
53701.192	53687.477	312.25	76.33	0.375781	1	53586.643	312.25	76.33	1.0420	ok
53717.913	53703.988	312.25	76.33	0.375781	1	53603.353	312.25	76.33	1.0146	ok
53751.190	53736.567	204.20	76.33	0.500833	1	53636.840	312.25	76.33	0.9634	ok
53767.864	53753.229	204.20	76.33	0.500833	1	53653.662	312.25	76.33	1.0117	ok
53795.315	53770.209	204.20	76.33	0.500833	1	53687.477	312.25	76.33	1.1540	ok
53826.615	53803.969	150.40	76.33	0.563125	1	53720.344	204.20	76.33	1.2462	ok
53843.539	53819.924	150.40	76.33	0.563125	1	53736.567	204.20	76.33	1.1313	ok
53873.426	53853.416	150.40	76.33	0.563125	1	53770.209	204.20	76.33	1.0968	ok
53891.516	53869.877	150.40	76.33	0.563125	1	53787.604	150.40	76.33	1.6418	ok
53920.103	53903.438	150.40	76.33	0.563125	1	53819.924	150.40	76.33	1.1061	ok
53951.489	53937.076	150.40	76.33	0.563125	1	53836.781	150.40	76.33	1.4713	ok
53967.495	53953.640	150.40	76.33	0.563125	1	53853.416	150.40	76.33	0.9834	stale
53999.527	53986.376	150.40	76.33	0.563125	1	53886.707	150.40	76.33	0.9477	stale
54015.477	54003.022	150.40	76.33	0.563125	1	53903.438	150.40	76.33	1.0013	stale
54047.013	54037.325	150.40	76.33	0.563125	1	53937.076	150.40	76.33	0.9514	stale
54078.179	54069.852	150.40	76.33	0.563125	1	53969.756	150.40	76.33	1.0566	stale
54094.254	54069.852	150.40	76.33	0.563125	1	53986.376	150.40	76.33	1.0319	stale
54126.374	54104.293	150.40	76.33	0.563125	1	54019.964	150.40	76.33	1.2586	stale
54142.240	54120.565	204.20	76.33	0.500833	1	54037.325	150.40	76.33	1.0453	stale
54173.738	54154.009	204.20	76.33	0.500833	1	54069.852	150.40	76.33	1.1306	stale
54201.210	54187.421	258.20	52.00	0.438333	1	54087.208	150.40	76.33	1.1677	ok
54217.954	54204.042	258.20	52.00	0.438333	1	54104.293	150.40	76.33	1.0764	ok
54250.866	54236.893	305.25	75.67	0.383594	1	54137.227	204.20	76.33	1.1963	ok
54267.951	54253.467	305.25	75.67	0.383594	1	54154.009	204.20	76.33	0.9986	ok
54298.360	54286.313	305.25	75.67	0.383594	1	54187.421	258.20	52.00	1.0003	ok
54330.073	54319.848	305.25	75.67	0.383594	1	54220.621	305.25	75.67	0.9613	ok
54345.226	54319.848	305.25	75.67	0.383594	1	54236.893	305.25	75.67	1.0777	ok
54377.203	54354.186	305.25	75.67	0.383594	1	54269.822	305.25	75.67	1.0380	ok
54392.440	54370.164	305.25	75.67	0.383594	1	54286.313	305.25	75.67	1.1617	ok
54424.372	54403.465	305.25	75.67	0.383594	1	54319.848	305.25	75.67	1.2612	ok
54451.722	54436.822	305.25	75.67	0.383594	1	54337.165	305.25	75.67	1.0177	ok
54467.205	54453.606	305.25	75.67	0.383594	1	54354.186	305.25	75.67	1.0133	ok
54499.752	54486.521	305.25	75.67	0.383594	1	54386.615	305.25	75.67	0.9627	ok
54515.158	54503.393	305.25	75.67	0.383594	1	54403.465	305.25	75.67	0.9495	ok
54547.262	54536.635	305.25	75.67	0.383594	1	54436.822	305.25	75.67	0.9508	ok
54580.051	54569.912	305.25	75.67	0.383594	1	54470.096	305.25	75.67	1.0159	ok
54595.307	54569.912	305.25	75.67	0.383594	1	54486.521	305.25	75.67	1.1104	ok
54627.197	54604.004	305.25	75.67	0.383594	1	54520.274	305.25	75.67	1.1829	ok
54643.204	54619.946	305.25	75.67	0.383594	1	54536.635	305.25	75.67	1.0775	ok
54674.082	54653.685	305.25	75.67	0.383594	1	54569.912	305.25	75.67	1.1505	ok
54704.928	54687.226	305.25	75.67	0.383594	1	54604.004	305.25	75.67	1.2612	ok
54718.026	54703.950	305.25	75.67	0.383594	1	54604.004	305.25	75.67	0.9928	ok
54750.812	54738.203	305.25	75.67	0.383594	1	54636.748	305.25	75.67	1.3318	ok
54766.630	54754.879	305.25	75.67	0.383594	1	54653.685	305.25	75.67	0.9845	ok
54798.455	54788.028	305.25	75.67	0.383594	1	54687.226	305.25	75.67	1.0127	ok
54829.191	54804.724	305.25	75.67	0.383594	1	54720.885	305.25	75.67	1.4628	ok
54845.134	54822.092	305.25	75.67	0.383594	1	54738.203	305.25	75.67	1.1371	ok
54876.137	54855.146	305.25	75.67	0.383594	1	54771.599	305.25	75.67	1.0725	ok
54894.219	54871.422	305.25	75.67	0.383594	1	54788.028	305.25	75.67	1.0970	ok
54923.436	54905.075	305.25	75.67	0.383594	1	54822.092	305.25	75.67	1.9275	ok
54954.633	54935.682	305.25	75.67	0.383594	1	54838.972	305.25	75.67	1.0240	ok
54967.874	54951.829	305.25	75.67	0.383594	1	54855.146	305.25	75.67	1.0049	ok
55000.248	54988.208	305.25	75.67	0.383594	1	54888.220	305.25	75.67	1.0388	ok
55017.847	55004.882	305.25	75.67	0.383594	1	54905.075	305.25	75.67	1.0190	ok
55047.407	55038.458	305.25	75.67	0.383594	1	54935.682	305.25	75.67	1.0024	ok
55078.448	55055.215	305.25	75.67	0.383594	1	54971.591	305.25	75.67	1.2603	ok
55094.305	55071.761	305.25	75.67	0.383594	1	54988.208	305.25	75.67	1.1531	ok
55123.290	55105.755	264.20	55.00	0.431458	1	55021.744	305.25	75.67	1.0363	ok
55140.176	55118.916	264.20	55.00	0.431458	1	55038.458	305.25	75.67	1.1619	ok
55171.432	55155.360	264.20	55.00	0.431458	1	55055.215	305.25	75.67	1.0074	ok
55203.358	55188.532	264.20	55.00	0.431458	1	55088.613	305.25	75.67	1.0990	ok
55218.041	55205.597	204.20	55.00	0.500833	1	55105.755	264.20	55.00	1.2736	ok
55250.976	55238.221	204.20	55.00	0.500833	1	55135.380	264.20	55.00	1.2932	ok
55267.136	55254.866	204.20	55.00	0.500833	1	55155.360	264.20	55.00	1.2075	ok
55299.137	55288.090	204.20	55.00	0.500833	1	55188.532	264.20	55.00	0.9799	ok
55330.175	55321.515	204.20	55.00	0.500833	1	55221.946	204.20	55.00	0.9891	ok
55346.560	55321.515	204.20	55.00	0.500833	1	55238.221	204.20	55.00	1.1685	ok
55378.519	55355.273	204.20	55.00	0.500833	1	55271.569	204.20	55.00	1.1003	ok
55389.321	55371.620	204.20	55.00	0.500833	1	55288.090	204.20	55.00	1.1664	ok
55425.451	55405.616	204.20	55.00	0.500833	1	55321.515	204.20	55.00	1.1867	ok
55455.825	55435.778	204.20	55.00	0.500833	1	55355.273	204.20	55.00	1.5669	stale
55467.943	55452.147	204.20	55.00	0.500833	1	55355.273	204.20	55.00	1.0226	stale
55501.107	55488.724	204.20	55.00	0.500833	1	55388.350	204.20	55.00	1.0093	stale
55516.163	55505.442	204.20	55.00	0.500833	1	55405.616	204.20	55.00	0.9981	stale
55548.193	55538.587	204.20	55.00	0.500833	1	55435.778	204.20	55.00	0.9917	stale
55579.253	55555.487	204.20	55.00	0.500833	1	55471.971	204.20	55.00	1.1605	stale
55595.045	55572.123	204.20	55.00	0.500833	1	55488.724	204.20	55.00	1.0786	stale
55627.006	55605.667	204.20	55.00	0.500833	1	55522.078	204.20	55.00	1.0743	stale
55645.026	55622.141	204.20	55.00	0.500833	1	55538.587	204.20	55.00	1.0683	stale
55673.699	55655.481	204.20	55.00	0.500833	1	55572.123	204.20	55.00	1.1872	stale
55705.336	55685.874	204.20	55.00	0.500833	1	55588.773	204.20	55.00	1.1234	stale
55718.046	55702.413	204.20	55.00	0.500833	1	55605.667	204.20	55.00	1.1095	stale
55748.073	55736.116	258.20	52.00	0.438333	1	55638.799	204.20	55.00	1.1464	ok
55763.596	55736.116	258.20	52.00	0.438333	1	55655.481	204.20	55.00	1.4487	ok
55795.378	55769.240	305.25	75.67	0.383594	1	55685.874	204.20	55.00	1.1241	ok
55827.260	55805.234	305.25	75.67	0.383594	1	55722.829	258.20	52.00	1.0704	ok
55843.489	55821.814	305.25	75.67	0.383594	1	55736.116	258.20	52.00	1.1669	ok
55875.244	55855.573	305.25	75.67	0.383594	1	55769.240	305.25	75.67	1.3595	ok
55891.762	55872.284	305.25	75.67	0.383594	1	55785.585	305.25	75.67	1.1804	ok
55923.210	55902.379	305.25	75.67	0.383594	1	55821.814	305.25	75.67	1.1635	ok
55954.182	55938.856	305.25	75.67	0.383594	1	55838.658	305.25	75.67	1.0292	ok
55967.923	55955.221	305.25	75.67	0.383594	1	55855.573	305.25	75.67	0.9993	ok
56001.391	55988.549	305.25	75.67	0.383594	1	55889.038	305.25	75.67	1.5470	ok
56017.997	56005.210	305.25	75.67	0.383594	1	55902.379	305.25	75.67	1.7463	ok
56049.482	56038.724	305.25	75.67	0.383594	1	55938.856	305.25	75.67	0.9889	ok
56080.230	56072.518	305.25	75.67	0.383594	1	55971.819	305.25	75.67	1.0582	ok
56095.217	56072.518	305.25	75.67	0.383594	1	55988.549	305.25	75.67	1.3006	ok
56126.583	56105.465	305.25	75.67	0.383594	1	56022.007	305.25	75.67	1.1094	ok
56141.609	56122.107	305.25	75.67	0.383594	1	56038.724	305.25	75.67	1.0941	ok
56173.418	56155.351	305.25	75.67	0.383594	1	56072.518	305.25	75.67	1.1161	ok
56201.306	56188.864	305.25	75.67	0.383594	1	56088.609	305.25	75.67	1.4302	ok
56217.960	56205.331	305.25	75.67	0.383594	1	56105.465	305.25	75.67	1.0119	ok
56251.237	56239.195	305.25	75.67	0.383594	1	56138.723	305.25	75.67	1.3154	ok
56267.353	56255.804	305.25	75.67	0.383594	1	56155.351	305.25	75.67	1.2030	ok
56299.205	56288.634	305.25	75.67	0.383594	1	56188.864	305.25	75.67	1.0904	ok
56331.109	56321.852	305.25	75.67	0.383594	1	56222.003	305.25	75.67	0.9666	ok
56347.011	56321.852	305.25	75.67	0.383594	1	56239.195	305.25	75.67	0.9581	ok
56378.145	56355.464	305.25	75.67	0.383594	1	56272.039	305.25	75.67	1.0740	ok
56394.550	56371.934	305.25	75.67	0.383594	1	56288.634	305.25	75.67	1.0422	ok
56419.976	56405.544	305.25	75.67	0.383594	1	56305.142	305.25	75.67	1.0419	ok
56451.214	56438.983	305.25	75.67	0.383594	1	56338.741	305.25	75.67	1.2392	ok
56467.540	56455.488	305.25	75.67	0.383594	1	56355.464	305.25	75.67	1.0468	ok
56499.485	56488.614	305.25	75.67	0.383594	1	56388.752	305.25	75.67	0.9967	ok
56515.490	56505.136	305.25	75.67	0.383594	1	56405.544	305.25	75.67	0.9918	ok
56548.189	56538.683	305.25	75.67	0.383594	1	56438.983	305.25	75.67	0.9701	ok
56580.092	56555.279	305.25	75.67	0.383594	1	56471.999	305.25	75.67	0.9727	ok
56596.147	56572.081	305.25	75.67	0.383594	1	56488.614	305.25	75.67	1.1398	ok
56627.274	56605.502	305.25	75.67	0.383594	1	56521.961	305.25	75.67	1.0787	ok
56643.483	56622.069	305.25	75.67	0.383594	1	56538.683	305.25	75.67	1.3064	ok
56675.081	56655.595	305.25	75.67	0.383594	1	56572.081	305.25	75.67	1.3907	ok
56701.303	56689.303	305.25	75.67	0.383594	1	56588.836	305.25	75.67	1.7769	ok
56718.000	56705.675	305.25	75.67	0.383594	1	56605.502	305.25	75.67	1.0336	ok
56751.281	56738.775	305.25	75.67	0.383594	1	56638.920	305.25	75.67	1.6194	ok
56768.035	56755.698	305.25	75.67	0.383594	1	56655.595	305.25	75.67	1.5937	ok
56799.282	56788.547	305.25	75.67	0.383594	1	56689.303	305.25	75.67	0.9663	ok
56830.246	56821.871	305.25	75.67	0.383594	1	56722.141	305.25	75.67	0.9890	ok
56845.325	56821.871	305.25	75.67	0.383594	1	56738.775	305.25	75.67	1.1188	ok
56876.520	56855.445	305.25	75.67	0.383594	1	56772.296	305.25	75.67	1.3486	ok
56894.325	56872.224	305.25	75.67	0.383594	1	56788.547	305.25	75.67	1.0727	ok
56922.536	56905.671	305.25	75.67	0.383594	1	56821.871	305.25	75.67	1.1354	ok
56954.073	56939.012	305.25	75.67	0.383594	1	56838.632	305.25	75.67	0.9958	ok
56967.951	56955.519	305.25	75.67	0.383594	1	56855.445	305.25	75.67	1.0469	ok
57001.426	56988.727	305.25	75.67	0.383594	1	56889.149	305.25	75.67	1.1028	ok
57016.461	57005.532	305.25	75.67	0.383594	1	56905.671	305.25	75.67	1.0463	ok
57048.283	57039.035	292.25	80.67	0.383594	1	56939.012	305.25	75.67	1.4763	ok
57079.285	57069.998	277.25	82.67	0.383594	1	56971.953	305.25	75.67	1.0605	ok
57095.273	57069.998	277.25	82.67	0.383594	1	56988.727	305.25	75.67	1.3514	ok
57123.404	57106.213	257.25	82.67	0.383594	1	57022.334	298.25	78.33	1.2621	ok
57139.523	57121.779	247.25	82.67	0.383594	1	57039.035	292.25	80.67	1.2810	ok
57172.321	57154.525	226.25	82.67	0.383594	1	57069.998	277.25	82.67	1.5969	ok
57201.300	57188.408	209.25	83.50	0.383594	1	57086.252	267.25	82.67	1.6812	ok
57218.041	57204.570	194.25	84.50	0.383594	1	57106.213	257.25	82.67	1.6666	ok
57250.173	57237.910	182.25	85.50	0.383594	1	57137.642	237.25	82.67	1.1311	ok
57267.448	57254.507	177.25	86.50	0.383594	1	57154.525	226.25	82.67	1.0920	ok
57297.445	57287.628	174.25	86.50	0.383594	1	57188.408	209.25	83.50	1.0059	ok
57329.171	57320.127	174.25	86.50	0.383594	1	57221.183	190.25	84.50	1.4538	ok
57345.281	57320.127	174.25	86.50	0.383594	1	57237.910	182.25	85.50	1.0880	ok
57377.186	57353.616	174.25	86.50	0.383594	1	57271.326	175.25	86.50	1.1217	ok
57392.277	57370.094	174.25	86.50	0.383594	1	57287.628	174.25	86.50	1.1019	ok
57424.229	57403.516	174.25	86.50	0.383594	1	57320.127	174.25	86.50	1.2301	ok
57451.306	57436.586	174.25	86.50	0.383594	1	57337.062	174.25	86.50	1.5144	ok
57467.999	57453.130	174.25	86.50	0.383594	1	57353.616	174.25	86.50	0.9857	ok
57501.243	57486.674	174.25	86.50	0.383594	1	57387.022	174.25	86.50	1.0644	ok
57517.931	57503.383	174.25	86.50	0.383594	1	57403.516	174.25	86.50	1.1197	ok
57550.148	57536.970	180.25	86.50	0.383594	1	57436.586	174.25	86.50	1.0439	ok
57582.487	57570.242	189.25	86.50	0.383594	1	57469.746	174.25	86.50	1.0881	ok
57597.444	57586.715	189.25	86.50	0.383594	1	57486.674	174.25	86.50	1.0701	ok
57628.184	57603.711	193.25	86.50	0.383594	1	57520.156	175.25	86.50	0.9833	ok
57643.989	57620.277	193.25	86.50	0.383594	1	57536.970	180.25	86.50	1.0805	ok
57673.477	57653.692	221.25	86.67	0.383594	1	57570.242	189.25	86.50	1.1286	ok
57701.471	57687.405	370.25	86.67	0.383594	1	57586.715	189.25	86.50	1.3034	ok
57717.931	57704.797	403.25	86.75	0.383594	1	57603.711	193.25	86.50	1.1095	ok
57751.282	57737.804	429.25	86.67	0.383594	1	57636.907	221.25	86.67	1.1373	ok
57763.435	57753.890	459.25	86.67	0.383594	1	57653.692	221.25	86.67	1.4228	ok
57796.035	57787.427	473.25	86.67	0.383594	1	57687.405	370.25	86.67	1.0489	ok
57827.617	57803.599	479.25	86.67	0.383594	1	57721.929	429.25	86.67	1.0602	ok
57843.694	57820.261	483.25	84.67	0.383594	1	57737.804	429.25	86.67	1.1656	ok
57875.806	57854.123	493.25	78.67	0.383594	1	57770.879	471.25	86.67	0.9972	ok
57891.234	57870.526	500.25	73.67	0.383594	1	57787.427	473.25	86.67	1.1280	ok
57924.321	57904.433	511.25	61.67	0.383594	1	57820.261	483.25	84.67	1.1587	ok
57951.227	57937.817	520.50	48.67	0.383333	1	57836.990	488.25	81.67	1.2574	ok
57967.993	57954.202	522.50	40.67	0.383333	1	57854.123	493.25	78.67	1.0116	ok
58001.296	57986.826	524.25	24.67	0.383594	1	57886.712	505.25	68.67	1.2685	ok
58017.925	58003.782	523.25	17.67	0.383594	1	57904.433	511.25	61.67	1.0168	ok
58051.371	58036.743	513.25	6.67	0.383594	1	57937.817	520.50	48.67	1.0187	ok
58082.407	58070.207	497.25	3.00	0.383594	1	57970.308	524.50	32.67	1.0614	ok
58098.499	58086.894	488.25	3.00	0.383594	1	57986.826	524.25	24.67	1.0002	ok
58129.950	58120.249	460.25	3.00	0.383594	1	58020.556	519.25	11.67	1.1515	ok
58145.401	58120.249	460.25	3.00	0.383594	1	58036.743	513.25	6.67	1.2977	ok
58177.296	58154.382	431.25	4.67	0.383594	1	58070.207	497.25	3.00	1.0835	ok
58201.200	58187.276	411.25	15.50	0.383594	1	58086.894	488.25	3.00	1.0437	ok
58218.073	58204.589	404.25	22.50	0.383594	1	58103.693	475.25	3.00	1.2388	ok
58251.334	58236.968	399.50	37.67	0.383333	1	58137.680	445.25	3.00	1.2015	ok
58267.974	58253.513	399.50	46.67	0.383333	1	58154.382	431.25	4.67	1.0315	ok
58301.209	58287.692	403.25	66.75	0.383594	1	58187.276	411.25	15.50	1.0991	ok
58333.282	58320.667	412.25	82.50	0.383594	1	58221.090	400.50	29.67	1.0579	ok
58348.431	58336.705	412.25	82.50	0.383594	1	58236.968	399.50	37.67	1.0179	ok
58379.420	58370.250	436.20	95.67	0.383646	1	58270.866	399.50	57.67	1.0301	ok
58394.242	58370.250	436.20	95.67	0.383646	1	58287.692	403.25	66.75	1.3040	ok
58426.172	58403.799	441.40	96.67	0.383437	1	58320.667	412.25	82.50	1.7433	ok
58451.274	58437.198	446.40	96.67	0.383437	1	58336.705	412.25	82.50	1.0188	ok
58467.337	58454.029	448.40	96.67	0.383437	1	58353.531	427.20	91.67	1.0277	ok
58499.121	58486.364	448.20	95.67	0.383646	1	58386.944	438.20	95.67	0.9654	ok
58515.128	58502.925	448.20	95.67	0.383646	1	58403.799	441.40	96.67	1.0620	ok
58547.452	58536.787	404.20	75.50	0.431458	1	58437.198	446.40	96.67	0.9678	ok
58579.644	58553.070	404.20	75.50	0.431458	1	58470.675	448.20	95.67	1.0807	ok
58595.401	58553.070	404.20	75.50	0.431458	1	58486.364	448.20	95.67	1.0117	ok
58627.361	58553.070	404.20	75.50	0.431458	1	58520.244	448.20	95.67	1.1939	ok
58643.357	58553.070	404.20	75.50	0.431458	1	58536.787	404.20	75.50	1.0858	ok
58673.396	58553.070	404.20	75.50	0.431458	1	58553.070	404.20	75.50	1.1464	ok
58701.260	58553.070	404.20	75.50	0.431458	1	58553.070	404.20	75.50	1.0281	ok
58718.014	58553.070	404.20	75.50	0.431458	1	58553.070	404.20	75.50	1.2034	ok
58750.334	58553.070	404.20	75.50	0.431458	1	58553.070	404.20	75.50	1.0587	ok
58765.398	58553.070	404.20	75.50	0.431458	1	58553.070	404.20	75.50	1.0119	ok
58796.240	58553.070	404.20	75.50	0.431458	1	58553.070	404.20	75.50	1.0079	ok
58826.476	58553.070	404.20	75.50	0.431458	1	58553.070	404.20	75.50	1.0713	stale
58842.437	58553.070	404.20	75.50	0.431458	1	58553.070	404.20	75.50	1.1367	stale
58873.426	58553.070	404.20	75.50	0.431458	1	58553.070	404.20	75.50	1.4896	stale
58889.121	58553.070	404.20	75.50	0.431458	1	58553.070	404.20	75.50	1.1675	stale
58931.124	58553.070	404.20	75.50	0.431458	1	58553.070	404.20	75.50	0.9496	stale
58951.181	58553.070	404.20	75.50	0.431458	1	58553.070	404.20	75.50	1.0247	stale
58968.048	58553.070	404.20	75.50	0.431458	1	58553.070	404.20	75.50	1.0682	stale
59001.156	58553.070	404.20	75.50	0.431458	1	58553.070	404.20	75.50	1.0267	stale
59017.865	58553.070	404.20	75.50	0.431458	1	58553.070	404.20	75.50	1.7346	stale
59045.427	58553.070	404.20	75.50	0.431458	1	58553.070	404.20	75.50	0.9957	stale
59076.212					0				0.0	hidden
59092.408					0				0.0	hidden
59123.596					0				0.0	hidden
59140.143					0				0.0	hidden
59172.226					0				0.0	hidden
59201.230	59186.877	132.40	75.50	0.563125	1	58553.070	404.20	75.50	1.5667	stale
59217.952	59203.909	100.40	75.50	0.563125	1	58553.070	404.20	75.50	1.0563	stale
59251.406	59236.967	51.40	75.50	0.563125	1	58553.070	404.20	75.50	1.1965	stale
59267.588	59253.334	51.40	75.50	0.563125	1	58553.070	404.20	75.50	1.0104	stale
59295.998	59270.430	18.40	75.50	0.563125	1	59186.877	132.40	75.50	1.0708	stale
59327.362	59270.430	18.40	75.50	0.563125	1	59220.684	71.40	75.50	1.1862	stale
59343.180	59270.430	18.40	75.50	0.563125	1	59236.967	51.40	75.50	1.1176	stale
59374.078	59270.430	18.40	75.50	0.563125	1	59270.430	18.40	75.50	1.1504	stale
59390.271	59270.430	18.40	75.50	0.563125	1	59270.430	18.40	75.50	1.4466	stale
59421.087	59270.430	18.40	75.50	0.563125	1	59270.430	18.40	75.50	1.1141	stale
59451.324	59270.430	18.40	75.50	0.563125	1	59270.430	18.40	75.50	1.2422	stale
59467.957	59270.430	18.40	75.50	0.563125	1	59270.430	18.40	75.50	1.0345	stale
59501.378	59270.430	18.40	75.50	0.563125	1	59270.430	18.40	75.50	1.3268	stale
59517.103	59270.430	18.40	75.50	0.563125	1	59270.430	18.40	75.50	1.3727	stale
59548.378	59270.430	18.40	75.50	0.563125	1	59270.430	18.40	75.50	1.3075	stale
59580.356	59270.430	18.40	75.50	0.563125	1	59270.430	18.40	75.50	0.9839	stale
59596.333	59270.430	18.40	75.50	0.563125	1	59270.430	18.40	75.50	1.5131	stale
59627.356	59270.430	18.40	75.50	0.563125	1	59270.430	18.40	75.50	0.9651	stale
59643.207	59270.430	18.40	75.50	0.563125	1	59270.430	18.40	75.50	1.1854	stale
59673.941	59270.430	18.40	75.50	0.563125	1	59270.430	18.40	75.50	1.0361	stale
59704.696	59270.430	18.40	75.50	0.563125	1	59270.430	18.40	75.50	1.1122	stale
59717.995	59270.430	18.40	75.50	0.563125	1	59270.430	18.40	75.50	1.3776	stale
59751.304	59270.430	18.40	75.50	0.563125	1	59270.430	18.40	75.50	1.0292	stale
59767.525	59270.430	18.40	75.50	0.563125	1	59270.430	18.40	75.50	1.3826	stale
59795.394					0				0.0	hidden
59827.442					0				0.0	hidden
59844.152					0				0.0	hidden
59876.198					0				0.0	hidden
59892.114					0				0.0	hidden
59924.413					0				0.0	hidden
59951.241					0				0.0	hidden
59967.999					0				0.0	hidden
60001.256					0				0.0	hidden
60018.066					0				0.0	hidden
60048.186					0				0.0	hidden
60080.451					0				0.0	hidden
60096.411					0				0.0	hidden
60126.154					0				0.0	hidden
60142.202					0				0.0	hidden
60173.336					0				0.0	hidden
60203.434					0				0.0	hidden
60218.181					0				0.0	hidden
60249.543					0				0.0	hidden
60267.894					0				0.0	hidden
60296.674					0				0.0	hidden
60327.362					0				0.0	hidden
60342.402					0				0.0	hidden
60373.512					0				0.0	hidden
60401.228					0				0.0	hidden
60420.092					0				0.0	hidden
60451.472					0				0.0	hidden
60467.987					0				0.0	hidden
60499.712					0				0.0	hidden
60515.293					0				0.0	hidden
60547.449					0				0.0	hidden
60579.588					0				0.0	hidden
60595.670					0				0.0	hidden
60623.638					0				0.0	hidden
60643.176					0				0.0	hidden
60671.243					0				0.0	hidden
60701.299					0				0.0	hidden
60717.980					0				0.0	hidden
60750.336					0				0.0	hidden
60765.420					0				0.0	hidden
60797.049					0				0.0	hidden
60828.429					0				0.0	hidden
60844.424					0				0.0	hidden
60875.337					0				0.0	hidden
60893.535					0				0.0	hidden
60923.392					0				0.0	hidden
60951.274					0				0.0	hidden
60970.406					0				0.0	hidden
61000.858					0				0.0	hidden
61017.837					0				0.0	hidden
61048.332					0				0.0	hidden
61076.295					0				0.0	hidden
61094.476					0				0.0	hidden
61124.109					0				0.0	hidden
61139.427					0				0.0	hidden
61171.260					0				0.0	hidden
61202.077					0				0.0	hidden
61218.130					0				0.0	hidden
61249.186					0				0.0	hidden
61267.262					0				0.0	hidden
61296.154					0				0.0	hidden
61327.237					0				0.0	hidden
61343.563					0				0.0	hidden
61374.203					0				0.0	hidden
61390.322					0				0.0	hidden
61422.240					0				0.0	hidden
61451.172					0				0.0	hidden
61468.039					0				0.0	hidden
61501.277					0				0.0	hidden
61517.531					0				0.0	hidden
61548.143					0				0.0	hidden
61579.215					0				0.0	hidden
61595.360					0				0.0	hidden
61626.362					0				0.0	hidden
61644.334					0				0.0	hidden
61673.482					0				0.0	hidden
61701.500					0				0.0	hidden
61718.011					0				0.0	hidden
61751.254					0				0.0	hidden
61764.074					0				0.0	hidden
61796.103					0				0.0	hidden
61827.545					0				0.0	hidden
61843.505					0				0.0	hidden
61876.198					0				0.0	hidden
61892.146					0				0.0	hidden
61924.568					0				0.0	hidden
61951.322					0				0.0	hidden
61970.533					0				0.0	hidden
62001.232					0				0.0	hidden
62017.908					0				0.0	hidden
62049.532					0				0.0	hidden
62081.781					0				0.0	hidden
62097.046					0				0.0	hidden
62128.098					0				0.0	hidden
62141.553					0				0.0	hidden
62175.429					0				0.0	hidden
62207.251					0				0.0	hidden
62218.056					0				0.0	hidden
62251.208					0				0.0	hidden
62268.098					0				0.0	hidden
62301.057					0				0.0	hidden
62332.349					0				0.0	hidden
62348.744					0				0.0	hidden
62379.446					0				0.0	hidden
62394.209					0				0.0	hidden
62419.976					0				0.0	hidden
62451.228					0				0.0	hidden
62467.336					0				0.0	hidden
62499.569					0				0.0	hidden
62515.400					0				0.0	hidden
62547.566					0				0.0	hidden
62579.506					0				0.0	hidden
62595.748					0				0.0	hidden
62627.286					0				0.0	hidden
62643.217					0				0.0	hidden
62675.410					0				0.0	hidden
62701.275					0				0.0	hidden
62717.609					0				0.0	hidden
62751.300					0				0.0	hidden
62764.888					0				0.0	hidden
62801.257					0				0.0	hidden
62834.605					0				0.0	hidden
62851.906					0				0.0	hidden
62883.451					0				0.0	hidden
62894.192					0				0.0	hidden
62929.238					0				0.0	hidden
62951.233					0				0.0	hidden
62975.558					0				0.0	hidden
63001.230	62988.474	10.50	75.50	0.500521	1	59270.430	18.40	75.50	2.0580	stale
63023.294	63002.194	10.50	75.50	0.500521	1	59270.430	18.40	75.50	1.1299	stale
63051.244	63038.534	10.50	75.50	0.500521	1	59270.430	18.40	75.50	1.2535	stale
63084.507	63071.414	10.50	75.50	0.500521	1	59270.430	18.40	75.50	1.5380	stale
63101.445	63088.108	10.50	75.50	0.500521	1	62988.474	10.50	75.50	1.0405	stale
63124.172	63104.960	10.50	75.50	0.500521	1	63018.871	10.50	75.50	1.3133	stale
63140.092	63121.614	10.50	75.50	0.500521	1	63038.534	10.50	75.50	1.1852	stale
63171.400	63155.390	10.50	75.50	0.500521	1	63054.859	10.50	75.50	1.0474	stale
63203.391	63188.225	10.50	75.50	0.500521	1	63088.108	10.50	75.50	1.0115	stale
63217.981	63204.929	10.50	75.50	0.500521	1	63104.960	10.50	75.50	1.2507	stale
63251.358	63238.257	10.50	75.50	0.500521	1	63138.677	10.50	75.50	1.1254	stale
63267.261	63254.774	10.50	75.50	0.500521	1	63155.390	10.50	75.50	0.9536	stale
63299.299	63288.317	10.50	75.50	0.500521	1	63188.225	10.50	75.50	0.9778	stale
63331.251	63321.418	10.50	75.50	0.500521	1	63221.691	10.50	75.50	0.9768	stale
63347.155	63338.150	10.50	75.50	0.500521	1	63238.257	10.50	75.50	0.9831	stale
63379.198	63354.980	10.50	75.50	0.500521	1	63271.523	10.50	75.50	1.1450	stale
63395.329	63372.074	10.50	75.50	0.500521	1	63288.317	10.50	75.50	1.2927	stale
63427.311	63405.265	10.50	75.50	0.500521	1	63321.418	10.50	75.50	1.1082	stale
63451.236	63438.388	10.50	75.50	0.500521	1	63338.150	10.50	75.50	1.5135	stale
63468.007	63454.979	10.50	75.50	0.500521	1	63354.980	10.50	75.50	1.0012	stale
63501.221	63488.158	10.50	75.50	0.500521	1	63388.975	10.50	75.50	1.0187	stale
63517.913	63504.866	10.50	75.50	0.500521	1	63405.265	10.50	75.50	1.5293	stale
63551.285	63538.295	10.50	75.50	0.500521	1	63438.388	10.50	75.50	1.6897	stale
63584.431	63571.423	10.50	75.50	0.500521	1	63471.630	10.50	75.50	1.6155	stale
63600.617	63588.337	10.50	75.50	0.500521	1	63488.158	10.50	75.50	1.0957	stale
63632.688	63621.470	10.50	75.50	0.500521	1	63521.838	10.50	75.50	0.9695	stale
63645.301	63621.470	10.50	75.50	0.500521	1	63538.295	10.50	75.50	1.3725	stale
63679.171	63655.089	10.50	75.50	0.500521	1	63571.423	10.50	75.50	1.0745	stale
63701.154	63688.475	10.50	75.50	0.500521	1	63588.337	10.50	75.50	1.0067	stale
63718.018	63705.223	10.50	75.50	0.500521	1	63605.148	10.50	75.50	1.0571	stale
63748.122	63738.521	10.50	75.50	0.500521	1	63638.221	10.50	75.50	1.0210	stale
63763.583	63738.521	10.50	75.50	0.500521	1	63655.089	10.50	75.50	1.0315	stale
63795.277	63772.332	10.50	75.50	0.500521	1	63688.475	10.50	75.50	1.0584	stale
63827.371	63804.957	10.50	75.50	0.500521	1	63721.867	10.50	75.50	1.1006	stale
63843.363	63821.522	10.50	75.50	0.500521	1	63738.521	10.50	75.50	1.0736	stale
63875.564	63855.064	10.50	75.50	0.500521	1	63772.332	10.50	75.50	1.6360	stale
63892.184	63871.857	10.50	75.50	0.500521	1	63788.377	10.50	75.50	1.3976	stale
63924.035	63905.284	10.50	75.50	0.500521	1	63821.522	10.50	75.50	1.1462	stale
63955.608	63938.766	10.50	75.50	0.500521	1	63855.064	10.50	75.50	1.2150	stale
63967.902	63955.447	10.50	75.50	0.500521	1	63855.064	10.50	75.50	1.3365	stale
64001.296	63988.553	10.50	75.50	0.500521	1	63888.549	10.50	75.50	1.1410	stale
64017.987	64005.496	10.50	75.50	0.500521	1	63905.284	10.50	75.50	1.5249	stale
64051.300	64038.410	10.50	75.50	0.500521	1	63938.766	10.50	75.50	1.2176	stale
64083.374	64072.010	10.50	75.50	0.500521	1	63972.018	10.50	75.50	0.9773	stale
64099.500	64088.828	10.50	75.50	0.500521	1	63988.553	10.50	75.50	1.0232	stale
64131.393	64121.833	10.50	75.50	0.500521	1	64021.958	10.50	75.50	1.0151	stale
64146.577	64121.833	10.50	75.50	0.500521	1	64038.410	10.50	75.50	1.1207	stale
64178.051	64155.515	10.50	75.50	0.500521	1	64072.010	10.50	75.50	1.0862	stale
64208.505	64188.648	10.50	75.50	0.500521	1	64105.322	10.50	75.50	1.1579	stale
64218.004	64205.404	10.50	75.50	0.500521	1	64105.322	10.50	75.50	1.3945	stale
64251.221	64238.767	10.50	75.50	0.500521	1	64138.718	10.50	75.50	1.6566	stale
64267.952	64255.339	10.50	75.50	0.500521	1	64155.515	10.50	75.50	0.9933	stale
64301.306	64288.533	10.50	75.50	0.500521	1	64188.648	10.50	75.50	0.9909	stale
64333.406	64321.777	10.50	75.50	0.500521	1	64221.951	10.50	75.50	0.9724	stale
64349.429	64338.680	10.50	75.50	0.500521	1	64238.767	10.50	75.50	0.9921	stale
64380.528	64371.982	10.50	75.50	0.500521	1	64271.741	10.50	75.50	0.9873	stale
64394.609	64371.982	10.50	75.50	0.500521	1	64288.533	10.50	75.50	1.2095	stale
64427.208	64403.028	10.50	75.50	0.500521	1	64321.777	10.50	75.50	1.0741	stale
64451.239	64438.609	10.50	75.50	0.500521	1	64338.680	10.50	75.50	1.1378	stale
64467.481	64455.433	10.50	75.50	0.500521	1	64355.611	10.50	75.50	0.9972	stale
64499.320	64488.647	10.50	75.50	0.500521	1	64389.504	10.50	75.50	0.9698	stale
64515.388	64505.216	10.50	75.50	0.500521	1	64403.028	10.50	75.50	0.9702	stale
64547.383	64538.334	10.50	75.50	0.500521	1	64438.609	10.50	75.50	1.0246	stale
64579.901	64555.320	10.50	75.50	0.500521	1	64472.029	10.50	75.50	1.0694	stale
64596.023	64585.819	10.50	75.50	0.500521	1	64488.647	10.50	75.50	1.3927	stale
64627.482	64602.258	10.50	75.50	0.500521	1	64521.640	10.50	75.50	1.1044	stale
64643.527	64621.818	10.50	75.50	0.500521	1	64538.334	10.50	75.50	1.5483	stale
64675.599	64652.570	10.50	75.50	0.500521	1	64572.338	10.50	75.50	1.1071	stale
64701.367	64688.722	10.50	75.50	0.500521	1	64585.819	10.50	75.50	1.0472	stale
64717.985	64705.288	10.50	75.50	0.500521	1	64602.258	10.50	75.50	1.0172	stale
64751.264	64738.632	10.50	75.50	0.500521	1	64638.899	10.50	75.50	1.0480	stale
64767.935	64755.602	10.50	75.50	0.500521	1	64652.570	10.50	75.50	1.1184	stale
64800.346	64789.523	10.50	75.50	0.500521	1	64688.722	10.50	75.50	1.0643	stale
64828.037	64806.108	10.50	75.50	0.500521	1	64721.796	10.50	75.50	1.0543	stale
64847.122	64838.743	10.50	75.50	0.500521	1	64738.632	10.50	75.50	0.9571	stale
64877.379	64855.399	10.50	75.50	0.500521	1	64772.424	10.50	75.50	1.0961	stale
64894.045	64871.940	10.50	75.50	0.500521	1	64789.523	10.50	75.50	1.0483	stale
64924.466	64905.792	10.50	75.50	0.500521	1	64822.171	10.50	75.50	1.1323	stale
64955.082	64938.774	10.50	75.50	0.500521	1	64838.743	10.50	75.50	1.0000	stale
64967.996	64955.223	10.50	75.50	0.500521	1	64855.399	10.50	75.50	0.9972	stale
65001.247	64988.734	10.50	75.50	0.500521	1	64889.155	10.50	75.50	0.9887	stale
65017.881	65005.264	10.50	75.50	0.500521	1	64905.792	10.50	75.50	1.6410	stale
